-- phpMyAdmin SQL Dump
-- version 5.2.1
-- https://www.phpmyadmin.net/
--
-- Host: 127.0.0.1
-- Generation Time: Feb 09, 2026 at 08:28 AM
-- Server version: 10.4.32-MariaDB
-- PHP Version: 8.0.30

SET SQL_MODE = "NO_AUTO_VALUE_ON_ZERO";
START TRANSACTION;
SET time_zone = "+00:00";


/*!40101 SET @OLD_CHARACTER_SET_CLIENT=@@CHARACTER_SET_CLIENT */;
/*!40101 SET @OLD_CHARACTER_SET_RESULTS=@@CHARACTER_SET_RESULTS */;
/*!40101 SET @OLD_COLLATION_CONNECTION=@@COLLATION_CONNECTION */;
/*!40101 SET NAMES utf8mb4 */;

--
-- Database: `tax_db`
--

-- --------------------------------------------------------

--
-- Table structure for table `combined_data`
--

CREATE TABLE `combined_data` (
  `pid` varchar(13) NOT NULL COMMENT 'เลขบัตรประชาชน',
  `prefix` int(11) DEFAULT NULL COMMENT 'คำนำหน้าชื่อ',
  `fname` varchar(14) DEFAULT NULL COMMENT 'ชื่อ',
  `lname` varchar(23) DEFAULT NULL COMMENT 'นามสกุล',
  `role_id` int(11) NOT NULL COMMENT 'ตำแหน่ง'
) ENGINE=InnoDB DEFAULT CHARSET=utf8 COLLATE=utf8_general_ci;

--
-- Dumping data for table `combined_data`
--

INSERT INTO `combined_data` (`pid`, `prefix`, `fname`, `lname`, `role_id`) VALUES
('1100200970949', 3, 'อรวรรณ', 'โคตรภูเขียว', 1),
('1100201051181', 3, 'ปริฉัตร', 'อินนั่งแท่น', 1),
('1100600293715', 1, 'ศิรสิทธิ์', 'สิทธิโชคตระกูล', 1),
('1100702886766', 3, 'เจติยา', 'แซ่จึง', 1),
('1100800702031', 1, 'พลวิทย์', 'ชลธารอุดมลาภ', 1),
('1101400669518', 3, 'เมธาพร', 'สงกานต์ทิพ', 1),
('1101400791160', 3, 'ฟองสิริ', 'ธรรมธิกูล', 1),
('1101800408908', 1, 'ยศศักดิ์', 'นุชหรั่ง', 1),
('1102000024332', 1, 'ประยง', 'ตรินันต์', 1),
('1103100432336', 1, 'สาธิต', 'บุญเมืองขวา', 1),
('1103700324101', 2, 'เกษมณี', 'อธิรัตนมงคล', 1),
('1103700444734', 2, 'มานิตา', 'สุขชม', 1),
('1103700550071', 1, 'กุลภัทร์', 'กรินรักษ์', 1),
('1103700582495', 3, 'วิจิตรา', 'สุริย์วงศ์', 1),
('1103700617299', 1, 'อวิรุทธ์', 'วิชัยศรี', 1),
('1103700874682', 1, 'ณัฐพงศ์', 'สีชะนะ', 1),
('1103701159278', 1, 'ธีระวีร์', 'วีรพัชรางกูร', 1),
('1103701262613', 4, 'ณัฐฐินันท์', 'โยมงาม', 1),
('1119900614396', 3, 'กชพร', 'จักรสาร', 1),
('1149900112919', 1, 'พิภพภัทร์', 'มัดฉิมา', 1),
('1149900289622', 1, 'ธนวัฒน์', 'พรามนาค', 1),
('1160100374732', 1, 'กรกฏ', 'อุ่นเรือน', 1),
('1200100449596', 3, 'วรรษวรรณ', 'พรรณรัตน์', 1),
('1209700391511', 1, 'ปาณัสม์', 'ชุมภูยาละ', 1),
('1229900555003', 3, 'บรรณฑรวรรณ', 'อินต๊ะวงศ์ษา', 1),
('1269900098591', 3, 'กวิลัยพร', 'พันธ์ศิริ', 1),
('1300100127768', 3, 'สุกัญญา', 'เชื้อหลุบโพธิ์', 1),
('1301300187871', 3, 'กุสุมา', 'ดงสงคราม', 1),
('1309900561045', 3, 'นิศารัตน์', 'พันธุ์เดช', 1),
('1320900194281', 3, 'เยาวมาลย์', 'เชี่ยวชาญ', 1),
('1330500163044', 3, 'ศิริพรรณ', 'ผิวเรือง', 1),
('1360400184937', 3, 'พีรญาดา', 'สาหนองหม้อ', 1),
('1400600066236', 2, 'รวิวรรณ', 'พรมส้มซ่า', 1),
('1409800295946', 4, 'ยุภาพร', 'ลาบ้านเพิ่ม', 1),
('1410600137711', 1, 'วัชราวุฒิ', 'บริบาล', 1),
('1410900056341', 1, 'พรชัย', 'ร่มวาปี', 1),
('1411100100550', 2, 'ณัฐวดี', 'ธรรมเดชะ', 1),
('1411300114988', 3, 'กายทิพย์', 'แจ่มจันทร์', 1),
('1411390004222', 3, 'ปาหนัน', 'กันหาสินธุ์', 1),
('1419900290415', 3, 'ศิรประภา', 'บัวคอม', 1),
('1420300056359', 1, 'มาโนช', 'พงษ์ปรีชา', 1),
('1429900223360', 3, 'จินดารัตน์', 'กรจันทร์', 1),
('1450200184835', 1, 'ณัฐกร', 'สุนนท์นาม', 1),
('1470100045655', 3, 'วินัฎฐา', 'นันตะสุข', 1),
('1480100112301', 3, 'อ้อยฤทัย', 'ลีมุน', 1),
('1500200029073', 3, 'สาวิตรี', 'มูลย่อง', 1),
('1500200109026', 3, 'ภูษณิศา', 'นาถธราดล', 1),
('1500200145600', 3, 'สุนิษา', 'จำปาศรี', 1),
('1500200148986', 3, 'รุจิตา', 'ปัญญาแก้ว', 1),
('1500201204782', 3, 'อิสริยาภรณ์', 'สุวรรณ์', 1),
('1500400073432', 1, 'นราธิป', 'อินทรปัญญา', 1),
('1500700169290', 1, 'โฆษิต', 'เรือนชื่น', 1),
('1500701275239', 1, 'ปุณยวีร์', 'ฉลองสัพพัญญู', 1),
('1500900191833', 3, 'กรณัฐ', 'มาตี๋', 1),
('1500900201197', 2, 'สิโรธร', 'แก้วเมืองมา', 1),
('1501100068205', 3, 'ณันท์นภัส', 'ทรายคำ', 1),
('1501200105684', 1, 'ธนภัทร', 'ไชยยา', 1),
('1501600091338', 3, 'ดุริยา', 'มานะจิตร์', 1),
('1501800004625', 1, 'พีรดนย์', 'พีระพัฒนกุล', 1),
('1501800065811', 1, 'พัฒนกรณ์', 'เพียงขวัญหทัย', 1),
('1501801140549', 1, 'นิพนธ์', 'เพาพาน', 1),
('1501900074901', 1, 'สุทธิพันธ์', 'พันธ์สุทธิ', 1),
('1502000004257', 3, 'วราภรณ์', 'ใจสม', 1),
('1502100006154', 3, 'ธิดาพร', 'เซอร์', 1),
('1505100012653', 3, 'นงนภัส', 'ตาบุรี', 1),
('1505300005693', 3, 'กมลชนก', 'แสนกันทา', 1),
('1509900011221', 3, 'ปณิดา', 'ขัดสงคราม', 1),
('1509900020077', 2, 'อัมไพพรรณ', 'ไวทย์เวทย์', 1),
('1509900028027', 3, 'ประภาพร', 'โล่ตระกูล', 1),
('1509900031770', 3, 'มณีชญา', 'กัณทวีชัย', 1),
('1509900033233', 2, 'ศิริรัตน์', 'ณ เชียงใหม่', 1),
('1509900039487', 1, 'พศิน', 'อุตสาสาร', 1),
('1509900050537', 3, 'ปุรวดา', 'สุใจยา', 1),
('1509900057213', 1, 'อลงกรณ์', 'จอมขันเงิน', 1),
('1509900072875', 3, 'ชัชฏาภรณ์', 'หงษ์นวล', 1),
('1509900074207', 1, 'วิฑูรย์', 'สุธรรม', 1),
('1509900077745', 1, 'นาวิน', 'พูลสวัสดิ์', 1),
('1509900092230', 3, 'จันจิรา', 'กิติเวียง', 1),
('1509900118867', 3, 'กรรณิการ์', 'สิงห์กาศ', 1),
('1509900120594', 3, 'วิไลพรรณ', 'ใจเพียร', 1),
('1509900127777', 1, 'สามารถ', 'สุยะยอง', 1),
('1509900131952', 2, 'ธนิดา', 'ปิงคะยอม', 1),
('1509900139597', 1, 'ชนชนกร', 'คำตื้อ', 1),
('1509900151589', 2, 'ทิวาพร', 'วัฒนานุกร', 1),
('1509900154847', 1, 'ธนกฤต', 'บุญทาจันทร์', 1),
('1509900157480', 3, 'ตรียามาส', 'อนุชัย', 1),
('1509900163293', 3, 'ลักษิกา', 'ศรีไม้', 1),
('1509900179092', 1, 'ณัชนนท์', 'แสนศรี', 1),
('1509900181607', 2, 'มะลิวัลย์', 'ขวัญกิจศักดา', 1),
('1509900188792', 1, 'สิริพันธุ์', 'จันทราศรี', 1),
('1509900198640', 1, 'สรศักดิ์', 'ไชยเฉพาะ', 1),
('1509900200971', 1, 'วีรวัฒน์', 'คำมะยอม', 1),
('1509900201560', 3, 'สุดารัตน์', 'เปียงน้อย', 1),
('1509900206456', 3, 'ธัญชญาภรณ์', 'ธิมายอม', 1),
('1509900213096', 1, 'พิชิต', 'พลหาญ', 1),
('1509900230667', 3, 'เชิญขวัญ', 'ปิงใจ', 1),
('1509900256186', 2, 'สุพรรษา', 'เที่ยงสิริกูล', 1),
('1509900275725', 3, 'อัมพิกา', 'ติ๊บกวาง', 1),
('1509900283906', 3, 'มณฑิรา', 'ปัญญาราษฏร์', 1),
('1509900286573', 4, 'พัชรวัฒน์', 'วัฒนเจริญกูร', 1),
('1509900289505', 4, 'รชฏ', 'หมอศาสตร์', 1),
('1509900358175', 1, 'ภัคพล', 'ทะแกล้วพันธุ์', 1),
('1509900361567', 3, 'อภิรดี', 'กองบุญ', 1),
('1509900365988', 1, 'อภิวัฒน์', 'อภิวงค์งาม', 1),
('1509900373158', 3, 'นิตยา', 'สิงห์คำ', 1),
('1509900386586', 3, 'ธัญวรัตน์', 'เจริญจิตร์', 1),
('1509900387574', 2, 'รุ่งอรุณ', 'รักราชการ', 1),
('1509900387931', 3, 'วราภรณ์', 'อุพิริ', 1),
('1509900389241', 3, 'ณัฐรินีย์', 'วัฒนาพันธ์', 1),
('1509900409373', 3, 'กฤตยพร', 'สุรินทร์คำ', 1),
('1509900412412', 3, 'ศิรินทิพย์', 'รุมารถ', 1),
('1509900428262', 3, 'รัตนาภรณ์', 'เอี่ยมแสง', 1),
('1509900430437', 3, 'กนกพร', 'เตชะติ', 1),
('1509900436800', 3, 'อัจจิมา', 'ศิริสูตร', 1),
('1509900450411', 3, 'สุรางคณา', 'ศรีสวัสดิ์', 1),
('1509900453712', 3, 'เกศสุดา', 'สมบูรณ์', 1),
('1509900479827', 2, 'กานต์ธิดา', 'องคุณา', 1),
('1509900489091', 3, 'แพรว', 'บุญพร้อมอาษา', 1),
('1509900493722', 3, 'ภิรดา', 'บุญศิริชัย', 1),
('1509900513529', 1, 'ฐานันดร์', 'สุริวรรณ', 1),
('1509900585511', 3, 'อรพรรณ', 'คำกาศ', 1),
('1509900592577', 1, 'วิทยา', 'ตะนันกลาง', 1),
('1509900623600', 1, 'ศาสตราวุธ', 'ประกายมณี', 1),
('1509900659353', 3, 'พัชรารัตน์', 'ขัดแสน', 1),
('1509900667640', 3, 'จิรนันท์', 'แก้วรวม', 1),
('1509900691176', 3, 'สุคนธ์ทิพย์', 'แก้วกิติ', 1),
('1509900715245', 1, 'ณฐพล', 'พงษ์ธรรม', 1),
('1509900741831', 2, 'พิมพ์พิชชา', 'หวายสันเทียะ', 1),
('1509900766672', 1, 'ชานนทร์', 'สุภายอง', 1),
('1509900800005', 3, 'พิมพ์ชนก', 'กันทะวัง', 1),
('1509900840635', 3, 'ศศิธร', 'ณ วันจันทร์', 1),
('1509900859123', 3, 'สุรินทร์', 'อุ่นแสน', 1),
('1509900935083', 4, 'ภิญญาพัชญ์', 'สุธรรมยอง', 1),
('1509900983240', 2, 'ณัฐธิดา', 'เสรีสว่างนิคม', 1),
('1509900989451', 3, 'กนกวรรณ', 'ลือศักดิ์', 1),
('1509900996295', 3, 'ปรียาภรณ์', 'จันตาเวียง', 1),
('1509901018807', 3, 'กนกวรรณ', 'ฟุงฟู', 1),
('1509901023878', 3, 'ณัฐกานต์', 'กาบศรี', 1),
('1509901025374', 1, 'ทรงศักดิ์', 'สมพัตร์', 1),
('1509901028349', 3, 'ศุภลักษณ์', 'ขวัญสวัสดิ์', 1),
('1509901033326', 1, 'ปฏิพัฒน์', 'ติดทะ', 1),
('1509901050301', 1, 'จิระศักดิ์', 'วิยะ', 1),
('1509901081321', 3, 'กิติยา', 'นันตาบุญ', 1),
('1509901112676', 3, 'อรนุช', 'ทาระศักดิ์ ', 1),
('1509901112820', 1, 'จิรายุส', 'เลิศบุรีทวีทรัพย์', 1),
('1509901119808', 3, 'ดารุณี', 'คำนวล', 1),
('1509901125298', 1, 'ภาณุพงศ์', 'น้อยสะปุ๋ง', 1),
('1509901125786', 1, 'สุพัฒพงศ์', 'พรหมสวรรค์', 1),
('1509901158021', 3, 'กมลชนก', 'อินต๊ะโมงค์', 1),
('1509901161693', 3, 'กฤติยา', 'ปาตีคำ', 1),
('1509901164161', 3, 'ธนัญญา', 'สุขรัตน์', 1),
('1509901165591', 3, 'ธัญกมล', 'บุญยะสิงห์', 1),
('1509901165877', 1, 'อมรเทพ', 'ถาน้อย', 1),
('1509901184774', 1, 'ณิชพน', 'สนิทา', 1),
('1509901187498', 3, 'สุดาพร', 'ติ๊บปาละ', 1),
('1509901197019', 3, 'หฤทัย', 'ไชยวงค์', 1),
('1509901208291', 3, 'อัจฉราพร', 'กันทา', 1),
('1509901209050', 1, 'ทณัฐ', 'วรรณภิระ', 1),
('1509901213600', 1, 'สมโชค', 'เมืองเมฆ', 1),
('1509901217516', 1, 'จานุวัฒน์', 'สุภาษี', 1),
('1509901218768', 3, 'กฤติยาภรณ์', 'สิทธิตัน', 1),
('1509901258255', 4, 'ณัฐพงษ์', 'ยาตรา', 1),
('1509901266347', 1, 'ศรัณย์', 'กัณทาทรัพย์', 1),
('1509901309003', 3, 'บุศมาพร', 'กันทะวัง', 1),
('1509901326731', 3, 'จิณณ์พัชฌาณ์', 'วงค์ตันกาศ', 1),
('1509901329578', 3, 'พิชญา', 'คำรังษี', 1),
('1509901337325', 3, 'พัชริดา', 'ริยะป่า', 1),
('1509901343759', 3, 'วิจิตรา', 'สารมูล', 1),
('1509901372376', 4, 'ณัฐธนา', 'นามเทพ', 1),
('1509901388167', 3, 'รัชนีกร', 'กันคำ', 1),
('1509901388868', 3, 'ธนัชพร', 'พาสุริยันต์', 1),
('1509901399479', 1, 'รุ่งโรจน์', 'ยามมี', 1),
('1509901419666', 2, 'ลักขณา', 'วสุรัตน์รุ่งเรือง', 1),
('1509901440339', 3, 'พัชราภรณ์', 'ทองสมนึก', 1),
('1509901455671', 3, 'กีรติกา', 'อินทร์ชัย', 1),
('1509901473741', 3, 'เอมพิกา', 'จันต๊ะเวียง', 1),
('1509901504370', 3, 'กนกวรรณ', 'แก้วตุ้ย', 1),
('1509901516068', 3, 'อังคณา', 'โพธาศรี', 1),
('1509901531962', 1, 'ทักษ์ดนัย', 'ญาณะ', 1),
('1509901577806', 3, 'จุฑามาศ', 'กันทะวัง', 1),
('1509901594867', 3, 'ธมนวรรณ', 'สูตรเลข', 1),
('1509901614884', 3, 'พิชชาภา', 'ตรียกูล', 1),
('1509901621945', 1, 'ธนากร', 'สร้อยเสพ', 1),
('1509901644201', 3, 'สุประวีณ์', 'สังสถิตย์', 1),
('1509901650210', 3, 'ศิริปราณ', 'จรรย์สืบศรี', 1),
('1509901674879', 3, 'ณัฐธยาน์', 'จ๊ะถา', 1),
('1509901714731', 1, 'ธนวรรธน์', 'ชัยยา', 1),
('1509901721109', 3, 'อัจฉิมา', 'พันธุ์อร่าม', 1),
('1509901739253', 3, 'สโรชินี', 'สิทัน', 1),
('1509960002962', 3, 'อาทิตยา', 'แสนแก้วกาศ', 1),
('1509963017537', 3, 'นภัสร์วรัญชญ์', 'ศรีวิชัย', 1),
('1509963050747', 3, 'สุพิชญา', 'แดงชัย', 1),
('1509963061862', 1, 'อนาวิล', 'อินใจ', 1),
('1509966121700', 1, 'วัฒนพนธ์', 'บุญปั๋น', 1),
('1509970057859', 3, 'ชิตตะวัน', 'ประสานชาติ', 1),
('1509970127911', 3, 'ปัญญ์ชลี', 'บ้านเรือน', 1),
('1509970132303', 3, 'ธัญชนก', 'มั่นคง', 1),
('1510100001878', 3, 'สุชาดา', 'พุทธเดชากุล', 1),
('1510100004320', 1, 'บรรยง', 'ทิพยอด', 1),
('1510100004486', 3, 'นิตยา', 'นภากาศ', 1),
('1510100005423', 2, 'พรรณภัชร์', 'พีระพัฒนสกุล', 1),
('1510100006071', 1, 'กฤษณะพงศ์', 'สงคง', 1),
('1510100006870', 2, 'พรพรรณ', 'ตันทะเขตร์', 1),
('1510100008066', 3, 'พัชราภรณ์', 'จันทร์ตาธรรม', 1),
('1510100011393', 1, 'อัตสิริ', 'ศรีวิราช', 1),
('1510100013876', 2, 'พัชราภรณ์', 'ทองมาก', 1),
('1510100013965', 3, 'วิวาห์พร', 'นามธง', 1),
('1510100019572', 2, 'นันท์นภัส', 'ชลยศปกรณ์', 1),
('1510100021984', 1, 'วีรชัย', 'อายุวรรณา', 1),
('1510100022263', 1, 'ศักดิ์นรินทร์', 'รักอ่อน', 1),
('1510100022638', 1, 'สหัสนัยน์', 'จิตรกุล', 1),
('1510100022883', 3, 'อังคณา', 'ดวงสอาด', 1),
('1510100024525', 3, 'สุภานัน', 'ปัญญาใหญ่', 1),
('1510100026188', 1, 'ทวีวัฒน์', 'มณีจักร์', 1),
('1510100028261', 3, 'รัชชดา', 'มะโนวงศ์', 1),
('1510100055315', 3, 'ณปภัช', 'ไชยวงค์ษา', 1),
('1510100116659', 3, 'อุบลรัตน์', 'สุภายอง', 1),
('1510100121890', 3, 'ภีระพร', 'แสนระแหง', 1),
('1510100121954', 2, 'วรัญญา', 'ถาวรวิสุทธิ์', 1),
('1510100129599', 3, 'ปาณิสรา', 'พิมพิรัตน์', 1),
('1510100144342', 3, 'พรรษา', 'ชายน้อย', 1),
('1510100153490', 3, 'หทัยรัตน์', 'โปธาคำ', 1),
('1510100156103', 3, 'พัชรี', 'วิรัตน์พฤกษ์', 1),
('1510100166231', 3, 'ศรัญญา', 'ธรรมจี๋', 1),
('1510100166702', 1, 'กิติศักดิ์', 'ภูมิภักดี', 1),
('1510100173661', 2, 'กรวรรณ', 'ธิโปธิ', 1),
('1510100190280', 2, 'วริศรา', 'กิจจาภินันท์', 1),
('1510100195907', 1, 'ทนงศักดิ์', 'พะวงศ์รัตน์', 1),
('1510100204981', 1, 'ปพนสรรค์', 'ปวนเปี้ย', 1),
('1510100208090', 1, 'ไผ่ภิรมย์', 'พรหมอนันต์', 1),
('1510100210388', 1, 'เจริญศักดิ์', 'กรมหลวง', 1),
('1510100212895', 3, 'สุริยาพร', 'ญาณตาล', 1),
('1510100216181', 1, 'วรเชษฐ์', 'พรมศรี', 1),
('1510100219903', 3, 'เจนจิรา', 'อินกองงาม', 1),
('1510100220103', 1, 'ณัฐวุฒิ', 'สมวะเวียง', 1),
('1510100223692', 4, 'จิราวรรณ', 'ยศเพ็ชรกาศ', 1),
('1510100225296', 3, 'ขวัญฤดี', 'ศรีษะ', 1),
('1510100228660', 4, 'ประเสริฐ', 'วรรณชัย', 1),
('1510100242646', 1, 'สฐิรวิช', 'ใจแก้ว', 1),
('1510100246404', 4, 'วาสินี', 'ยองจา', 1),
('1510100256141', 3, 'สุวนันท์', 'ติใหม่', 1),
('1510100259271', 3, 'กัญญาวีร์', 'สุริยะ', 1),
('1510100260521', 1, 'ธีรวัฒน์', 'มั่นขันธ์', 1),
('1510100271417', 3, 'ศิรินทิพย์', 'ทองขาว', 1),
('1510100273002', 1, 'ฉัตรมงคล', 'ซาคุณ', 1),
('1510100274378', 3, 'ธิดาพร', 'บุญฟู', 1),
('1510100278829', 2, 'ธนิดา', 'ธูปหอม', 1),
('1510100299532', 3, 'พรพิมล ', 'วงค์ขัติย์', 1),
('1510100300727', 1, 'ชัชวาล', 'บางสินธุ', 1),
('1510100310447', 1, 'สิทธิชัย', 'วงค์คม', 1),
('1510100310510', 1, 'ปาฏิหารย์', 'เกิดสว่าง', 1),
('1510100338031', 1, 'นนทวัฒน์', 'ภู่ตระกูล', 1),
('1510200051290', 3, 'ลีลาวดี', 'ปละอุด', 1),
('1510200073099', 1, 'วัชรพงษ์', 'พิริแก้ว', 1),
('1510200074338', 1, 'วัชรินทร์', 'ผาด่านประเสริฐ', 1),
('1510300005249', 3, 'ชุตินันท์', 'ใจอะกะ', 1),
('1510300079901', 3, 'จุฑามาศ', 'นารินคำ', 1),
('1510400001636', 1, 'ประสิทธิ์', 'คำหล้า', 1),
('1510400003582', 3, 'พิกุล', 'เปี้ยฝั้น', 1),
('1510400009131', 1, 'วิแทน', 'ปวกพรมมา', 1),
('1510400015629', 3, 'อัจฉรา', 'ตุ่นสิงห์คำ', 1),
('1510400017176', 1, 'วัชรินทร์', 'จันทิมา', 1),
('1510400018181', 1, 'วิโรจน์', 'สุนันตา', 1),
('1510400018822', 3, 'อัมพร', 'นามณี', 1),
('1510400089835', 3, 'ทัศนียา', 'ตาแก้ว', 1),
('1510400089983', 3, 'ศิรินภา', 'ณ เชียงใหม่', 1),
('1510400092895', 2, 'ปฐวัลย์', 'กิตติ', 1),
('1510400094251', 1, 'โชคอภิวัฒน์', 'สุคัมภีร์', 1),
('1510400095592', 3, 'รัตนาภรณ์', 'ก๋าวิโยค', 1),
('1510400100910', 3, 'อรพินทุ์', 'อวฤทธิ์', 1),
('1510400103137', 1, 'นิรุตต์', 'กองตุม', 1),
('1510400106101', 2, 'ณัฏฐิกานต์', 'คำหล้า', 1),
('1510400112560', 3, 'พรสุดา', 'เป็งมัชยา', 1),
('1510400120643', 3, 'จิตโสภิณ', 'กองอะรินทร์', 1),
('1510400132927', 3, 'ศันศนีย์', 'สิทธิกัน', 1),
('1510400136787', 3, 'รัชนีกร', 'คำบุญมา', 1),
('1510400140253', 1, 'ชลิต', 'ปัญญาเหล็ก', 1),
('1510400142752', 2, 'วิภาวรรณ', 'ปาละก้อน', 1),
('1510400144003', 3, 'ศศิธร', 'เมืองขวา', 1),
('1510400146740', 3, 'สุภาพร', 'ปังวา', 1),
('1510400147941', 3, 'ลลิตา', 'วงค์ษา', 1),
('1510400150305', 1, 'เศรษฐ์', 'ตุ่นมานะ', 1),
('1510400150771', 3, 'อัณศยา', 'ยาวิระ', 1),
('1510400158624', 3, 'สุธิตา', 'เย็นฉ่ำใจ', 1),
('1510400163598', 1, 'วัชรพล', 'หมูปัญญา', 1),
('1510400168280', 1, 'ณัฐวัตร', 'ชัยมณี', 1),
('1510400172023', 3, 'กัลยรัตน์', 'ดีนุ', 1),
('1510400183408', 1, 'จิรพันธุ์', 'มณีสาร', 1),
('1510490000855', 3, 'เฉลิมศิริ', 'วงศ์ศรีใส', 1),
('1510500001751', 3, 'วารุณี', 'ตันอุตม์', 1),
('1510500004432', 3, 'ธันยาภัทร์', 'สวัสดิ์ธนัทเมธ', 1),
('1510500005625', 3, 'ดาววรักษ์', 'หลวงโปธา', 1),
('1510500038655', 3, 'สุพัตรา', 'ผูกพัน', 1),
('1510500050175', 1, 'อุกฤษฏ์', 'สุวรรณ', 1),
('1510500051155', 3, 'วีรินทร์พิมล', 'หมื่นต๊ะ', 1),
('1510500053191', 3, 'สายใจ', 'คำวัน', 1),
('1510600001281', 3, 'ชนกานต์', 'รุจิระปรีชากุล', 1),
('1510600002067', 3, 'อรนุช', 'เรือนคำ', 1),
('1510600004736', 2, 'กนกกร', 'กอไธสง', 1),
('1510600005384', 2, 'จิตฤณี', 'พลแก้ว', 1),
('1510600051050', 3, 'จันทนีย์', 'กองอรินทร์', 1),
('1510600077954', 1, 'ศรายุทธ', 'ใจพล', 1),
('1510600083563', 3, 'จรรยา', 'วงไฟสว่าง', 1),
('1510600084241', 3, 'ณัฐกานต์', 'คำยศ', 1),
('1510600084292', 1, 'ณัฐวุฒิ', 'ขุระสะ', 1),
('1520100013566', 2, 'นันทชา', 'จันทรธรรม', 1),
('1520100083670', 1, 'ชลธิช', 'ณ ลำปาง', 1),
('1520100086351', 1, 'ศรัณย์กร', 'เพชรเก่า', 1),
('1520100086849', 3, 'กัญญ์พิดา', 'กันธิมา', 1),
('1520100095015', 3, 'จิตพิสุทธิ์', 'อินต๊ะสืบ', 1),
('1520100095040', 3, 'ญาดา', 'หมื่นตาบุตร', 1),
('1520100108001', 3, 'เกษสุดา', 'เมืองเย็น', 1),
('1520100114168', 3, 'ชนากานต์', 'ก้อนแหวน', 1),
('1520100122888', 3, 'ธนัชชา', 'แสนปัญญา', 1),
('1520100125232', 1, 'ปองพล', 'สุยะคำวงศ์', 1),
('1520100126263', 3, 'มนสิญา', 'คำเสน', 1),
('1520100128991', 3, 'หทัยชนก', 'อินต๊ะโม', 1),
('1520190000043', 1, 'รัฐพล', 'ศรีชัยวงศ์', 1),
('1520190002241', 3, 'อัจฉรา', 'เหมวรางค์กูล', 1),
('1520190004031', 3, 'กฤติยา', 'ทรัพย์วงษ์', 1),
('1520200043319', 1, 'วิชณุ', 'จอมใจ', 1),
('1520300055777', 1, 'ฤทธิเดช', 'อุตโม', 1),
('1520400001377', 1, 'เอกชัย', 'จันทร์ตา', 1),
('1520400003388', 3, 'เสาวนิต', 'ปงก๋าวงศ์', 1),
('1520400034046', 1, 'ชัยยันต์', 'ปินนวล', 1),
('1520400035140', 1, 'จรูญ', 'คำเผือ', 1),
('1520400039773', 3, 'นิภาพร', 'กันไชย', 1),
('1520400046931', 3, 'นิภาวรรณ', 'ฝั้นอุด', 1),
('1520400051722', 3, 'รัชดาวรรณ', 'เยินยุบ', 1),
('1520500007679', 3, 'อรอนงค์', 'ธรรมเนียมต้น', 1),
('1520500009914', 2, 'ศิรินภา', 'ยะคำปลูก', 1),
('1520500013903', 1, 'ภูวนาถ', 'สร้อยทอง', 1),
('1520500057030', 3, 'อธิฐาน', 'ปันงาม', 1),
('1520500064524', 3, 'ณิชกมล', 'โกลาวัลย์', 1),
('1520500064583', 3, 'พัชราภรณ์', 'บุญเรือง', 1),
('1520500066578', 3, 'จิรัฐติกาล', 'ขวัญธนนภา', 1),
('1520500088385', 3, 'กัญญารัตน์', 'แก้วนิลตา', 1),
('1520500101284', 3, 'ทัศน์กานต์', 'โพธิ์ประเสริฐ', 1),
('1520500106839', 4, 'ชินวัตร', 'แสนหลวง', 1),
('1520500115579', 1, 'จารุวัฒน์', 'ศรีเทพ', 1),
('1520590004267', 3, 'พลอยไพลิน', 'นิลกรรณ์', 1),
('1520600007255', 3, 'แสงเดือน', 'สมเพชร', 1),
('1520600008286', 3, 'สิลิลลัคน์', 'อินทะจักร', 1),
('1520600032179', 3, 'กาญจนา', 'อุ่นจันตา', 1),
('1520600033591', 3, 'สุธาสินี', 'ประพฤติ', 1),
('1520600036859', 3, 'กนกวรรณ', 'จัดสวย', 1),
('1520600038690', 3, 'มยุเรศ', 'เป็นมูล', 1),
('1520600047923', 1, 'สุทธิพงษ์', 'รักสัตย์', 1),
('1520600062655', 3, 'เจนจิรา', 'นัดมา', 1),
('1520600073363', 3, 'ธิดา', 'ใจตรง', 1),
('1520600076478', 3, 'ทรงพร', 'อ้วนล่ำ', 1),
('1520600080114', 3, 'ปภัสสร', 'ก๋าเขียว', 1),
('1520600086767', 1, 'นพรัตน์', 'สวยฉลาด', 1),
('1520600090543', 3, 'เจนจิรา', 'ทิเก่ง', 1),
('1520700002077', 1, 'ครรชิต', 'บัวจีน', 1),
('1520700003987', 1, 'ปฏิจักร', 'ประขัน', 1),
('1520700004428', 2, 'วิรากานต์', 'ปั้นรูป', 1),
('1520700007290', 3, 'สิรินทรา', 'พันธ์เรือนดี', 1),
('1520700010452', 3, 'สินฤทัย', 'ใจนันต๊ะ', 1),
('1520700016141', 3, 'ปนัดดา', 'สันทวีโชค', 1),
('1520700051370', 3, 'รุจิรัตน์', 'เป็งสา', 1),
('1520700055553', 2, 'จงรักษ์', 'เขื่อนคำ', 1),
('1520700058820', 3, 'ชนิดา', 'เสียงดัง', 1),
('1520700059826', 3, 'นิติพร', 'พรมกรณ์', 1),
('1520700060549', 1, 'ชวัลวิทย์', 'วริโชติภูมินนท์', 1),
('1520700064200', 4, 'เจนจิรา', 'ใจเชื้อ', 1),
('1520700067012', 3, 'สุภาวดี', 'ใจดี', 1),
('1520700072024', 2, 'ธนธมน', 'จิตตั้งคงดี', 1),
('1520700076011', 1, 'อาทิตย์', 'หมื่นคิด', 1),
('1520700078243', 1, 'กิติชัย', 'สุนะเสน', 1),
('1520700080485', 1, 'ชัยวัฒน์', 'จันตะมะ', 1),
('1520700083409', 2, 'ธนวดี', 'กองแสน', 1),
('1520700089652', 3, 'รัชนก', 'สิทธิบาล', 1),
('1520700091177', 1, 'วุฒิชัย', 'มีซอง', 1),
('1520700101938', 4, 'ชัยญานุวัฒน์', 'แหลมมาก', 1),
('1520700106387', 1, 'บัญชา', 'สืบสุติน', 1),
('1520700111453', 3, 'รดาสิริธร', 'ก๋าถ้วย', 1),
('1520700116617', 3, 'วรรณวนัช', 'ภิรมย์ญารักษ์', 1),
('1520800003440', 3, 'เด่นดาว', 'ทะนันชัย', 1),
('1520800054931', 1, 'พรชัย', 'จินะทา', 1),
('1520800057060', 3, 'ติณณ์ณัชชา', 'โจ้นทรา', 1),
('1520800060524', 4, 'กนกอร', 'วงศ์ษา', 1),
('1520800061229', 3, 'ศิริกาญจน์', 'กันคำ', 1),
('1520800063949', 3, 'กนกพร', 'เทือกถา', 1),
('1520800066832', 1, 'พิสิฐ', 'คำภิโร', 1),
('1520800067251', 2, 'พรทิพย์', 'ข้ามเจ็ด', 1),
('1520800068428', 2, 'คชาภรณ์', 'แสนบุตรรภัษกุล', 1),
('1520800082161', 3, 'นิภาพร', 'ภูมิภู', 1),
('1520800104068', 3, 'วรวรรณ', 'พันธุ์ปรีดา', 1),
('1520800109388', 4, 'พงศกร', 'สุริยะ', 1),
('1520800128293', 3, 'ปัทมาวรรณ', 'ปัญญาเครือ', 1),
('1520800138248', 1, 'วรินทร', 'ณ ลำพูน', 1),
('1520890000810', 1, 'บรรเจิด', 'สระปัญญา', 1),
('1520900012181', 3, 'วัลยา', 'แก้วน้อย', 1),
('1521000004434', 3, 'เกตประทุม', 'ชุมภูปิก', 1),
('1521000006208', 2, 'ศิริลักษณ์', 'จอมวิชัยยา', 1),
('1521000006721', 2, 'พิทยาภรณ์', 'ทารัตน์', 1),
('1521000006739', 2, 'จีราภรณ์', 'สุขศิริพีรนันท์', 1),
('1521000061365', 3, 'เพ็ญนภา', 'แสงแก้ว', 1),
('1521100002760', 3, 'สุวลี', 'สาคำ', 1),
('1521100003111', 1, 'สมชาย', 'ใจนันต๊ะ', 1),
('1521100040483', 3, 'สิริพร', 'สอนเทศ', 1),
('1521100042842', 3, 'ศิรินพร', 'ด้วงเขียว', 1),
('1521100048433', 1, 'ศุภพันธุ์', 'สุพรม', 1),
('1521100050217', 3, 'ภัทราวดี', 'ไชยยา', 1),
('1521200001536', 3, 'รุ่งอรุณ', 'ตันเป็ง', 1),
('1521200031303', 3, 'บังอร', 'มาละใจ', 1),
('1521200040531', 1, 'รณฤทธิ์', 'ฉัตรแก้ว', 1),
('1521200044545', 1, 'รุ่งเรือง', 'แสนอิน', 1),
('1521200047986', 2, 'กาญติมา', 'บุญเจริญ', 1),
('1521300002933', 3, 'ศศิธร', 'ขจรจิตต์', 1),
('1521300004600', 1, 'ธนา', 'คงธนไพบูลย์กุล', 1),
('1521300006327', 1, 'ธีรพล', 'ฤทธิไตรภพ', 1),
('1521300036854', 4, 'กิตติชัย', 'ตั้งตรง', 1),
('1521300037729', 3, 'อรวรรณ', 'กันธิมา', 1),
('1521300038563', 3, 'เสาวลักษณ์', 'ไชยมงคล', 1),
('1521300042081', 2, 'พัชรินทร์', 'แต้มคม', 1),
('1521300044822', 3, 'พรผกา', 'ต้อนรับ', 1),
('1529900002435', 3, 'ธัญญภัสร์', 'ประทีปเศวตวัชร์', 1),
('1529900008336', 2, 'ขวัญหทัย', 'วุฒิการณ์', 1),
('1529900008441', 3, 'นัยนา', 'จันตาวงศ์', 1),
('1529900012406', 3, 'พัชรนันท์', 'รักสถาน', 1),
('1529900012651', 1, 'สานิตย์', 'เตชะสาย', 1),
('1529900020581', 1, 'อนิรุทธิ์', 'เหล่าใจ', 1),
('1529900020654', 1, 'ปรัชญา', 'จันทร์แก้ว', 1),
('1529900023424', 2, 'ลดาวัลย์', 'คำวินิจ', 1),
('1529900024099', 3, 'อัจฉรา', 'ใจนันตา', 1),
('1529900032920', 2, 'ณัฐสิรี', 'ลี้ตระกูล', 1),
('1529900035635', 1, 'ศิวดล', 'กุลฤทธิกร', 1),
('1529900044952', 3, 'ประทุมพร', 'อภิวงค์', 1),
('1529900046211', 3, 'ชุติชมกานต์', 'บุญทา', 1),
('1529900046611', 3, 'อังสุนีย์', 'สุวรรณชัย', 1),
('1529900047277', 3, 'มยุรี', 'เทือกตา', 1),
('1529900049237', 1, 'ปฐวี', 'มณีวงศ์', 1),
('1529900049695', 1, 'วีระยุทธ', 'มณีวรรณ์', 1),
('1529900060010', 3, 'สุรีธวารี', 'เพ็ชรรัตน์', 1),
('1529900069840', 3, 'วิภาวี', 'แต้มไว', 1),
('1529900073171', 2, 'สมฤทัย', 'จันทร์หอม', 1),
('1529900073804', 1, 'อดิศร', 'ใจบ้านเอื้อม', 1),
('1529900076692', 3, 'สุภาภรณ์', 'ธรรมสรางกูร', 1),
('1529900077311', 1, 'มติ', 'ศิริพันธุ์', 1),
('1529900077664', 2, 'สุวินตา', 'ดีแท้', 1),
('1529900079047', 2, 'ศิริธร', 'จะวรรณา', 1),
('1529900080568', 2, 'วาทิณี', 'ท้าวใจยา', 1),
('1529900081181', 2, 'ดุจดาว', 'ต๊ะเขื่อนแก้ว', 1),
('1529900085586', 2, 'นวพร', 'ลออพันธ์สกุล', 1),
('1529900087694', 3, 'กัญญารัตน์', 'หรดี', 1),
('1529900093023', 1, 'วรวัฒน์', 'เครือสบจาง', 1),
('1529900094801', 3, 'อัจฉรา', 'ชื่นใจ', 1),
('1529900097851', 3, 'อังคณา', 'ปินตาเทพ', 1),
('1529900102570', 3, 'สุมาลี', 'มูลคำ', 1),
('1529900103541', 2, 'จิราพักตร์', 'มานักฆ้อง', 1),
('1529900105536', 2, 'นันทินี', 'มูลศิริ', 1),
('1529900107202', 1, 'รตนพงษ์', 'ปันติสวัสดิ์', 1),
('1529900107300', 3, 'ศศิมน', 'ศรีกุลวงค์', 1),
('1529900107385', 3, 'รุจิธร', 'ศรีวิชัย', 1),
('1529900108047', 3, 'ชนิดา', 'ชัยวงศ์', 1),
('1529900110564', 1, 'นนทวัฒน์', 'ศรีชัยวรรณ', 1),
('1529900110904', 3, 'ภาวิณี', 'ศรีกระจ่าง', 1),
('1529900112257', 2, 'ทับทิม', 'พิทักษ์เขตขัณฑ์', 1),
('1529900112842', 1, 'อดิศร', 'โยธา', 1),
('1529900115914', 3, 'อรทัย', 'ณ ลำปาง', 1),
('1529900116368', 3, 'อันธิกา', 'มีเพียร', 1),
('1529900116562', 3, 'สุพรรณี', 'กาทอง', 1),
('1529900116937', 1, 'ปุณยากร', 'เหล่าวัฒนพงศ์', 1),
('1529900120594', 2, 'ณัฐรดา', 'ระวังวงศ์', 1),
('1529900122210', 1, 'วิทยา', 'ต๊ะนางอย', 1),
('1529900126533', 2, 'นวพร', 'เครือวัง', 1),
('1529900126622', 2, 'สุดา', 'แอ้มอุตม์', 1),
('1529900128986', 2, 'นภารัตน์', 'สูตรเลข', 1),
('1529900133947', 3, 'ชนกขวัญ', 'ศรีคำ', 1),
('1529900136075', 3, 'ศิรินญา', 'แก้วสิทธิวงศ์', 1),
('1529900137306', 3, 'ณัฐกาญจน์', 'เทียมเย็น', 1),
('1529900137721', 1, 'เกรียงศักดิ์', 'จำปาอูป', 1),
('1529900137900', 3, 'เจนจิรา', 'แก้วมามือ', 1),
('1529900140447', 1, 'วุฒิกรณ์', 'ปั๋นแก้ว', 1),
('1529900142075', 1, 'บดินทร์', 'แต้มดื่ม', 1),
('1529900142369', 2, 'ศิริญา', 'ยศบุญเรือง', 1),
('1529900142946', 3, 'ภัทรวรรณ', 'ตรียสรศัย', 1),
('1529900178053', 3, 'กรกฏ', 'เกตุมณี', 1),
('1529900179131', 3, 'ดานุมาศ', 'ทิยาว', 1),
('1529900179912', 3, 'วศินี', 'วนรัตน์', 1),
('1529900183294', 1, 'กิตติศักดิ์', 'นวลจันทร์', 1),
('1529900184754', 2, 'อิสริยาภรณ์', 'ปรังการ', 1),
('1529900185661', 2, 'อักษรา', 'พรหมศิลป์', 1),
('1529900188946', 3, 'ศุภพร', 'ใจปินตา', 1),
('1529900190924', 3, 'กนกวรรณ', 'ญาณปัญญา', 1),
('1529900190983', 3, 'อิสรารัตน์', 'บุญช่วย', 1),
('1529900191149', 3, 'สิริญา', 'ศรีชัย', 1),
('1529900191467', 3, 'ปัทมา', 'ฮูเซน', 1),
('1529900192498', 3, 'ศิริมาศ', 'ราชคม', 1),
('1529900199107', 1, 'นัทธวัธน์', 'โยธา', 1),
('1529900207398', 1, 'ปิยพงค์', 'จักรบุญมา', 1),
('1529900209986', 3, 'ปทุมวรรณ', 'มหามิตร', 1),
('1529900210194', 1, 'ธริช', 'พุทธรักษ์', 1),
('1529900210208', 1, 'ธรัช', 'พุทธรักษ์', 1),
('1529900212251', 1, 'ปรัชญ์', 'มาวิเลิศ', 1),
('1529900218489', 1, 'สุรัตน์', 'ฟูเต็มวงค์', 1),
('1529900221111', 3, 'จิณณ์ณิชา', 'ศักดิ์สิริภาพร', 1),
('1529900224055', 2, 'ธนพรรณ', 'แถลงการณ์', 1),
('1529900224390', 2, 'วราภรณ์', 'สุภายะ', 1),
('1529900232767', 3, 'กันต์ฤทัย', 'กุลศรีวรินทร์', 1),
('1529900237521', 3, 'ชัชมาศ', 'สุดจำ', 1),
('1529900242622', 3, 'อธิชา', 'ดวงแก้ว', 1),
('1529900243181', 3, 'ณัฐพร', 'เทือกเถาสาร', 1),
('1529900244366', 3, 'พัชราพร', 'จามรี', 1),
('1529900249261', 1, 'รพีพัชรพงศ์', 'วงค์สาย', 1),
('1529900250803', 2, 'มินตรา', 'ปอกเครือ', 1),
('1529900258979', 3, 'กิ่งลดา', 'หมื่นสันธิ', 1),
('1529900264391', 2, 'พัชรสุกาล', 'อธิปัญญาพันธุ์', 1),
('1529900268214', 1, 'เดชพล', 'ตรีเพ็ชร', 1),
('1529900270499', 1, 'ฎิชมากรณ์', 'ยศวงค์เรือน', 1),
('1529900272823', 3, 'นารีรัตน์', 'จัดสวย', 1),
('1529900275474', 3, 'ปาริฉัตร', 'วงค์สม', 1),
('1529900276594', 1, 'เกรียงไกร', 'หลวงเขียว', 1),
('1529900280168', 2, 'ชนิดา', 'ธรรมลังกา', 1),
('1529900285194', 3, 'กนกวรรณ', 'บุญสูง', 1),
('1529900287235', 3, 'ศิธาศินี', 'นินใจ', 1),
('1529900295581', 1, 'รณชัย', 'แก้วในชุมภูทอง', 1),
('1529900301238', 1, 'พินิจ', 'ตาจีน', 1),
('1529900309611', 1, 'ปฐมพงษ์', 'ธรรมลังกา', 1),
('1529900310920', 3, 'พิมพ์อักษร', 'วรินทร์ฐศิณี', 1),
('1529900311799', 3, 'รัตติกาล', 'ราชจริต', 1),
('1529900315476', 1, 'ศุภวัตร', 'รักวงค์', 1),
('1529900324459', 3, 'กันตพร', 'กันต๊ะมา', 1),
('1529900327075', 3, 'เบญจมาศ', 'นวลอนงค์', 1),
('1529900328004', 3, 'รัชกนิษฐ์', 'ธรรมลังกา', 1),
('1529900332737', 1, 'พงศ์เกษม', 'เตชะสาย', 1),
('1529900335574', 1, 'อิสระ', 'ศรีแก้ว', 1),
('1529900342325', 1, 'สุทธิเกียรติ', 'พุ่มแก้ว', 1),
('1529900342406', 2, 'นริศรา', 'พรมริน', 1),
('1529900346576', 4, 'ยุทธนา', 'เทพอาวุธ', 1),
('1529900353459', 3, 'มีนณา', 'ธนันไชย', 1),
('1529900370701', 1, 'นิติกร', 'เครือวัง', 1),
('1529900372551', 1, 'ถิรวุฒ', 'สุตาลังกา', 1),
('1529900374057', 1, 'กฤตพัส', 'ขาวอ่อน', 1),
('1529900375622', 1, 'พงษ์สวัสดิ์', 'สวัสดี', 1),
('1529900379083', 1, 'กุลสุขพัชร', 'พงศ์กิจรักษ์', 1),
('1529900388171', 3, 'จารุนาถ', 'ศรีใจ', 1),
('1529900400414', 1, 'จิรนันท์', 'แสงวิชัย', 1),
('1529900404771', 1, 'คุณากร', 'แก้วเทพ', 1),
('1529900406374', 1, 'รัตนวัชร์', 'บุญลิขิตไชยยา', 1),
('1529900419085', 3, 'คัทรียา', 'พีระเชื้อ', 1),
('1529900422191', 3, 'วัลภา', 'ต๊ะตุ้ย', 1),
('1529900423252', 3, 'กรรณิการ์', 'กาจารี', 1),
('1529900423821', 1, 'บุรินทร์', 'ทิพย์ชะ', 1),
('1529900424569', 2, 'มัสริน', 'วรรณโวหาร', 1),
('1529900425271', 3, 'รุ้งทิพย์', 'สุนันตา', 1),
('1529900430631', 1, 'ณัฐวัชร', 'อุ่ยเจริญ', 1),
('1529900438934', 1, 'กมลภพ', 'วสิษฐวุฒิ', 1),
('1529900439744', 3, 'ปัทมพรรณ', 'ริ้วเจริญ', 1),
('1529900439965', 3, 'จริยา', 'โชติคณากุล', 1),
('1529900440050', 3, 'แพรวมณี', 'สายสุวรรณ', 1),
('1529900448662', 1, 'ธนากร', 'คันใจ', 1),
('1529900449472', 3, 'สมหญิง', 'ฟองมัน', 1),
('1529900454409', 3, 'ณัฐพร', 'เครือแก้ว', 1),
('1529900463521', 1, 'ชนะชัย', 'ตันปะละ', 1),
('1529900474931', 2, 'จิรารัตน์', 'วงศ์วิไล', 1),
('1529900479061', 3, 'นิภาพร', 'ประทุมพงษ์', 1),
('1529900485223', 1, 'ภัทรพงศ์', 'จำปาวัน', 1),
('1529900490511', 3, 'อธิษฐาน', 'บุญเป็ง', 1),
('1529900496195', 3, 'ล้านนา', 'มาปลูก', 1),
('1529900501971', 1, 'ธีรชาติ', 'พงศ์นฤมิตร', 1),
('1529900510511', 3, 'ประดับพร', 'เตชะวงศ์', 1),
('1529900517001', 3, 'นันทวัน', 'โชติวนาวรรณ', 1),
('1529900522307', 3, 'ดวงพร', 'สมจันทร์ตา', 1),
('1529900526256', 1, 'พรหมรังษี', 'ทรงศรีสกุล', 1),
('1529900527074', 3, 'จิรวดี', 'วงศ์นาสัก', 1),
('1529900527783', 3, 'กาญจนา', 'เนตรคำ', 1),
('1529900528836', 3, 'สุปราณี', 'คำแปง', 1),
('1529900531233', 3, 'นิศาชล', 'บุญมาก', 1),
('1529900538718', 3, 'จาริยา', 'ภัทรธานนท์', 1),
('1529900546982', 3, 'ชนกกานต์', 'เนตรรัศมี', 1),
('1529900554454', 3, 'ธนาภรณ์', 'เครือคำน้อย', 1),
('1529900555906', 3, 'คัทลียา', 'วงศ์สุภา', 1),
('1529900576628', 3, 'จินดาพร', 'จันทร์แสตมป์', 1),
('1529900576733', 3, 'วิรัณญา', 'จุ่นน้อย', 1),
('1529900577225', 1, 'ยุทธนา', 'ต๊ะบุญเรือง', 1),
('1529900583055', 3, 'นิศาชล', 'ศรีชัยวงศ์', 1),
('1529900584248', 3, 'อริสา', 'สมบุญ', 1),
('1529900588120', 3, 'พัชชิตา', 'มูลเมืองมา', 1),
('1529900588936', 3, 'วิภาดา', 'ไหวพริบ', 1),
('1529900590299', 3, 'วสิตา', 'พรมวัง', 1),
('1529900594995', 1, 'ธีระวัฒน์', 'กำลังมาก', 1),
('1529900595355', 3, 'นราพร', 'ณ จันตา', 1),
('1529900595495', 1, 'นวพล', 'วงศ์นันตา', 1),
('1529900596416', 3, 'คณฑรี', 'สุทธนี', 1),
('1529900596505', 3, 'สกุลรัตน์', 'หอมแก่นจันทร์', 1),
('1529900598559', 1, 'ชยพล', 'ชัยมงคลกุล', 1),
('1529900599202', 2, 'ศรัญญา', 'มาละเงิน', 1),
('1529900601681', 3, 'จิราวรรณ', 'ใจเรือน', 1),
('1529900601983', 1, 'ฐิติกร', 'หล้าวงศ์ษา', 1),
('1529900605831', 1, 'วรุฒ', 'หล้าบือ', 1),
('1529900607582', 3, 'เสาวลักษณ์', 'จันทะระ', 1),
('1529900611725', 3, 'รัศมิ์นภัส', 'กิติวัฒนานุกุล', 1),
('1529900614112', 3, 'พรรณพัชร', 'รัตนมงคล', 1),
('1529900614201', 3, 'สุรภรณ์', 'ปิงแก้ว', 1),
('1529900614503', 1, 'คุณากร', 'เครือสุวรรณ', 1),
('1529900614589', 3, 'สุนีรัตน์', 'ณ ประเสริฐ', 1),
('1529900615828', 3, 'พิมพ์ชนก', 'หมอกฤทธิ์', 1),
('1529900618002', 3, 'ธัญญารัตน์', 'เลาเงิน', 1),
('1529900619947', 1, 'วรกมล', 'ตั๋นมาเชื้อ', 1),
('1529900621526', 3, 'กนกวรรณ', 'ขันคำ', 1),
('1529900622492', 1, 'ปภณ', 'ตั้งประเสริฐ', 1),
('1529900627117', 1, 'ปฏิพล', 'ภู่ห้อย', 1),
('1529900627478', 1, 'รุจฐวัฒน์', 'อินทะนะ', 1),
('1529900627877', 3, 'จุฬาทิพย์', 'ทิพย์ศรีบุตร', 1),
('1529900632536', 3, 'ไอรดา', 'อ้ายด้วง', 1),
('1529900636655', 3, 'ตัสนีม', 'สังข์ศิลปชัย', 1),
('1529900642060', 3, 'พิมพ์ชนก', 'ตามัน', 1),
('1529900644259', 3, 'อ้อมฤทัย', 'ใจอินทร์', 1),
('1529900647819', 3, 'ธนวรรณ', 'เอมจั่น', 1),
('1529900649561', 1, 'รณชัย', 'ปินใจ', 1),
('1529900656044', 1, 'เลิศศักดิ์', 'ยาวุฒิ', 1),
('1529900665906', 1, 'นครินทร์', 'เป็นลาภ', 1),
('1529900670756', 3, 'สุวรีย์', 'ศิริวรรณ', 1),
('1529900674212', 3, 'จิตธกานต์', 'แผ่นคำ', 1),
('1529900678129', 3, 'สุพัตรา', 'ประสิทธิกานนท์', 1),
('1529900686121', 3, 'ธันย์วรา', 'วีระโชิศิริธนา', 1),
('1529900687616', 1, 'ธนากร', 'แก้วบุญเรือง', 1),
('1529900691737', 3, 'รติญา', 'พงสุภา', 1),
('1529900695104', 3, 'สุนิสา', 'อินทร์จักร์', 1),
('1529900695856', 3, 'สุริฉาย', 'เป็นเอก', 1),
('1529900696534', 3, 'ทิพย์สุดา', 'มะโนวัง', 1),
('1529900699509', 3, 'ลักษิกา', 'เชวงศักดิ์โสภาคย์', 1),
('1529900717167', 3, 'ศศิกมล', 'ก๋าหล้า', 1),
('1529900719186', 1, 'กฤษดาลักษณ์', 'มะโนวงศ์', 1),
('1529900732841', 3, 'มณีรัฒนพรณ์', 'วงศ์ศรี', 1),
('1529900734703', 3, 'นุชจรีย์', 'อุดม', 1),
('1529900735947', 3, 'ณัฐชยา', 'ทองจำรูญ', 1),
('1529900741611', 3, 'สิริบงกช', 'ธรรมริตร์', 1),
('1529900743486', 1, 'ณรงค์ฤทธิ์', 'ยศแก่น', 1),
('1529900757720', 3, 'ปานวาด', 'วัชรชวาลา', 1),
('1529900765315', 1, 'พงษ์ธลักษณ์', 'สิบแก้ว', 1),
('1529900765536', 1, 'ธนโชติ', 'วงค์ดวง', 1),
('1529900767857', 1, 'กิตติกรณ์ ', 'ดวงชมภู', 1),
('1529900770777', 3, 'สุภัทราภา', 'ป๋าเมืองมูล', 1),
('1529900778964', 1, 'จตุรภัทร', 'ปาโกวงศ์', 1),
('1529900780217', 1, 'อภิชิต', 'วรรณะวงศ์', 1),
('1529900792347', 3, 'วชิรา', 'สุภาสอน', 1),
('1529900793149', 3, 'กมลวรรณ', 'นันตี', 1),
('1529900800145', 3, 'บุศริน', 'เหมทานนท์', 1),
('1529900801443', 3, 'เสาวลักษณ์', 'อินต๊ะสม', 1),
('1529900807751', 3, 'พิชชาพร', 'ทองเลียบ', 1),
('1529900821142', 3, 'จิรกานต์', 'วงค์ลังกา', 1),
('1529900827833', 1, 'ณัฐวัตร', 'วิชาจารย์', 1),
('1529900850550', 3, 'วิภาวรรณ', 'อุตจันทร์', 1),
('1529900853290', 3, 'สุวสิรินทร์', 'สุวรรณจักร์', 1),
('1529900858151', 3, 'สิรินยา', 'บุญสืบ', 1),
('1529900871565', 3, 'จินดารัตน์', 'สุวรรณรินทร์', 1),
('1529900873070', 3, 'วีรวรรณ', 'วุฒิเผ่า', 1),
('1529900873312', 3, 'วาสนา', 'งามสุข', 1),
('1529900877300', 3, 'ศศิยา', 'หมายมั่น', 1),
('1529900883792', 3, 'ชรินรัตน์', 'คันทะสินธ์', 1),
('1529900888433', 1, 'ณัฐดนัย', 'ตันจันทร์', 1),
('1529900890012', 1, 'ภาณุ', 'จำปาทอง', 1),
('1529900897009', 4, 'จักราพัฒน์', 'มะโนเรือน', 1),
('1529900902673', 3, 'ลภัสรดา', 'กันทะวงศ์', 1),
('1529900903629', 3, 'ศิวพร', 'จันพรมมิน', 1),
('1529900906580', 3, 'รัตน์เชาวดี', 'ฟูธรรม', 1),
('1529900912369', 3, 'สิริประภา', 'มนัสศิระกานต์', 1),
('1529900916836', 1, 'รณยุทธิ์', 'งามเจริญ', 1),
('1529900925495', 3, 'ฐิติพร', 'บุญมา', 1),
('1529900928508', 3, 'กฤติกา', 'ยาดี', 1),
('1529900934915', 3, 'ธัญญารัตน์', 'ดวงมะวงศ์', 1),
('1529900945755', 1, 'อนุวัฒน์', 'พยาไทย', 1),
('1529900946506', 3, 'อธิชา', 'แสงบุญเรือง', 1),
('1529900971764', 3, 'ชลลดา', 'เทพศิริ', 1),
('1529900985226', 3, 'ปาริชาติ', 'ยันตรวัฒนา', 1),
('1529900991579', 3, 'อภัสรา', 'คำน้อย', 1),
('1529900996473', 3, 'สิทธิณี', 'เหลาพล', 1),
('1529901007848', 1, 'ญาณวุฒิ', 'กันทะวงศ์', 1),
('1529901007881', 3, 'ฐิรดา', 'วงศ์รอดแก้ว', 1),
('1529901011292', 1, 'รวิณ', 'พิบูลสุรการ', 1),
('1529901014607', 3, 'พีรยา', 'รุจจนพันธุ์', 1),
('1529902029446', 3, 'รมิตา', 'ทิยานัน', 1),
('1529902033265', 3, 'สุรัตน์นารี', 'อูปทอง', 1),
('1529902040822', 3, 'สุรางคนา', 'จันทราภิรมย์', 1),
('1529902046979', 1, 'ปฐิธาน', 'มณีวิหค', 1),
('1529902059132', 3, 'ปุณฑริก', 'บุญสูง', 1),
('1529902066678', 1, 'สรวิศ', 'ใจมาวงค์', 1),
('1529902066961', 3, 'กนิกนันต์', 'เรืองเดช', 1),
('1529990001646', 3, 'อรพรรณ', 'หมูเทพ', 1),
('1529990002511', 1, 'บุญรักษ์', 'มูลแก้ว', 1),
('1529990005641', 3, 'กัญญ์วรา', 'มูลยะ', 1),
('1529990009914', 2, 'เบญญาภา', 'เครือสบจาง', 1),
('1530600002555', 1, 'สนธยา', 'บุญคำ', 1),
('1530700055880', 1, 'เทอดพงษ์', 'ไวทย์เวทย์', 1),
('1539900008557', 1, 'พรเทพ', 'มูลศิริ', 1),
('1539900161908', 1, 'ไพรัตน์', 'บัวงาม', 1),
('1539900297371', 1, 'นัฐพล', 'นิ่มวิบูลย์สม', 1),
('1539900401020', 1, 'ธีรศักดิ์', 'นัยวิริยะ', 1),
('1539900456401', 3, 'อมราวดี', 'กิกลิ้ง', 1),
('1539900485053', 3, 'ทัณฑิกา', 'ไกรลาศ', 1),
('1539900495237', 1, 'วุฒิชัย', 'จาดแห', 1),
('1539900527961', 3, 'พรชนก', 'กันไว', 1),
('1539900638101', 3, 'ศรัญญา', 'กลิ่นมาลา', 1),
('1540300005371', 1, 'วรวุฒิ', 'อรชุน', 1),
('1540300053791', 3, 'เขมนิจ', 'คำปิว', 1),
('1540300058989', 2, 'วันวิสา', 'แสนปิง', 1),
('1540300098441', 4, 'ปรัชญา', 'จินาวงค์', 1),
('1540400063194', 3, 'สินีนาฎ', 'กอบกำ', 1),
('1540700042923', 2, 'อำพร', 'สุวิชาวรานนท์', 1),
('1549900021456', 3, 'สุทธาสินี', 'ไชยรังษี', 1),
('1549900044278', 3, 'วรัญพร', 'แห่งพิทย์', 1),
('1549900047650', 3, 'นาฏหทัย', 'สิทธิบุญ', 1),
('1549900050103', 1, 'อนุฤทธิ์', 'ปกติจิต', 1),
('1549900100101', 3, 'นพมาศ', 'ศิลาพงษ์', 1),
('1549900114349', 1, 'ธัชพล', 'เจริญคำ', 1),
('1549900209978', 3, 'วิมลพรรณ', 'มหาวัน', 1),
('1549900230225', 2, 'วาริพินทุ์', 'ปิติเตชะ', 1),
('1549900327423', 3, 'ชลลดา', 'เดชนาลักษณ์', 1),
('1549900341990', 1, 'ปิยะพงษ์', 'ทิหงษ์สา', 1),
('1549900352886', 3, 'ธันยพร', 'ศรีวิชัย', 1),
('1549900398983', 1, 'ชนมกร  ', 'จินามา', 1),
('1549900500591', 1, 'ณัฐวุฒิ  ', 'กันทะหมื่น', 1),
('1549900582318', 3, 'ทิพากร', 'พันธ์เดิมวงษ์', 1),
('1550200043807', 3, 'ภัชษนัญฑ์', 'พรมเกษา', 1),
('1550400032124', 1, 'เจนภพ', 'ยศบุญเรือง', 1),
('1550500029877', 2, 'ขวัญณภัทร', 'พันอินทร์', 1),
('1550500030140', 3, 'จิรพรรณ', 'ขระเขื่อน', 1),
('1550500041761', 2, 'อภิญญา', 'ทะแกล้วพันธุ์', 1),
('1550500061754', 2, 'ทัศนีย์', 'ตรีเพ็ชร', 1),
('1550500101004', 3, 'ณัจฉรียา', 'ต๊ะแก้ว', 1),
('1550700070358', 3, 'เปรมยุดา', 'อินจันตา', 1),
('1550700077298', 3, 'เปรมสินี', 'การินตา', 1),
('1550700106417', 3, 'สุณิสา', 'บุญผล', 1),
('1550700111879', 3, 'ภรณ์ชนก', 'สุทธหลวง', 1),
('1550800037603', 1, 'กิติศักดิ์', 'พรมคำ', 1),
('1550900067016', 3, 'ศิริพร', 'สลีอ่อน', 1),
('1551000003730', 3, 'กาญจนา', 'โนหลักหมื่น', 1),
('1559900012635', 1, 'ธีรวัฒน์', 'กันทะ', 1),
('1559900017602', 2, 'มธุรดา', 'ท่าช้าง', 1),
('1559900020077', 3, 'ปัทมา', 'มณีเพชร', 1),
('1559900034230', 1, 'พร้อมพงษ์', 'สะสม', 1),
('1559900232520', 1, 'กฤษณพันธุ์', 'พูลสุข', 1),
('1559900240107', 1, 'อชิรวิษศ์', 'เหลืองวัฒนะโชติ', 1),
('1559900240441', 1, 'ภาสกร', 'เต็มขันท์', 1),
('1559900250561', 3, 'อนุธิดา', 'กิติยะ', 1),
('1559900281610', 3, 'พัชรี', 'นันติสม', 1),
('1559900357144', 1, 'เดชาธร', 'วงศ์ไชย', 1),
('1560100002394', 3, 'เมทิญา', 'นนท์ศรี', 1),
('1560100030525', 3, 'ภัทรมาศ', 'ปินใจ', 1),
('1560100041675', 1, 'เอกณัฏฐ์', 'ใจลา', 1),
('1560100046553', 1, 'ณฑวรรษ', 'นนท์ศรี', 1),
('1560100090528', 3, 'สุทธาสินี', 'มากสุข', 1),
('1560100097158', 2, 'ระวิวรรณ', 'ภักดี', 1),
('1560100099231', 1, 'วัลลภ', 'สมวรรณ์', 1),
('1560100136251', 3, 'สุธาสินี', 'เรืองพยัคฆ์', 1),
('1560100196971', 3, 'นิภารัตน์', 'กาวิล', 1),
('1560100205082', 2, 'สุภาพร', 'ใจปวน', 1),
('1560100219601', 3, 'อัณณ์อัครณี', 'ฐอรอัครณชา', 1),
('1560100221771', 3, 'สุภัสสร', 'แสนหลวง', 1),
('1560100270909', 3, 'พิมพ์วิไล', 'สุวรรณโน', 1),
('1560100298307', 3, 'รังษิยา', 'อินแถลง', 1),
('1560300192588', 3, 'นิชาภา', 'ก๋องติ๊บ', 1),
('1560300217131', 3, 'สุชัญญา', 'คำราช', 1),
('1560300238600', 3, 'บุญพิทักษ์', 'จำรัส', 1),
('1560300272719', 1, 'จารุณ', 'พลเดช', 1),
('1560300282081', 1, 'อนุชา', 'น้ำปี้', 1),
('1560300285411', 1, 'ศุภกฤต ', 'ประภาสนิรัติศัย', 1),
('1560300290423', 3, 'พิมนภา', 'หอมนาน', 1),
('1560500053506', 3, 'นิติยา', 'สมนาม', 1),
('1560600002016', 2, 'วาริศา', 'ไชยญา', 1),
('1560700045612', 1, 'สุรเชษฐ', 'ชมบุญ', 1),
('1570100001428', 3, 'ธันยพร', 'นวคุณานนท์', 1),
('1570300110883', 4, 'กฤติภัทร', 'จันทจักรสกุล', 1),
('1570400003205', 1, 'เธียรวิชญ์', 'อัครศิริโชติวงค์', 1),
('1570500126651', 1, 'สากล', 'มะหิธิ', 1),
('1570500183973', 1, 'ปองพล', 'จิตนารินทร์', 1),
('1570700083638', 1, 'ศุภกิจ', 'ไชยรินทร์', 1),
('1570700203871', 3, 'ธัญญาภรณ์', 'เตมีศักดิ์', 1),
('1570900054143', 1, 'กฤษดา', 'กามนต์', 1),
('1571000067525', 3, 'อดิศา', 'แซ่ลี่', 1),
('1571100075970', 4, 'วันวิสา', 'นาตัน', 1),
('1571100138190', 1, 'ธนพงศ์', 'พรหมเรืองฤทธิ์', 1),
('1579900027870', 3, 'ณัฏยา', 'ราชคมน์', 1),
('1579900277540', 1, 'สาคร', 'คำมี', 1),
('1579900505895', 1, 'จิรายุ', 'แสงปิมปา', 1),
('1579900565626', 9, 'ณิศาชล', 'ประธานราษฎร์', 1),
('1579900917697', 3, 'ลีลภา', 'เรืองภารัตน์', 1),
('1580400013758', 3, 'ภัทรวีร์', 'เตชะวรากร', 1),
('1580400089274', 1, 'ดวงดี', 'อมรศรีคงคา', 1),
('1580400091741', 1, 'ศุภักษร', 'กันเต็ง', 1),
('1580400127583', 1, 'ธีรวัฒน์', 'วิอุ่น', 1),
('1580400184595', 3, 'ธัญลักษณ์', 'เกตุกิ่ง', 1),
('1580401247680', 3, 'รมิตา', 'บุญรัง', 1),
('1580500049711', 2, 'พรรณิภา', 'ฉันทะวงค์', 1),
('1580500060910', 1, 'เจตน์', 'แสนชัย', 1),
('1580600023129', 3, 'วราภรณ์', 'เหมยนรินทร์', 1),
('1589900055628', 3, 'ชุติมา', 'เจริญผล', 1),
('1600100077296', 1, 'อุเทน', 'วงษ์ซีวะสกุล', 1),
('1600100566912', 1, 'อธิการ	', 'พูนฉนวน', 1),
('1600101857538', 3, 'พิชชานันท์', 'เสนาธรรม', 1),
('1601100015674', 1, 'ณรงค์ศักดิ์', 'พลแก้ว', 1),
('1609900427826', 3, 'ภาสุรี', 'มียันต์', 1),
('1629900249723', 1, 'สุทธิพงษ์', 'มีสุข', 1),
('1630400048631', 1, 'สิทธิราช', 'ปิติเตชะ', 1),
('1639800123639', 2, 'ขนิษฐา', 'วะเท', 1),
('1639800220022', 3, 'เมทิกา', 'ศุภณัฐชัญชนา', 1),
('1639900147637', 1, 'ชานนท์', 'คำปิวทา', 1),
('1639900200147', 3, 'ภทรกรณ์', 'บุญยงค์', 1),
('1639900327660', 1, 'พนาวุธ', 'อินชูพงษ์', 1),
('1640100280369', 1, 'กิตติภัทร', 'หมีคำ', 1),
('1640400010847', 3, 'มนัส', 'จันเดช', 1),
('1640900069816', 3, 'พนิดา', 'คำอ้าย', 1),
('1650101116147', 3, 'พรรษเฉลิม', 'ณ ลำปาง', 1),
('1650400008818', 2, 'พิชญาภา', 'ไชยวรรณ', 1),
('1659900283069', 2, 'ชลัณรัศม์', 'วังซ้าย', 1),
('1659900459817', 1, 'พิทักษ์', 'รอบจังหวัด', 1),
('1659900846039', 3, 'ชลนิชา', 'แสงสว่าง', 1),
('1660100013204', 1, 'ปิติพงษ์', 'ปิ่นแก้ว', 1),
('1660600012681', 3, 'กิตติยา', 'แก้วสิงห์', 1),
('1669800167806', 1, 'ณัฐภรณ์', 'พันธวงค์', 1),
('1669900342855', 3, 'ตวงรัตน์', 'ยะจอม', 1),
('1679900266580', 1, 'ชัชพล', 'พักตร์ใส', 1),
('1710100141813', 1, 'ธนพิพัฒน์ ', 'วัจนเศรษฐกุล', 1),
('1729900141832', 2, 'ณปภัช', 'ช่างสกล', 1),
('1730600113215', 3, 'ภัทราพร', 'มะโนคำ', 1),
('1739900665394', 1, 'ชินภัทธ์', 'เดชผล', 1),
('1779900107693', 1, 'นิติธรรม', 'โชติคณากุล', 1),
('1809900142994', 1, 'ธีรดลย์', 'สามัคคี', 1),
('1930300124848', 3, 'สมัชญา', 'ด้วงรัตน์', 1),
('2191100018617', 2, 'สุวาสิณี', 'วรฉัตร', 1),
('2480200017244', 1, 'อภินันท์', 'สุขโสม', 1),
('2510100012053', 3, 'พรพิมล', 'ปุ๊ดทา', 1),
('2510400001634', 1, 'นิวัฒน์', 'ไววุฒิ', 1),
('2510400013632', 3, 'สุพัตรา', 'ชัยธีรธรรม', 1),
('2520400012024', 3, 'สายฝน', 'ปาเมืองมูล', 1),
('2520700013271', 1, 'วุฒิชัย', 'ปราศรัย', 1),
('3100904637992', 2, 'อมรภัค', 'ธรรมสุภา', 1),
('3101202239301', 1, 'มิตร', 'มูลแก้ว', 1),
('3101501019043', 1, 'ณัฏฐพล', 'ขวัญเจริญ', 1),
('3101600646399', 3, 'ธิดาพร', 'อัมรากูล', 1),
('3102000953054', 1, 'พัฒนา', 'ยาใจ', 1),
('3102101814998', 2, 'บุบผา', 'อินต๊ะขัติย์', 1),
('3102200248281', 3, 'เนตรแก้ว', 'เปรโต', 1),
('3102400536574', 3, 'ณิชาภา', 'จันทร์เพ็ญ', 1),
('3110400111865', 3, 'ฐิภาพรรณ', 'โถมใย', 1),
('3110400133427', 2, 'เกษณี', 'เครือกลางรงค์', 1),
('3120600298225', 3, 'ปริมพร', 'จันทรเวคิน', 1),
('3120600404564', 2, 'รสสุคนธ์', 'รุดชาติ', 1),
('3130100178727', 1, 'อติจิตต์', 'ไม่มีทุกข์', 1),
('3140200078040', 2, 'วิภาพร', 'สิทธิกัน', 1),
('3140200160811', 2, 'ระพี', 'ไกรภพ', 1),
('3170400159531', 2, 'ดวงดาว', 'ชัยสาร', 1),
('3180400180638', 2, 'อังค์สุมาริน', 'ปาละจะเร', 1),
('3180500477250', 1, 'กุศล', 'ยอดดำเนิน', 1),
('3189900057604', 1, 'สมคิด', 'ไพรบูรณ์', 1),
('3200200495227', 2, 'ดวงพร', 'แก้วสุข', 1),
('3210100595238', 3, 'รุ่งนภา', 'ถนอมรอด', 1),
('3210400040835', 3, 'ถิรมน', 'จิตปรีชาสกุล', 1),
('3220100090471', 2, 'ดวงแก้ว', 'เทพสุวรรณ', 1),
('3220300426871', 1, 'นิกร', 'เหมือนสมัย', 1),
('3250200421258', 1, 'ภูวณัฐ ', 'โพธิ์งาม', 1),
('3300200086156', 1, 'วรพงศ์', 'แสนสิงห์', 1),
('3300600740546', 1, 'สุชาติ', 'ฝ่ายเทศ', 1),
('3300700358902', 1, 'วัชรพงษ์', 'วงศ์วีระพันธุ์', 1),
('3301400903884', 1, 'พีรศักดิ์', 'พรหมนิล', 1),
('3302000116789', 2, 'สิริภรณ์', 'แสงบุญเรือง', 1),
('3302000531581', 2, 'มูรติ', 'จัดของ', 1),
('3309901054348', 2, 'สิริวิมล', 'นิรันดร์กุลสิทธิ์', 1),
('3310400947937', 1, 'มานะ', 'หาญสุวรรณ', 1),
('3310700413521', 2, 'ณัฐกานต์', 'ดมประโคน', 1),
('3320101333571', 2, 'นิภาพิมพ์', 'ปิมปา', 1),
('3330200034059', 1, 'สัมฤทธิ์', 'กอไธสง', 1),
('3349700094482', 2, 'ชญานิศ', 'เขื่อนควบ', 1),
('3359900060255', 1, 'อุโฆษ', 'จันทะมาลา', 1),
('3360600212957', 1, 'วิญญู', 'ครองตาเนิน', 1),
('3361000099581', 2, 'เอมอร', 'ผลสนอง', 1),
('3400400287243', 1, 'ภาสกร', 'น้อยสุข', 1),
('3400500542903', 1, 'ดุษฎี', 'ศรีปรัชญ์', 1),
('3401600575791', 1, 'อดุลย์', 'พลงาม', 1),
('3409900941641', 1, 'เสกสรรค์', 'พิทักษ์ทา', 1),
('3409901116997', 2, 'ภาวี', 'อุ่นจิตร', 1),
('3411100827553', 2, 'บุญจันทร์', 'อินทรีย์', 1),
('3411700424883', 3, 'ชลธิชา', 'มะโยธี', 1),
('3411900338034', 2, 'ดวงพร', 'ริบแจ่ม', 1),
('3420300245140', 2, 'ญาดา', 'ตรีเนตร', 1),
('3430500997013', 1, 'สมบัติ', 'อัศวะสัย', 1),
('3440700091263', 1, 'สมบัติ', 'อุตรัตน์', 1),
('3440900008718', 2, 'ภัทรียา', 'กันทาดง', 1),
('3450800092008', 1, 'พิทักษ์', 'ภูมิดอนมิ่ง', 1),
('3459900024321', 2, 'ศิริญญา', 'ภวภูตานนท์ ณ มหาสารคราม', 1),
('3461000420192', 2, 'อโนชา', 'ปัญจบุรี', 1),
('3470100880348', 1, 'จิราวุฒิ', 'วงศ์พระครู', 1),
('3471000393381', 1, 'นิรันดร', 'หมื่นสุข', 1),
('3471200881673', 4, 'ไพรัตน์', 'สารพันธ์', 1),
('3471200958111', 2, 'กรณิศ', 'หาญกิจอุดมสุข', 1),
('3480700580086', 2, 'กีรติรัชต์', 'บุญธรรม', 1),
('3500100182101', 2, 'พัชรมณฑ์', 'ใจมา', 1),
('3500100360106', 2, 'ปาจารีย์', 'ปัญโญใหญ่', 1),
('3500200703897', 3, 'โสภา', 'แสนใจบาล', 1),
('3500300354452', 2, 'ทิพยรัตน์', 'คำทิพย์', 1),
('3500400353270', 2, 'สบันนา', 'มหาวรรณ์', 1),
('3500500137277', 2, 'ลำดวน', 'ติดทะ', 1),
('3500500208727', 4, 'สุรินทร์', 'บุญเลิศ', 1),
('3500500492395', 1, 'วิทยา', 'ไชยยาติ๊บ', 1),
('3500600151905', 1, 'สุชาติ', 'สถาพร', 1),
('3500600241742', 3, 'กนกนุช', 'พัชรประพันธุ์', 1),
('3500600457672', 4, 'กำจร', 'แสงงาม', 1),
('3500600542289', 4, 'เทียนชัย', 'สุวรรณ์', 1),
('3500700017348', 2, 'รัชนี', 'อุปนันท์', 1),
('3500700223754', 2, 'สุรีย์รัตน์', 'สุนันตา', 1),
('3500700437169', 2, 'จรรยา', 'แจ้งมงคล', 1),
('3500900179937', 1, 'อาทิตย์', 'ยี่แก้ว', 1),
('3500900479477', 2, 'นงค์นุช', 'นันทพานิช', 1),
('3500900897872', 1, 'กานต์นิธิ', 'เล็กกันทา', 1),
('3500900955341', 2, 'สรัญญา', 'เรือนคำ', 1),
('3501100128808', 2, 'อัญชลี', 'ขัดสงคราม', 1),
('3501100173048', 1, 'ศุภวัฒน์', 'จันทร์คำ', 1),
('3501100297081', 2, 'พิมพ์ใจ', 'แสนใจยา', 1),
('3501200046510', 1, 'ยุทธนา', 'บุญทา', 1),
('3501200070224', 2, 'จิดาภา', 'เฟื่องฟู', 1),
('3501200079213', 1, 'อนุรักษ์', 'ใชยลังกา', 1),
('3501200178866', 2, 'ฉฎาภา', 'ศรีพฤกษ์', 1),
('3501200182014', 1, 'บรรเจิด', 'คุรุกิจ', 1),
('3501200375904', 1, 'พิเชษฐ', 'ฟองศรี', 1),
('3501200441290', 3, 'พิชญา', 'คำปัน', 1),
('3501200699394', 2, 'บุษบา', 'ไพสิฐสิริรักษา', 1),
('3501200835280', 1, 'วรวิทย์', 'ใจบุญ', 1),
('3501200835361', 3, 'เดือนเพ็ญ', 'ใจบุญ', 1),
('3501200849957', 3, 'มนาภรณ์', 'อุ่นบ้าน', 1),
('3501201028515', 1, 'เดชกำพล', 'เจดีย์ยอด', 1),
('3501300071966', 4, 'พิชชากร', 'สมเสมอ', 1),
('3501300150742', 3, 'วราภรณ์', 'หน่อคำ', 1),
('3501300183578', 3, 'ชนม์ศุภางค์', 'คำนันท์ตา', 1),
('3501300392002', 2, 'กาญจนา', 'ขอน้อย', 1),
('3501300439696', 2, 'ใกล้รุ่ง', 'ยอดเงิน', 1),
('3501300440660', 1, 'วัชรชัย', 'ชัยสาร', 1),
('3501300525258', 3, 'สมจิต', 'ตุ่นแยง', 1),
('3501300797410', 4, 'ยชญ์ดิศพง', 'วุฒิการณ์', 1),
('3501300820152', 1, 'จิรัฐพงศ์', 'สุมนะ', 1),
('3501400084601', 2, 'ตรียาพร', 'พิบูลย์', 1),
('3501400373018', 3, 'นลินรัตน์', 'อิมิวัฒน์', 1),
('3501400650364', 3, 'กฤษณภรณ์', 'อิ่นแก้วดวงดี', 1),
('3501400696895', 3, 'ณัฏฐ์', 'ศรีวะโสภณ', 1),
('3501500014672', 3, 'ภัสรลักษณ์', 'ใจขัด', 1),
('3501500069868', 2, 'อรอนงค์', 'คำไทย', 1),
('3501500123072', 3, 'วัชราภรณ์', 'หมื่นแสน', 1),
('3501500229164', 1, 'อธิคม', 'ณะใจ', 1),
('3501500572195', 1, 'อภิรมย์', 'เฟื่องฟูกิจการ', 1),
('3501900160056', 1, 'วรัญญู', 'เรือนคำ', 1),
('3501900244730', 1, 'ประดิษฐ์', 'วังพฤกษ์', 1),
('3501900255987', 2, 'ยุวดี', 'พรหมนิล', 1),
('3501900424711', 3, 'ชลภัสส์', 'ปัญญารักษา', 1),
('3501900553074', 1, 'ธำรงค์', 'หน่อเรือง', 1),
('3501900637871', 2, 'พิศสมัย', 'สารพันธ์', 1),
('3509900005201', 1, 'ทันฤทธิ์', 'อินทรีย์', 1),
('3509900107136', 3, 'วิชิตา', 'สินธุบุญ', 1),
('3509900232364', 3, 'ดวงเดือน', 'จิตอารีย์', 1),
('3509900477006', 2, 'ภาวดี', 'ไชยวรรณ', 1),
('3509900530845', 3, 'อุบลรัตน์', 'จักร์แก้ว', 1),
('3509900553730', 2, 'ชนัดดา', 'ทิพย์เลิศ', 1),
('3509900732651', 1, 'ลัญจกร', 'ผลวัฒนะ', 1),
('3509900963717', 2, 'พิมพ์ทอง', 'มหาแก้ว', 1),
('3510100002595', 2, 'วรณัน', 'พรหมช่วย', 1),
('3510100034861', 2, 'จารวี', 'บัวขม', 1),
('3510100049443', 1, 'พิริยพงศ์', 'ธัมมาพีชยา', 1),
('3510100054315', 2, 'ศิรกาญจน์', 'จงสิริวัฒน์', 1),
('3510100064612', 2, 'พรพิมล', 'ณะลุนลี', 1),
('3510100084265', 1, 'กฤชาณัฏฐ์', 'เป้าแก้ว', 1),
('3510100088058', 2, 'กนกพร', 'อุสาหะพงษ์สิน', 1),
('3510100149375', 1, 'เสกสรรค์', 'ปิวศิลป์ศักดิ์', 1),
('3510100157548', 2, 'ปัณณรัศม์', 'ศรีตระกูลวงค์', 1),
('3510100164501', 1, 'สุมิตร', 'ปัญโญ', 2),
('3510100189491', 3, 'อัญชลี', 'ศรีวิชัย', 1),
('3510100199411', 1, 'ประทีป', 'คำเรืองฤทธิ์', 1),
('3510100202403', 2, 'จิราวรรณ', 'ธรรมยศ', 1),
('3510100207260', 2, 'กัญจน์กนก', 'ปัญญาหลวงรัตน์', 1),
('3510100241182', 2, 'ธัญญารักษ์', 'พันนาม', 1),
('3510100246974', 1, 'วิวัฒน์', 'วรกัลป์', 1),
('3510100247407', 2, 'ชิดชล', 'สมนาศักดิ์', 1),
('3510100262953', 3, 'นัฏฐิยา', 'เมืองอินทร์', 1),
('3510100263585', 3, 'จิราวรรณ', 'ม่วงจันทร์', 1),
('3510100264581', 2, 'ละไม', 'สุขสาร', 1),
('3510100293476', 3, 'จารุนีย์', 'ใจแจ่ม', 1),
('3510100301100', 3, 'เจนจิรา', 'จิติธรรม', 1),
('3510100340555', 1, 'ศยานันท์', 'ยารังฝั้น', 1),
('3510100341055', 3, 'เบญจวรรณ', 'จอมคำ', 1),
('3510100342264', 1, 'จักริน', 'อินทนนท์', 1),
('3510100369821', 1, 'ทวีป', 'นวคุณานนท์', 1),
('3510100440380', 3, 'นิตยา', 'มะโนคำ', 1),
('3510100475906', 2, 'ณัชชา', 'เตจะโสด', 1),
('3510100493866', 2, 'พรรณภา', 'ด้วงทอง', 1),
('3510100554822', 2, 'ภูสิตา', 'จินดาหลวง', 1),
('3510100557511', 1, 'ปรีชา', 'มีแจ้', 1),
('3510100653791', 2, 'สมหวัง', 'หล้าหนัก', 1),
('3510100657460', 3, 'ณษมา', 'วงค์โสมะ', 1),
('3510100697151', 1, 'ภัทรวิชญ์', 'กานันใจ', 1),
('3510100700829', 2, 'นฤชล', 'พิมพ์สว่าง', 1),
('3510100718272', 1, 'ปิยฉัตร', 'ไชยแก้ว', 1),
('3510100728499', 1, 'อุทัย', 'กันทาแจ่ม', 1),
('3510100807569', 2, 'พิมพ์นารา', 'จันทร์กิตติคุณ', 1),
('3510100822681', 2, 'จิรนันท์', 'ทำกล้า', 1),
('3510100827667', 1, 'เสฐียรพงษ์', 'จีนมะนี', 1),
('3510100834647', 2, 'ฐิตาพร', 'คำวังพฤกษ์', 1),
('3510100836933', 3, 'เยาวนุท', 'ศรีวิชัย', 1),
('3510100841449', 1, 'นิธิกรณ์', 'เนตรนิลพฤกษ์', 1),
('3510100876358', 1, 'ปฐวี', 'แสงยาสมุทร', 1),
('3510100878458', 1, 'ทศปธน', 'พุทธิมา', 1),
('3510100879632', 2, 'วัลภา', 'อินทร์แปลง', 1),
('3510100914195', 1, 'สุทธินันท์', 'ญาณะตัน', 1),
('3510100966845', 1, 'ปรีดา', 'ยะธิมา', 1),
('3510100969712', 2, 'ศิราพร', 'พุฒิเศรษฐ์', 1),
('3510101004541', 2, 'ถิรวรรณ์', 'ใจบุญนอก', 1),
('3510101019068', 2, 'ลิษา', 'นาคจันทร์', 1),
('3510101022123', 3, 'ศิริขวัญ', 'คำจันทร์', 1),
('3510101028296', 2, 'ประภัสสร', 'พรมคำตัน', 1),
('3510101037881', 1, 'รุ่งสยาม', 'เสนางาม', 1),
('3510101049226', 3, 'ทัศนวรรณ', 'กันทาเดช', 1),
('3510101049757', 3, 'เอื้อมเดือน', 'ปินตาวะนา', 1),
('3510101081936', 2, 'จารุวรรณ', 'ชมเดช', 1),
('3510101083408', 2, 'ปุณยนุช', 'ทาตะนี', 1),
('3510101092792', 3, 'สายฝน', 'ส่องศรี', 1),
('3510101156618', 1, 'นิคม', 'โท๊ะลงธง', 1),
('3510101158688', 3, 'อัมพวัน', 'ภัทรลิขิต', 1),
('3510101204019', 1, 'วีระชาติ', 'จีปูคำ', 1),
('3510101216602', 1, 'ยุทธนา', 'เรือนสุภาธง', 1),
('3510101229593', 1, 'เกรียงศักดิ์', 'จันทร์วงค์', 1),
('3510101232781', 3, 'รพี', 'อาภัย', 1),
('3510101268459', 2, 'อ้อยใจ', 'ประเสริฐสังข์', 1),
('3510101313861', 3, 'นิตยา', 'นะพินธุ์', 1),
('3510101324651', 3, 'สิรัชชา', 'วงค์คม', 1),
('3510101326548', 3, 'นภัสวรรณ', 'อิกำเหนิด', 1),
('3510101345640', 1, 'ณัฐกันต์', 'เป็งธรรม', 1),
('3510101354495', 1, 'ประหยัด', 'จิตอารี', 1),
('3510101365799', 3, 'จิตรา', 'สมพิงค์', 1),
('3510200089471', 3, 'ประภารัตน์', 'หล้ากาศ', 1),
('3510200093355', 2, 'เบญจวรรณ', 'บุญสุวรรณ', 1),
('3510200096249', 3, 'สาวิตรี', 'ไชยเทพ', 1),
('3510200123408', 2, 'แจ่มจรัส', 'คำวงษา', 1),
('3510200131141', 2, 'กัญญานิษฐ์', 'ปวนกาศ', 1),
('3510200136097', 2, 'ณัฐกานต์', 'นันตากาศ', 1),
('3510200136101', 2, 'ปัณณิกา', 'แก้วกาศ', 1),
('3510200269526', 3, 'วินิตา', 'แสนโส', 1),
('3510200303333', 1, 'ดนุพล', 'วงศ์พนัสสัก', 1),
('3510200359673', 1, 'อำนาจ', 'เดชาสวัสดิ์', 1),
('3510300015542', 3, 'อรวรรณ', 'กันธะพงศ์', 1),
('3510300018894', 3, 'วรัญญา', 'เป็งปิง', 1),
('3510300029209', 2, 'ศิริเพ็ญ', 'พินิจพรรณ', 1),
('3510300029233', 3, 'นัยนา', 'หมื่นจำปา', 1),
('3510300029381', 1, 'สถิตย์', 'ขาวปอน', 1),
('3510300030835', 2, 'กิ่งกาน', 'กองแสง', 1),
('3510300032242', 3, 'อำไพ', 'สิทธิกาน', 1),
('3510300036051', 2, 'ณิชดาภา', 'จอมมูล', 1),
('3510300038135', 2, 'พัชราภรณ์', 'ธนาไพศาลสิทธิ์', 1),
('3510300041837', 2, 'อัมพร', 'วรรณแก้ว', 1),
('3510300046456', 3, 'ชนิสรา', 'พันวัน', 1),
('3510300049986', 2, 'ลักษณา', 'ไชยคำร้อง', 1),
('3510300050062', 3, 'สุภาพร', 'เป็งปิง', 1),
('3510300107064', 2, 'พันนภา', 'วลีดำรงค์', 1),
('3510300107595', 1, 'สุธีร์', 'จิตหาญ', 1),
('3510300111720', 2, 'พัชรินทร์', 'พรทรานนท์', 1),
('3510300118554', 2, 'นุชรินทร์', 'พรมรักษา', 1),
('3510300122314', 1, 'คงวิทย์', 'เขื่อนควบ', 1),
('3510300125461', 3, 'วัชรินทร์', 'แก้วมูล', 1),
('3510300136901', 1, 'ประสงค์', 'เลิศสมบัติพลอย', 1),
('3510300141009', 2, 'ลาวัลย์', 'ขยันขาย', 1),
('3510300144041', 1, 'สมาน', 'จันทร์ธง', 2),
('3510300213476', 2, 'กาญจนา', 'เหลืองทา', 1),
('3510300216220', 2, 'อุมาพร', 'แก้วปวน', 1),
('3510300221304', 2, 'ณัฐภรณ์', 'เดชเกาะเต่า', 1),
('3510300240597', 2, 'สุภาภรณ์', 'พิพัฒน์วุฒิกุล', 1),
('3510300249454', 2, 'รัชฎาพร', 'จันทาเวียง', 1),
('3510300261705', 3, 'ชลิดา', 'โอดบาง', 1),
('3510300265310', 2, 'มณีรัตน์', 'ภิญโญ', 1),
('3510300289677', 1, 'ชาญณรงค์', 'สมบัติใหม่', 1),
('3510300301405', 3, 'สุทธิพร', 'ก้อนสิน', 1),
('3510300311478', 3, 'สายพิน', 'วิริยะ', 1),
('3510300322798', 3, 'สุภาณี', 'วงค์ปวน', 1),
('3510300327129', 3, 'กนกวรรณ', 'วงศ์ษายะ', 1),
('3510300373236', 3, 'กาญจนา', 'พรหมซาว', 1),
('3510300379471', 2, 'ศิริญญา', 'หล้าเต็น', 1),
('3510300383878', 1, 'รณรงค์', 'ชัยห้วยห้า', 1),
('3510300386362', 2, 'ชนกนันท์', 'ทะนานแก้ว', 1),
('3510300395965', 2, 'สถิรดา', 'กิติเวียง', 1),
('3510300402309', 1, 'กฤษฎิ์ชาญ', 'รุ่นบาง', 1),
('3510400026031', 2, 'วาสนา', 'ศรีกิตตินนท์', 1),
('3510400058430', 3, 'เบญจวรรณ', 'เตจ๊ะวงศ์', 1),
('3510400070740', 2, 'โชติกา', 'อโนต๊ะ', 1),
('3510400071614', 1, 'นิรันดร', 'ปาละมา', 1),
('3510400095947', 2, 'อำไพ', 'หน่อเรือง', 1);
INSERT INTO `combined_data` (`pid`, `prefix`, `fname`, `lname`, `role_id`) VALUES
('3510400096137', 1, 'อนุรักข์', 'สุขใจ', 1),
('3510400113406', 1, 'ณัฐวุฒิ', 'กันธิยะเทพ', 1),
('3510400168553', 2, 'แสงทอง', 'ธนเรืองสุวรรณ', 1),
('3510400192276', 3, 'ระพีพันธ์', 'กันธิมา', 1),
('3510400201551', 3, 'ภูชณิษา', 'แดงชัย', 1),
('3510400202140', 1, 'สถาพร', 'ใหม่ทองดี', 1),
('3510400203839', 3, 'บุญเรือน', 'อุดสม', 1),
('3510400207117', 2, 'นิจนภา', 'วัฒนาสกุลไทย', 1),
('3510400210975', 3, 'พิมพ์พรรณ', 'ยศเมา', 1),
('3510400230712', 2, 'ณภัค', 'ฐิติมนัส', 1),
('3510400232804', 1, 'สยาม', 'พรหมใจ', 1),
('3510400245264', 1, 'ธีรวัฒน์', 'อินต๊ะขัติย์', 1),
('3510400265249', 2, 'กชกร', 'กันตีฟอง', 1),
('3510400277522', 1, 'สง่า', 'แก้วสร้อย', 1),
('3510400319209', 3, 'ดุษฎี', 'วัฒนคามินทร์', 1),
('3510400352753', 3, 'รุ่งเรือง', 'นันทะวิจิตร', 1),
('3510400370107', 3, 'ธีรตา', 'อินตา', 1),
('3510400439166', 3, 'ศรัญญา', 'คัมภีระมนต์', 1),
('3510400459426', 1, 'สายัณห์', 'จันทร์ตาลบ', 1),
('3510400486091', 1, 'อธิษฐ์', 'กวินวิศิษฐ์', 1),
('3510400488116', 2, 'อมรพรรณ', 'สืบสม', 1),
('3510400507030', 3, 'ชไมพร', 'แก้วนา', 1),
('3510500060169', 2, 'พิชญา', 'หล้าเป็ง', 1),
('3510500146641', 3, 'วัฒนา', 'สุจาดึก', 1),
('3510600011330', 1, 'ธนา', 'กัณทวีชัย', 1),
('3510600014762', 3, 'ภูษณิศา', 'บริหาร', 1),
('3510600043576', 1, 'พงศ์นรินทร์', 'อินกองงาม', 1),
('3510600049094', 1, 'เอกดน', 'อินต๊ะปัน', 1),
('3510600050157', 2, 'นงพงา', 'เตจ๊ะแก้ว', 1),
('3510600052982', 2, 'นภัสสร', 'วงศรีคุณถาวร', 1),
('3510600106039', 3, 'เบญจวรรณ', 'ไชยองการ', 1),
('3510600107183', 2, 'จันทร์เพ็ญ', 'ยอดยา', 1),
('3510600129993', 2, 'ภคนันท์', 'อักษรทับ', 1),
('3510600162842', 2, 'รัชนี', 'ตันมิ่ง', 1),
('3510600163334', 1, 'วิญญู', 'รุจิระปรีชากุล', 1),
('3510600175847', 2, 'ศิริพร', 'วงศ์หล้า', 1),
('3510600178498', 3, 'จิราพร', 'ปัญโญ', 1),
('3510600234851', 3, 'วิไลลักษณ์', 'คุณานวน', 1),
('3510600247040', 1, 'ณัฐพงษ์', 'กันทาดง', 1),
('3510600251144', 4, 'บัณฑิต', 'จันทน', 1),
('3510600257924', 1, 'ปริญญา', 'ปัญญาฟู', 1),
('3510600263053', 1, 'พิชิต', 'คำบุรี', 1),
('3510600287700', 2, 'กมลทิพย์', 'สายสุวรรณ', 1),
('3510600289371', 2, 'สุทธิชา', 'ไพรบูรณ์', 1),
('3510600289401', 3, 'เยาวภา', 'คำสม', 1),
('3510600301451', 2, 'กานดา', 'เขื่อนเพ็ชร', 1),
('3510600313450', 2, 'ฉายกุศล', 'แสนสิงห์', 1),
('3510600318435', 2, 'ศิลาพร', 'บุญทาจันทร์', 1),
('3510600354156', 1, 'จิรานนท์', 'วิชัยคำ', 1),
('3510600372332', 2, 'รุจิรา', 'ชัยวัง', 1),
('3510600406288', 1, 'จรูญ', 'งามหมู', 2),
('3510600427340', 2, 'กิ่งกาญจน์', 'โสภาวิบูลรัตน์', 1),
('3510600431703', 2, 'สุทธิพร', 'เกียรติวิภาค', 1),
('3510600435458', 1, 'วิโรจน์', 'ชมภูศรี', 1),
('3510600486800', 1, 'สุเทพ', 'ใจยะปัน', 1),
('3510600488870', 1, 'บุญทวี', 'ตะยะพงค์', 1),
('3510600520773', 2, 'โสภิต', 'ปินตาดง', 1),
('3510600536688', 2, 'ศิริพร', 'ปัญญาอุ้ย', 1),
('3510600562379', 1, 'อรรถพล', 'ปินคำ', 1),
('3510600585069', 1, 'เลิศฤทธิ์', 'เลิศรัตนวิจิตร', 1),
('3510600607046', 1, 'จักรพงษ์', 'ใจปัญญา', 1),
('3510600607160', 1, 'วิทยา', 'วรรณมะกอก', 1),
('3510600622258', 2, 'ธัญญา', 'ไม่มีทุกข์', 1),
('3510600622533', 2, 'ประกายคำ', 'พรมณะ', 1),
('3510600643956', 2, 'สุพัตรา', 'วรรณมะกอก', 1),
('3510600659186', 2, 'รัตนา', 'กันทาดง', 1),
('3510600673669', 1, 'วิเศก', 'บุญอุปละ', 1),
('3510600675602', 1, 'สุรพงษ์', 'จ๋าก๋าง', 1),
('3510600695506', 1, 'สนั่น', 'มาละแซม', 1),
('3510600701204', 2, 'ยุพินธ์', 'บุญเทพ', 1),
('3510600702499', 3, 'จริญญารักษ์', 'ชัยมงคล', 1),
('3510600720306', 1, 'เฉลิมชนม์', 'ดู่สอน', 1),
('3510600730107', 2, 'รุ้งตะวัน', 'ไชยเจริญ', 1),
('3510600739171', 2, 'รัตนา', 'คำตาบุตร', 1),
('3510600741753', 3, 'จันทร์ประภา', 'เตจาคำ', 1),
('3510600749746', 1, 'ศราวุฒิ', 'สุภายอง', 1),
('3510600761541', 1, 'กัมพล', 'คำเวียง', 1),
('3510600777316', 1, 'ทรงยศ', 'เอี่ยมสุกใส', 1),
('3510600787907', 2, 'มารศรี', 'รวมสุข', 1),
('3510600805239', 2, 'กันยากร', 'วงค์ไชยา', 1),
('3519900002148', 2, 'ยุภาวดี', 'วงศ์สุวรรณ', 1),
('3519900019598', 3, 'พรศิลป์', 'มโนเพ็ญ', 1),
('3519900045602', 2, 'จันทร์ตรี', 'เฟื่องฟู', 1),
('3519900046072', 1, 'ศราวุฒิ', 'มินธง', 1),
('3519900055764', 2, 'ผกาพรรณ', 'อินปั๋นแก้ว', 1),
('3519900057163', 3, 'มณีรักษ์', 'เอ็นเมืองเหล็ก', 1),
('3519900058828', 2, 'อมรรัตน์', 'ตันไชย', 1),
('3519900064852', 3, 'ดลหทัย', 'อินทร์จันทร์', 1),
('3519900065581', 3, 'อัจฉรา', 'ธีรวิทยานุกุล', 1),
('3519900074947', 2, 'วาริณี', 'พรมศรี', 1),
('3519900084764', 3, 'สุภาวดี', 'ศรีบุรี', 1),
('3519900088484', 2, 'กัลยา', 'จันทรา', 1),
('3519900096703', 2, 'ลาวัลย์', 'สุริยะวงค์', 1),
('3519900097661', 2, 'สุภารัตน์', 'วังพฤกษ์', 1),
('3519900101413', 1, 'อนันต์', 'ไทยเครือ', 2),
('3519900103530', 2, 'ปริญญารัตน์', 'เตชะมงคล', 1),
('3519900104111', 1, 'เดชรบ', 'ชำนาญณรงค์', 1),
('3520100017347', 3, 'สุปราณี', 'กาศเกษม', 1),
('3520100053068', 3, 'สายทอง', 'อินถาสาร', 1),
('3520100058302', 1, 'รังสรรค์', 'มาปลูก', 1),
('3520100066640', 4, 'ขวัญเรือน', 'เพ็งมา', 1),
('3520100093779', 1, 'ทศวัฒน์', 'หอมแก่นจันทร์', 1),
('3520100094694', 2, 'เกสร', 'ศรีสวย', 1),
('3520100105394', 3, 'ตรีนุช', 'เพชรแสนงาม', 1),
('3520100114440', 2, 'นันท์นภัส', 'ไสยาทา', 1),
('3520100131239', 2, 'จุฑาทิพย์', 'นิมิตรเกียรติไกล', 1),
('3520100136591', 3, 'กาญจนา', 'ศิริวงค์', 1),
('3520100137369', 4, 'สชญา', 'หล้าอินเชื้อ', 1),
('3520100137474', 2, 'จีรารัตน์', 'แก้วบุญเรือง', 1),
('3520100144241', 2, 'ธิดารัตน์', 'ศรีชัยตัน', 1),
('3520100147941', 2, 'ฐิตารฎาฏ์', 'อมรสิริหิรัญ', 1),
('3520100149791', 2, 'ปารมี', 'สุปินะ', 1),
('3520100156827', 1, 'ศานติกรศิ์', 'วงค์เขียว', 1),
('3520100181520', 2, 'นงนุช', 'แสนเงิน', 1),
('3520100205267', 2, 'ปภาดา', 'รัตนประทีป', 1),
('3520100207022', 2, 'พรรณี', 'ใจสาร', 1),
('3520100251528', 2, 'อรชร', 'ฤกษ์วัลย์', 1),
('3520100285198', 2, 'กัลย์ฐิตา', 'ศรัทธาจารุพงศ์', 1),
('3520100289223', 1, 'อุดมศักดิ์', 'แสนจิตต์', 1),
('3520100293981', 1, 'ปภพ', 'สุรินทร์', 2),
('3520100294472', 3, 'กฤติยา', 'วรศรี', 1),
('3520100303277', 3, 'สุพิศ', 'แก้วบุญเรือง', 1),
('3520100316344', 2, 'รัชนก', 'ตั้งใจ', 1),
('3520100320937', 3, 'วัชราภรณ์', 'สายวงค์', 1),
('3520100365272', 3, 'มนสิกานต์', 'ยุกติชาติ', 1),
('3520100379974', 1, 'พีรวุทธิ์', 'สีดาบุตร', 1),
('3520100390064', 2, 'สุมาลี', 'งิ้วงาม', 1),
('3520100397841', 3, 'ชุลีพร', 'พูลทวี', 1),
('3520100402704', 1, 'คุณานนต์', 'อุปะทะ', 2),
('3520100424252', 3, 'กรวรรณ', 'พิฆเนศวร', 1),
('3520100426352', 3, 'อนัญญา', 'สุวรรณรงค์', 1),
('3520100442471', 3, 'พิศสุดา', 'วรรณโสภา', 1),
('3520100468047', 2, 'ธมลพรรณ์', 'ยอดคำ', 1),
('3520100473865', 3, 'อริญา', 'วงศ์ชัย', 1),
('3520100519067', 2, 'นภัสวรรณ', 'ทาไชยวงค์', 1),
('3520100564674', 3, 'อัญชลี', 'ยอดศรี', 1),
('3520100572898', 1, 'อนุพันธ์', 'ปัญญาอุ้ย', 1),
('3520100575951', 2, 'เยาวนุช', 'ใจจิต', 1),
('3520100590390', 3, 'ษมาภรณ์', 'สายวงศ์ปัญญา', 1),
('3520100604340', 2, 'สุดรัก', 'ราชประสิทธิ์', 1),
('3520100638813', 1, 'ชัยณรงค์', 'ภักศิลป์', 1),
('3520100658334', 2, 'กัญญารัตน์', 'นาคอ่อน', 1),
('3520100676278', 2, 'สุมิตตา', 'แสงหงษ์', 1),
('3520100702864', 1, 'วิทวัส', 'ศักดาศิริสถาพร', 1),
('3520100718132', 2, 'พนิดา', 'สถาพร', 1),
('3520100719601', 2, 'นิธิวดี', 'วีเกต', 1),
('3520100830366', 2, 'มยุรี', 'ท้าวศรีชัย', 1),
('3520100848362', 1, 'ฐิติพงศ์', 'มิ่งเชื้อ', 1),
('3520100874771', 3, 'อรทัย', 'สมจันทร์ตา', 1),
('3520100885993', 2, 'สุพรทิพย์', 'เปี้ยปลูก', 1),
('3520100902685', 2, 'วราลักษณ์', 'เสาร์แก้ว', 1),
('3520100908209', 3, 'สุภาพร', 'หลักคำ', 1),
('3520100924646', 2, 'อริศรา', 'บุญยืน', 1),
('3520100937241', 2, 'พรพรรณ์', 'ไชยเมือง', 1),
('3520100941443', 1, 'ศิริวัฒน์', 'ละคำปา', 1),
('3520100947395', 2, 'กัญญารัตน์', 'มูลวิชา', 1),
('3520100947778', 2, 'อำไพ', 'พิชิตสันต์', 1),
('3520100993052', 1, 'ชัยภูมิ', 'สมกูล', 1),
('3520101027435', 2, 'กัญญารัตน์', 'สุมนะ', 1),
('3520101032714', 2, 'มนฑิรา', 'เจดีย์ปัน', 1),
('3520101039620', 2, 'รัตนา', 'มั่นคง', 1),
('3520101070314', 1, 'สุวรรณ', 'ยี่ยวน', 1),
('3520101132921', 3, 'ศิริพร', 'แพงสวัสดิ์', 1),
('3520101197870', 3, 'พัชรกรณ์', 'ชัยชนะ', 1),
('3520101264658', 3, 'มณีรัตน์', 'แก้วมงคล', 1),
('3520101275056', 2, 'ปรารถนา', 'จันทร์ปัญญา', 1),
('3520101277369', 2, 'อัญชลี', 'ไชยดี', 1),
('3520101286384', 2, 'สราทิพย์', 'สีมาขจร', 1),
('3520101309635', 2, 'อุบล', 'พิทักษ์ทา', 1),
('3520101310561', 2, 'พัชรินทร์', 'สุภายอง', 1),
('3520101324740', 1, 'คงเดช', 'เทพคำปิ๋ว', 1),
('3520101329571', 1, 'อุดร', 'บุญชุม', 1),
('3520101356510', 2, 'อุทุมพร', 'เกิดมงคล', 1),
('3520101359225', 1, 'ณัฐพงษ์', 'ตันมิ่ง', 1),
('3520101361599', 2, 'ณัฐวรา', 'ดอนดี', 1),
('3520101416717', 2, 'ศรีนวย', 'สำอางค์ศรี', 1),
('3520101422580', 2, 'ศศิธร', 'บุญชุม', 1),
('3520101443366', 2, 'ภิญญาพัชญ์', 'พรหมอินทร์', 1),
('3520101479948', 2, 'อัญญ์ชลีย์', 'สิทธิ', 1),
('3520101506210', 3, 'ศรีวรรณ', 'อุทธาเครือ', 1),
('3520101571585', 1, 'ธีรพงษ์', 'บุญสมปาน', 1),
('3520101571615', 1, 'อุเทน', 'ระวังวงศ์', 1),
('3520200006991', 1, 'บัณฑูรย์', 'ธิแก้ว', 1),
('3520200034839', 1, 'นิรันทร์', 'ศรีไชยพงศ์', 1),
('3520200053434', 2, 'ณัชชารีย์', 'ศรีไชยพงศ์', 1),
('3520200227254', 2, 'ดวงฤทัย', 'จันทรวรเชตต์', 1),
('3520300023961', 1, 'พนัชกร', 'ไชยานนท์', 1),
('3520300075511', 3, 'ชุติกาญจน์', 'ซองเงิน', 1),
('3520300100809', 2, 'ลลิตา', 'ประชุมฉลาด', 1),
('3520300117604', 2, 'สมหมาย', 'กันธิดา', 1),
('3520300158297', 1, 'เริง', 'ขัดทะเสมา', 1),
('3520300217323', 2, 'ปาริฉัตร', 'พนมการ', 1),
('3520300253656', 1, 'ปิยะดนัย', 'วิเคียน', 1),
('3520300312792', 2, 'ดอกรัก', 'ทานิล', 1),
('3520300438150', 2, 'นวลจันทร์', 'ฮวบน้อย', 1),
('3520300503211', 2, 'อมรพรรณ', 'อินทร์ต๊ะสืบ', 1),
('3520300510209', 1, 'ณัฐพล', 'พิไสย', 1),
('3520300521693', 1, 'สุรชัย', 'จอมแปง', 1),
('3520300595166', 3, 'ธนภรณ์', 'เตจ๊ะ', 1),
('3520400005841', 1, 'ประเทือง', 'ภูเขียว', 1),
('3520400007118', 1, 'อาริน', 'เขื่อนแก้ว', 1),
('3520400067803', 2, 'สุกัลยา', 'ศิริน้อย', 1),
('3520400071002', 1, 'จีรศักดิ์', 'ถาน้อย', 1),
('3520400072386', 2, 'สุดเฉลียว', 'ไทยกรรณ์', 1),
('3520400172399', 3, 'กชพรรณ', 'สีหะเตโช', 1),
('3520400189321', 3, 'ธมลวรรณ', 'ใจคำวัง', 1),
('3520400196450', 2, 'แววดาว', 'เมืองใจ', 1),
('3520400208121', 1, 'ธีระพันธ์', 'ปงกาวงศ์', 1),
('3520400226634', 3, 'ณัฐชญา', 'ยศข่าย', 1),
('3520400245655', 2, 'ณาลัย', 'รินฤทธิ์', 1),
('3520400257904', 1, 'ราเชนทร์', 'ปาละจะเร', 1),
('3520400259958', 1, 'เฉลิมพันธ์', 'แก้วประเสริฐ', 1),
('3520400289806', 1, 'นพพร', 'ปุกคำ', 1),
('3520400294354', 3, 'พจนารถ', 'เทพวาลย์', 1),
('3520500005281', 3, 'อนุธิตา', 'ปวงแก้ว', 1),
('3520500005290', 1, 'ธิษณ์', 'ปวงแก้ว', 1),
('3520500015279', 2, 'สมบูรณ์', 'ใจเอื้อน', 1),
('3520500021562', 1, 'ธิปไตย', 'รุ่งเลิศ', 1),
('3520500037248', 3, 'นงนุช', 'จิตตา', 1),
('3520500039038', 1, 'อรรถพงษ์', 'เฟื่องฟู', 1),
('3520500042691', 1, 'วิชัย', 'วงศ์ไชย', 1),
('3520500042772', 2, 'นุสริน', 'อุบลศรี', 1),
('3520500045658', 1, 'ศรีรัตน์', 'คำตาบุตร', 1),
('3520500047022', 2, 'นุชธิชา', 'ทินวงษ์', 1),
('3520500049807', 2, 'รัตติกาล', 'เงินมูล', 1),
('3520500054118', 3, 'ปุณยนุช', 'นนทสัย', 1),
('3520500056676', 3, 'อรพิม', 'เพิ่มสมัคร', 1),
('3520500080909', 2, 'ผ่องพรรณ', 'จิตสง่า', 1),
('3520500083215', 1, 'สุชาติ', 'ฉัตรเจต', 1),
('3520500091161', 2, 'ปัฐมาภรณ์', 'นรภัทรพิมล', 1),
('3520500093491', 2, 'อรพิน', 'ควรสุวรรณ', 1),
('3520500105090', 3, 'ภัทิรา', 'กาวินันท์', 1),
('3520500124736', 2, 'ธัญลักษณ์', 'ศรีไชยชนะ', 1),
('3520500144524', 2, 'นฤมล', 'สกุลไทย', 1),
('3520500147205', 3, 'โสภาภรณ์', 'มังแก้ว', 1),
('3520500149666', 1, 'สุวัฒน์', 'ท้าวเขื่อน', 1),
('3520500157171', 3, 'อรุณีย์', 'กองนาค', 1),
('3520500158321', 2, 'เพ็ญศรี', 'รุ่งฉัตร', 1),
('3520500158908', 2, 'นารี', 'ใจดี', 1),
('3520500216703', 1, 'สุพจน์', 'บุญมาเทพ', 1),
('3520500231664', 1, 'อภิรัตน์', 'กาชัย', 1),
('3520500348995', 3, 'กลิ่นสุคนธ์', 'งามสวย', 1),
('3520500363706', 2, 'กชพรรณ', 'ยอดใจ', 1),
('3520500372276', 2, 'กิ่งเพชร', 'อินทร์แฝง', 1),
('3520500373094', 2, 'เบญญทิพย์', 'ธิกานนท์', 1),
('3520500387737', 2, 'ณัฐสุดา', 'ท้าวเขื่อน', 1),
('3520500447292', 3, 'ลัดดาวัลย์', 'เตชะนา', 1),
('3520500461431', 2, 'ชรินรัตน์', 'สิขิวัฒน์', 1),
('3520500475601', 1, 'ดุสิต', 'กันทะมา', 1),
('3520500483850', 1, 'อังคาร', 'เงินมูล', 2),
('3520500500657', 1, 'ธงชัย', 'สระแก้ว', 1),
('3520500527024', 4, 'เฉลิมศักดิ์', 'นนทมาลย์', 1),
('3520600010589', 2, 'วรัฐทยา', 'ฝั้นสืบ', 1),
('3520600015611', 3, 'นงลักษณ์', 'สิทธิบุญ', 1),
('3520600016544', 1, 'สรภูมิ', 'เจียงสงวน', 1),
('3520600019616', 3, 'อันติกา', 'เทพรักษาฤาชัย', 1),
('3520600021408', 1, 'เสกสรร', 'กาวินชัย', 1),
('3520600028691', 3, 'นารีรัตน์', 'รุ่งเรือง', 1),
('3520600042073', 2, 'ณัฐกิตติ์', 'วงค์น้ำโจ้', 1),
('3520600045994', 1, 'ศุภกิจ', 'ศรีวรรณชัย', 1),
('3520600046001', 1, 'ธนพิสิษฐ์', 'ศรีวรรณชัย', 1),
('3520600084183', 2, 'อรพิน', 'สมเสียง', 1),
('3520600093271', 3, 'ปวีณา', 'ตามคุณ', 1),
('3520600095584', 1, 'ตระกูลพันธุ์', 'กันไว', 1),
('3520600100839', 1, 'บริหาร', 'วันตัน', 1),
('3520600114554', 2, 'กฤติกา', 'สืบสุติน', 1),
('3520600139905', 1, 'พิทักษ์โยธิน', 'อยู่เป็นสุข', 2),
('3520600181758', 1, 'พงศกร', 'ทามา', 1),
('3520600181804', 3, 'ชุติกานต์', 'ทามา', 1),
('3520600185338', 3, 'เกตุฤดี', 'ราชไชยา', 1),
('3520600194752', 2, 'ถวิล', 'มิ่งสมร', 1),
('3520600202801', 2, 'วิลาวัณย์', 'สายหยุด', 1),
('3520600205827', 1, 'วิชาญ', 'ยาวิชัย', 1),
('3520600231101', 1, 'รัฐศาสตร์', 'พรคุณวุฒิ', 1),
('3520600260437', 2, 'เสาวณีย์', 'รักมิตร', 1),
('3520600280161', 2, 'สุวิกาญจน์สิริ', 'พิจอมบุตร', 1),
('3520600289991', 1, 'เสน่ห์', 'เอื้อแท้', 1),
('3520600304167', 1, 'นิพล', 'ปลุกเสก', 1),
('3520600306771', 1, 'สงัด', 'ปลุกเศก', 1),
('3520600309541', 2, 'สายพิน', 'วิจิตรจรัสแสง', 1),
('3520600315304', 2, 'สายชล', 'วันมหาใจ', 1),
('3520700013849', 2, 'สาคร', 'ขัดสี', 1),
('3520700020365', 2, 'ปิยธิดา', 'คนเก่ง', 1),
('3520700062327', 3, 'ณภัทร', 'ตนภู', 1),
('3520700069798', 1, 'เสถียร', 'คนหลัก', 1),
('3520700130675', 1, 'ธีรวัฒน์', 'พานแก้ว', 1),
('3520700161805', 1, 'เรวัต', 'เสียงโต', 1),
('3520700192867', 1, 'วิโรจ', 'หลักมั่น', 1),
('3520700201718', 3, 'อโรชา', 'ธิวงศ์น้อย', 1),
('3520700211675', 2, 'ปราณี', 'สวนเจริญ', 1),
('3520700217258', 2, 'ทิพย์สุดา', 'วิลาวัลย์', 1),
('3520700238450', 3, 'รัชนี', 'กามาด', 1),
('3520700240870', 1, 'อมรเทพ', 'วงศ์ธิมา', 1),
('3520700241141', 2, 'ปณิดา', 'โสลา', 1),
('3520700253181', 1, 'อภิชาต', 'ดีงาม', 1),
('3520700257977', 3, 'วันเพ็ญ', 'คิดอ่าน', 1),
('3520700259341', 1, 'สมชาย', 'ใจไหว', 1),
('3520700261753', 1, 'สังเวียน', 'เสียงดี', 1),
('3520700296557', 2, 'กานต์รวี', 'คำพันธ์', 1),
('3520700299840', 1, 'นคินทร์', 'ภูริพงษ์', 1),
('3520700382011', 2, 'ฆัสรากร', 'วงค์ไชย', 1),
('3520700408517', 2, 'อำพร', 'พานทอง', 1),
('3520700410341', 1, 'เธวิญ', 'เย็นใจ', 1),
('3520800042735', 2, 'ลาวัลย์', 'สมใจ', 1),
('3520800059069', 2, 'จานทองบุญ', 'กลมมา', 1),
('3520800100085', 3, 'รัตนาภรณ์', 'วงศ์สายคำ', 1),
('3520800123913', 2, 'ศุภราพร', 'ชัยวิลยศ', 1),
('3520800137086', 2, 'ทัศนีย์', 'นันติชัย', 1),
('3520800137922', 3, 'พิมพ์มาดา', 'ภูธร', 1),
('3520800154037', 3, 'ชนากานต์', 'กุลาวงศ์', 1),
('3520800166434', 1, 'ปวิน', 'เจียไพบูลย์', 1),
('3520800179528', 1, 'ธวัชชัย', 'แก้วมาลัย', 1),
('3520800185595', 2, 'เครือวัลย์', 'สุริยะวรรณ', 1),
('3520800214544', 2, 'ปรียาพร', 'วงษ์ชาลี', 1),
('3520800236475', 3, 'มัญชรี', 'สนิทวงศ์', 1),
('3520800251385', 2, 'รุ้งทอง', 'แสนคำ', 1),
('3520800254015', 3, 'ธิดารัตน์', 'ทองมูล', 1),
('3520800303245', 1, 'อนุสรณ์', 'ศรีวงค์', 1),
('3520800306309', 2, 'ปาริชาติ', 'ดวงดี', 1),
('3520800316860', 2, 'ผกาพรรณ์', 'เชื้อเมืองพาน', 1),
('3520800327748', 2, 'ธีรดา', 'แก้วบุญปัน', 1),
('3520800328370', 1, 'ปฐพี', 'ธิงาเครือ', 1),
('3520800328680', 2, 'ศิริพร', 'วอนมณี', 1),
('3520800377486', 1, 'วสันต์', 'แสนตา', 1),
('3520800482514', 1, 'วิจารณ์', 'คำฟู', 1),
('3520800582845', 2, 'อรุณลักษณ์', 'ดวงไชย', 1),
('3520900021098', 3, 'อำไพ', 'รังน้อย', 1),
('3520900034840', 3, 'วรางคสิริ', 'ทองไชย', 1),
('3520900039906', 1, 'สุทัศน์', 'ยาทอง', 1),
('3520900074183', 1, 'จรัญ', 'ปัญญาดิบวงศ์', 1),
('3521000016463', 3, 'สุวิมล', 'ศรีเทพ', 1),
('3521000016510', 1, 'ธนาพัทธ์', 'ศรีเทพ', 1),
('3521000034321', 1, 'สันษร', 'วรรณแก้ว', 1),
('3521000066398', 3, 'ลัดดาวัลย์', 'วงศ์ชุ่ม', 1),
('3521000071073', 2, 'เมตตา', 'ดวงสนม', 1),
('3521000077641', 2, 'ทิชากร', 'สุขยืน', 1),
('3521000095673', 3, 'อำพันธ์', 'ชุ่มเชื้อ', 1),
('3521000111628', 1, 'ณกรณ์พงศ์', 'ไชยมูลเงิน', 1),
('3521000123120', 2, 'อารีย์', 'ใจคำ', 1),
('3521000124215', 3, 'ฐารดี', 'วงศ์ษา', 1),
('3521000155447', 3, 'จุฬารัตน์', 'วิทยาพูน', 1),
('3521000160611', 3, 'ณัฐวดี', 'ทาหลี', 1),
('3521000172431', 3, 'ปารณีย์', 'บุญสม', 1),
('3521000193551', 3, 'สุกัญญา', 'ไชยเหล้', 1),
('3521000199711', 2, 'สาวิตตรี', 'ยุชมภู', 1),
('3521000226956', 1, 'นพดล', 'บุญภา', 1),
('3521000266168', 2, 'มาลัย', 'สายหลาน', 1),
('3521000277577', 3, 'ปิญชาน์', 'รินง้าว', 1),
('3521000282473', 2, 'พิสมัย', 'ศรีสุขา', 1),
('3521000285243', 2, 'พิรญาณ์', 'เปี้ยแปง', 1),
('3521000336514', 2, 'พนมพร', 'อุบลศรี', 1),
('3521000362736', 2, 'อัญชลี', 'อ้ายโก๋', 1),
('3521000407004', 2, 'ศิริกานดา', 'กันธิดา', 1),
('3521000464016', 2, 'สุมาลี', 'สมแก้ว', 1),
('3521000468267', 3, 'ปิยรัตน์', 'ท้าวตื้อ', 1),
('3521000469026', 2, 'บุญฑริกา', 'วงศ์คำลือ', 1),
('3521000474691', 1, 'วิทยา', 'ปัญญาผาบ', 1),
('3521000511898', 1, 'อุทัย', 'ใจเชื้อ', 2),
('3521000513815', 1, 'จำรัสชาติ', 'ไชยวุฒิ', 1),
('3521000549933', 1, 'อุเทน', 'เครือแปง', 1),
('3521000552675', 2, 'จิรพร', 'ธีระบุตร', 1),
('3521000557944', 2, 'โสภิณ', 'ศิริคำน้อย', 1),
('3521000647684', 1, 'ณัฐพงศ์', 'วงศ์ทองจันทร์', 1),
('3521100037004', 1, 'สมชัย', 'กันทะมา', 1),
('3521100046542', 2, 'ธนันต์พร', 'ตันปาสิริพัฒน์', 1),
('3521100053379', 3, 'พัชรินทร์', 'อินสะอาด', 1),
('3521100071091', 2, 'สุวิมล', 'พวงสุยะ', 1),
('3521100074821', 3, 'ปาณิสรา', 'ใจเรือน', 1),
('3521100096027', 1, 'วีรชัย', 'ยะธะนะ', 1),
('3521100177701', 2, 'ธัญสุตา', 'คำภิโล', 1),
('3521100203966', 1, 'ชารินทร์', 'นันทะวิชัย', 2),
('3521200003543', 2, 'วิไลวรรณ์', 'วงศ์สวัสดิ์', 1),
('3521200011741', 1, 'อนันต์', 'เกตุบำรุง', 1),
('3521200027370', 2, 'บุปผา', 'ฮาวกองแก้ว', 1),
('3521200029569', 1, 'พนม', 'ปัญญาเรียน', 2),
('3521200035691', 3, 'อนิญญา', 'วงศ์ธรรม', 1),
('3521200054113', 2, 'ทิวาพร', 'วงศ์สุวรรณ', 1),
('3521200072481', 3, 'ณัฐสินี', 'เตชะธิ', 1),
('3521200098803', 1, 'อรรถสิทธิ์', 'ศรีแก้ว', 1),
('3521200114248', 1, 'ทัศนัย', 'ต๊ะเขื่อนแก้ว', 1),
('3521200116534', 3, 'เจตสนีวรรณ', 'ธรรมใจ', 1),
('3521200120868', 1, 'ประสิทธิ์', 'ธรรมใจ', 2),
('3521200126947', 2, 'อารี', 'แก้วน้อย', 1),
('3521200133731', 2, 'ศุภิสรา', 'ไวสิทธิ์', 1),
('3521200134419', 1, 'ตฤบดี', 'นามสอนธนโชติ', 1),
('3521200158890', 3, 'ฉัตรชนก', 'ตื้อยศ', 1),
('3521200167899', 1, 'ไสว', 'วงศ์ปิง', 2),
('3521200168470', 1, 'อภิชาติ', 'ติไชย', 1),
('3521200241908', 1, 'อดิเรก', 'สัญญะเขื่อน', 1),
('3521200255640', 2, 'วรนาฏ', 'สิทธิฤทธิ์', 1),
('3521200257006', 3, 'นฤมล', 'ดวงสุวรรณ์', 1),
('3521200265271', 2, 'ดาววรรณ', 'สินธุบุญ', 1),
('3521200269195', 2, 'ยุพิน', 'กมลวิจิตร', 1),
('3521200274601', 1, 'ยุทธนา', 'เถียรประภากุล', 1),
('3521200285069', 1, 'ประพันธ์', 'แสงบุญเรือง', 1),
('3521200295676', 2, 'จันทนา', 'วงษ์คำ', 1),
('3521200324790', 2, 'จันทกานต์', 'ดวงมาลา', 1),
('3521200324986', 1, 'จิตตวัฒน์', 'เมืองมาหล้า', 1),
('3521200335198', 1, 'ไชยวสันต์', 'ใหม่ทรายเปียง', 1),
('3521200353722', 2, 'จนัญญา', 'เสมอใจ', 1),
('3521200371631', 3, 'ณัฏฐณิชา', 'ถาน้อย', 1),
('3521200396103', 1, 'พิทักษ์', 'บุญคำสูง', 2),
('3521200396227', 2, 'สุปราณี', 'เป็งบังวัน', 1),
('3521200400682', 1, 'สุวรรณ', 'กาวิละ', 2),
('3521200412311', 3, 'ชมพูนุท', 'ใจคำปัน', 1),
('3521200422171', 2, 'ดวงดาว', 'เรือนอินทร์', 1),
('3521200422333', 1, 'ทวี', 'เขื่อนแก้ว', 1),
('3521200434447', 1, 'อดุลย์', 'จันทร์เป้งผัด', 2),
('3521200459113', 2, 'ศุทธินี', 'ไชยรินทร์', 1),
('3521200463811', 1, 'ทรงยศ', 'เฟื้องแปง', 1),
('3521300006943', 1, 'ธนพงศ์', 'อภิวงค์งาม', 1),
('3521300031964', 2, 'กัญญา', 'ศรีสะอาดรักษ์', 1),
('3521300038641', 1, 'คึกฤทธิ์', 'นิวันติ', 1),
('3521300039108', 2, 'ธมนพัชร์', 'พงศ์สุพัฒน์', 1),
('3521300069996', 2, 'จิราพร', 'ใจแปง', 1),
('3521300081261', 1, 'วิศิษฐ์', 'ชื่อหลาย', 1),
('3521300100192', 3, 'นิภา', 'ประกาย', 1),
('3521300103256', 3, 'แววดาว', 'รู้เพียร', 1),
('3521300107995', 3, 'วีณา', 'เจียรพินิจนันท์', 1),
('3521300154951', 2, 'ประณม', 'วินิวรรณ', 1),
('3521300176954', 2, 'วิไลลักษณ์', 'เรืองศิลป์', 1),
('3521300183683', 2, 'กาญจนา', 'ต๊ะวงศ์ษา', 1),
('3521300217600', 2, 'หนึ่งฤทัย', 'ทองประสม', 1),
('3521300220805', 4, 'คม', 'ทองประสม', 1),
('3521300252197', 2, 'พรนภัส', 'เอื้อแท้', 1),
('3521300288442', 2, 'นันธิตา', 'วรรณเลิศ', 1),
('3529900026489', 1, 'ศราวุธ', 'สิทธิชุม', 2),
('3529900033515', 3, 'จิตตินันท์', 'พูลผล', 1),
('3529900053966', 3, 'ณ อร', 'โภคะสมบูรณ์', 1),
('3529900060903', 1, 'อิสเรศ', 'พรหมศิลป์', 1),
('3529900063571', 2, 'นฤมล', 'มณีโชติ', 1),
('3529900063805', 1, 'กิตติพงษ์', 'เรืองชัยศิวเวท', 1),
('3529900086953', 3, 'ณฐาวิภา', 'ดอนอุบล', 1),
('3529900088484', 2, 'พิมลพร', 'เดชะบุญ', 1),
('3529900100921', 2, 'ดวงจันทร์', 'จันทะมาลา', 1),
('3529900106016', 3, 'รัตติพร', 'เสาจินดารัตน์', 1),
('3529900127439', 3, 'อชิรญา', 'เทพวัลย์', 1),
('3529900153375', 3, 'จุฬาภรณ์', 'จันทราช', 1),
('3529900154401', 3, 'ศศลักษณ์', 'เครือนันตา', 1),
('3529900157656', 3, 'หทัยรัตน์', 'ทองแดง', 1),
('3529900157796', 3, 'นงลักษณ์', 'คำพรหม', 1),
('3529900157966', 2, 'พิชญา', 'สิงห์หล้า', 1),
('3529900168208', 3, 'ทิพย์วรรณ', 'ภัทรลาภา', 1),
('3529900174411', 1, 'สุธรรม', 'ปั้นสวย', 1),
('3529900176669', 3, 'แพรพลอย', 'คำปิงบุตร', 1),
('3529900190114', 3, 'จันทรานี', 'แก้วประเสริฐ', 1),
('3529900193946', 3, 'รสสุคนธ์', 'ปลื้มจิตต์', 1),
('3529900209257', 3, 'กรรณิกา', 'บุญประเสริฐ', 1),
('3529900216946', 3, 'จันทรัสม์', 'สัตตรัตนขจร', 1),
('3529900218078', 2, 'นัยน์ภัค', 'หวังใจ', 1),
('3529900225040', 2, 'เดือนเพ็ญ', 'อภิวงค์', 1),
('3529900230884', 2, 'ชรินรัตน์', 'สุวิเศษธำรง', 1),
('3529900234618', 2, 'วัชรี', 'สิทธิวงศ์', 1),
('3529900238532', 2, 'มัณฑณา', 'ลิ้มตระกูล', 1),
('3529900239181', 1, 'ฤทธิกร', 'เกียรติกุลภักดี', 1),
('3529900250656', 3, 'อลินดา', 'อินทร์อยู่', 1),
('3529900265866', 2, 'จรรยา', 'พุทธา', 1),
('3529900288611', 3, 'สุกัญญา', 'เติงจันต๊ะ', 1),
('3529900293479', 4, 'กัญณภัทร', 'ชัยกานต์กุล', 1),
('3529900334213', 3, 'ศิรินุช', 'ใจศีลธรรม', 1),
('3529900339673', 2, 'มงคลยา', 'พานดง', 1),
('3529900341643', 2, 'พราวพร', 'ปันตา', 1),
('3529900345193', 2, 'สุภาพ', 'วงค์ษา', 1),
('3529900345738', 1, 'อภิวัฒน์', 'ปุกคะ', 1),
('3529900346475', 2, 'ณัฐนพัชร์', 'วงษ์วรเนตร', 1),
('3529900363132', 2, 'จิลาวัล', 'มหามิตร', 1),
('3529900368649', 2, 'นิพาพร', 'สุทธิลักษณ์', 1),
('3529900380967', 2, 'รุ่งทิวา', 'ธีระตระกูล', 1),
('3529900390831', 2, 'ณัฐรดา', 'กิติศรี', 1),
('3529900392884', 3, 'ธีรรัตน์', 'อัจฉริยะศาสตร์', 1),
('3529900399391', 1, 'จักรพันธ์', 'วงศ์เขียวศิริ', 1),
('3529900399765', 2, 'นาริฐา', 'อินถานะ', 1),
('3529900400615', 2, 'สุกัญญา', 'ศรีมหาจริยะพงษ์', 1),
('3529900401085', 2, 'รุ่งทิพย์', 'รินพล', 1),
('3529900403894', 3, 'พิชญ์รัศมิ์', 'ยูพานิช', 1),
('3529900440994', 1, 'พีรยุทธ', 'ต่อสกุลศักดิ์', 1),
('3530100894119', 3, 'ละออ', 'วันจิ๋ว', 1),
('3530101051280', 2, 'วัชรียา', 'กฤตสิริทิพย์', 1),
('3530300059612', 3, 'วารุณี', 'สารบุญมา', 1),
('3530400214962', 2, 'สายพิณ', 'กันไว', 1),
('3530600061639', 1, 'ขุนหาญ', 'นิตตา', 1),
('3530700029931', 1, 'มนตรี', 'รุ่งฉัตร', 1),
('3530700064656', 2, 'ชลภิรัตน์', 'แก้วมูล', 1),
('3530700225447', 1, 'ภิญโญ', 'จุ้ยศรีแก้ว', 1),
('3530700231595', 3, 'วีนา', 'ศรีสมพันธ์', 1),
('3539900015797', 3, 'ภรภัทร', 'พลับพลา', 1),
('3539900287789', 2, 'นัดดา', 'ช่ำชอง', 1),
('3540100045324', 1, 'ชวพล', 'แก้วศิริพันธ์', 1),
('3540100637281', 1, 'ชัยพิชิต', 'อุดคำมี', 1),
('3540100959334', 3, 'จีรณัฐ', 'เมืองมั่งคั่ง', 1),
('3540300271051', 1, 'ปิยะวัติ', 'วังซ้าย', 1),
('3540300398158', 3, 'ประนอม', 'ดอนแก้ว', 1),
('3540300436980', 2, 'ชนิดาภา', 'สายทอง', 1),
('3540400356091', 2, 'สิริภางค์', 'ขาวปอน', 1),
('3540400542935', 2, 'ธนาพร', 'วงค์วาน', 1),
('3540500280053', 1, 'อนันต์', 'ดอกหอม', 1),
('3540700128344', 2, 'ชนกนันท์', 'อุ่นอารมณ์', 1),
('3540700220615', 1, 'มงคล', 'กาสา', 1),
('3540700286144', 1, 'ศิริพงษ์', 'ทะหล้า', 1),
('3550100602479', 2, 'ปาณิสรา', 'ครองตาเนิน', 1),
('3550300037732', 2, 'รุ่งเรือง', 'อุดแจ่ม', 1),
('3550400289504', 2, 'ขวัญจิตร', 'สุวรรณวงศ์', 1),
('3550600014541', 1, 'คมสันต์', 'พิพัฒน์วุฒิกุล', 1),
('3550600347281', 3, 'กัณห์ญาวีพ์', 'ศิริน่าน', 1),
('3550700050728', 1, 'จิรโรจน์', 'จันต๊ะ', 1),
('3550700099182', 2, 'ญาณสิรีค์', 'วงค์เขียว', 1),
('3550700224351', 3, 'ณัฐพร', 'รอดปิ่นดี', 1),
('3550700404082', 2, 'จินตนา', 'เกิดเหมาะ', 1),
('3550900065591', 1, 'สกัด', 'รินฤทธิ์', 1),
('3559900086244', 2, 'ศราวดี', 'นพรัตน์', 1),
('3559900125037', 1, 'ศราวุธ', 'เขื่อนคำ', 1),
('3560100742017', 1, 'สมพงษ์', 'ทวีโล', 1),
('3560200218298', 1, 'อุเทน', 'ศรีตระกูลวงค์', 1),
('3560300072694', 2, 'ดาวรุ่ง', 'อินทนนท์', 1),
('3560300141777', 1, 'วิทยา', 'รวมสุข', 1),
('3560300242727', 2, 'เฉลิมขวัญ', 'พรหมอนันต์', 1),
('3560300948956', 1, 'อุทัย', 'ประเสริฐสังข์', 1),
('3560400159112', 1, 'กิตติชัย', 'รักดี', 1),
('3560500437271', 3, 'ณพชร', 'พัฒนเมคิน', 1),
('3560500468613', 2, 'วลัยพรรณ', 'พัฒนเจริญกร', 1),
('3560500499683', 2, 'มนทิรา', 'ณะใจ', 1),
('3560700262954', 2, 'สมจิตร', 'สายปินตา', 1),
('3569900080041', 2, 'นฤมล', 'คณารีย์', 1),
('3569900138520', 1, 'สุรชัย', 'บุญเรือง', 1),
('3570100066402', 1, 'มนตรี', 'นันไชย', 1),
('3570100511287', 1, 'ชัยมงคล', 'หินใหญ่', 1),
('3570101371799', 2, 'สุพรรษา', 'ติ๊บปาละวงศ์', 1),
('3570200228277', 1, 'ดุษฎี', 'ศรีทรงราช', 1),
('3570300081464', 2, 'ธิดา', 'ฮาวปินใจ', 1),
('3570300602731', 1, 'สง่า', 'จุราเพชร', 1),
('3570400766078', 2, 'ปริณดา', 'แสงศิวาพร', 1),
('3570401003850', 2, 'นิชานันท์', 'เมฆศิริ', 1),
('3570500431337', 1, 'ยุทธพิชัย', 'ไทยกรรณ์', 1),
('3570500588651', 1, 'จารุพงศ์', 'ไพสิฐสิริรักษา', 1),
('3570500940711', 1, 'นิรันดร์', 'วรกุลธนวรรธน์', 1),
('3570501202137', 1, 'เสนีย์', 'จินตกสิกรรม', 1),
('3570600116611', 2, 'วิภาพร', 'ปาสีล้อม', 1),
('3570700567771', 1, 'นิรันดร์', 'ปินทรายมูล', 1),
('3570800151429', 2, 'พิรานันท์', 'พรหมขัติแก้ว', 1),
('3570800247752', 2, 'พนิดา', 'สุประการ', 1),
('3570900059567', 1, 'ยุติวิชญ์', 'เทือกตา', 1),
('3570900110473', 3, 'จิญาภัค', 'แซ่ลิ้ม', 1),
('3571100166645', 2, 'โสภิต', 'ติ๊บกันเงิน', 1),
('3571100365842', 1, 'ทวีศักดิ์', 'บุญทา', 2),
('3571100377387', 2, 'ทัดทรวง', 'เตชะแก้ว', 1),
('3571100400141', 2, 'สิลิลลัคน์', 'เย็นใจ', 1),
('3571100442758', 1, 'ธรรมธัช', 'ป๋าวงค์', 1),
('3579900043821', 2, 'นฤมล', 'พันลุตัน', 1),
('3579900276931', 1, 'วีรชน', 'จิรัชยากร', 1),
('3580200010581', 2, 'พิชาพัชร์', 'กาฬภักดี', 1),
('3580200105752', 3, 'เปมิกา', 'เมืองมูลพุ่มนาค', 1),
('3580500007551', 1, 'ศราวุธ', 'หลุยจำวัน', 1),
('3580500058202', 2, 'ดนยา', 'ใจปัญญา', 1),
('3580500181578', 2, 'วราภรณ์', 'สุกัณศีล', 1),
('3589900021380', 2, 'นันทิยา', 'กาชัย', 1),
('3589900042255', 1, 'อุรุพงษ์', 'วิทยาพูน', 1),
('3600100908712', 1, 'จตุรงค์', 'จวนเผ่า', 1),
('3600800106759', 1, 'กิตติ', 'ปานมี', 1),
('3601000080616', 1, 'ธนกฤษ', 'มากบุญ', 1),
('3609900325981', 2, 'ชุลีกร', 'รักชาติ', 1),
('3610400047194', 2, 'ปิยะกาล', 'พงษ์สุวรรณ', 1),
('3610400208473', 2, 'ยาใจ', 'ทาแป้น', 1),
('3619900147242', 2, 'ขวัญจิต', 'พุ่มพวง', 1),
('3620101841093', 3, 'กุลธิดา', 'หล้ามะณี', 1),
('3620200286012', 1, 'อนุชิต', 'แสงศิริรัตน์', 1),
('3620400040971', 2, 'นงนุช', 'ชัยนันตา', 1),
('3620501281907', 3, 'เรณู', 'ฉิมสุพร', 1),
('3630100005640', 1, 'สุวิทย์', 'เครือใย', 2),
('3630300239725', 1, 'ธนากร', 'ทำมาตา', 1),
('3630400094281', 3, 'พิมพรรณ', 'ต๊ะสุภา', 1),
('3630700015786', 1, 'อนุสรณ์', 'สุขยืน', 1),
('3630800062590', 2, 'อำพัน', 'ศรีวิลัย', 1),
('3640200006397', 3, 'สาวิตรี', 'บุญเชื่อม', 1),
('3640600009229', 2, 'ชลธิกาญจน์', 'จินาจันทร์', 1),
('3650100073505', 1, 'อรรถพงษ์', 'ชมพักตร์', 1),
('3650100424294', 1, 'ภัทรพล', 'ควรสุวรรณ', 1),
('3650200608940', 2, 'อรุณจันทร์', 'มะโนเพียว', 1),
('3650800109944', 2, 'มณีรัตน์', 'สิทธิกูล', 1),
('3650900420765', 1, 'เอนก', 'พรมศรี', 1),
('3659900209094', 1, 'หัสรินทร์', 'ดอนดี', 1),
('3659900688618', 3, 'กนกพร', 'นิลแพทย์', 1),
('3659900688626', 3, 'กรพินธุ์', 'นิลแพทย์', 1),
('3670300544072', 1, 'ชัยสิทธิ์', 'วงษ์คำ', 1),
('3670600117536', 1, 'วรกร', 'ชาสอนตากิจ', 1),
('3700300301896', 1, 'ประลอง', 'กันธวัง', 1),
('3700400073615', 1, 'พิทักษ์', 'หวนสุริยา', 1),
('3710500914531', 1, 'วรการ', 'ประพัฒน์สิริ', 1),
('3720500135582', 2, 'เนื้อน้อง', 'ศรีตะบุตร', 1),
('3740100333115', 2, 'อรชร', 'พรศิริ', 1),
('3740200483305', 3, 'สุดาพร', 'โมทนา', 1),
('3749800072851', 1, 'อาทิตย์', 'พงศ์สุพัฒน์', 1),
('3750200047971', 1, 'วสุมิตร', 'นุชสวัสดิ์', 1),
('3769900268138', 1, 'มธุรพจน์', 'วัฒนะนุกูล', 1),
('3779800091295', 1, 'กฤษณะ', 'สมุททารินทร์', 1),
('3800300208747', 2, 'สุภาพร', 'เจริญผล', 1),
('3800400821530', 1, 'ไกรสร', 'วงศ์วิวัฒน์', 1),
('3809900488919', 1, 'ธนธรณ์', 'ธรรมเดชะ', 1),
('3840600212669', 3, 'ศรีวิกา', 'กังวาฬ', 1),
('3900200192635', 2, 'เอมอร', 'ยกยอ', 1),
('3929900388166', 1, 'ปิยศักดิ์', 'นาคช่วย', 1),
('3930100040922', 2, 'ชญาดา', 'ภู่พิชญา', 1),
('3930600042584', 1, 'ระนอง', 'ส่องศรี', 1),
('4510400001541', 2, 'นิลาวรรณ์', 'วงศ์เรือน', 1),
('4519900001921', 2, 'ศิริวรรณ', 'ประภัสสรกุล', 1),
('5101699014094', 1, 'จักรพงษ์', 'นาสมปอง', 1),
('5302000038601', 3, 'บุณยาพร', 'เตชะลือ', 1),
('5501290011920', 3, 'ศรีภรณ์', 'เมืองแก้ว', 1),
('5509900091520', 3, 'กาญจณา', 'ปันวารี', 1),
('5510190005609', 3, 'โปรยทอง', 'แซ่แต้', 1),
('5510190005633', 1, 'ทักษิณ', 'ล้านโรจน์', 1),
('5510600025485', 2, 'ชูศรี', 'วงศ์วิวัฒน์', 1),
('5510600026961', 3, 'จันจิรา', 'ขามะวัน', 1),
('5510690009603', 2, 'ปาริชาติ', 'แก้วเสมอตา', 1),
('5520100019125', 2, 'อรฤทัย', 'มิ่งเชื้อ', 1),
('5520100068053', 1, 'กิตติ', 'ผดุงภักดีกุล', 1),
('5520190007733', 2, 'พิมพ์เดือน', 'อินวิจิตร', 1),
('5520190027017', 2, 'ศิรประภา', 'ตันติวานิช', 1),
('5520190050035', 1, 'สมบูรณ์', 'เหมือนจันทร์', 1),
('5520300001157', 3, 'เฉลิมศรี', 'ปวงลังกา', 1),
('5520700016810', 3, 'สุดาภรณ์', 'สืบสุติน', 1),
('5520700024278', 3, 'พัชรินทร์', 'สว่างถาวรกุล', 1),
('5520990001586', 2, 'พรวดี', 'ศรีวิชัยแก้ว', 1),
('5521090000096', 2, 'แสงนภา', 'ใจเย็น', 1),
('5529990003129', 2, 'อรนุช', 'ปานแม้น', 1),
('5550500259077', 2, 'ณิชกานต์', 'ทิพพระหา', 1),
('5550500615949', 3, 'นิตยา', 'มูลคำ', 1),
('5560190005129', 2, 'วรากร', 'น่วมถนอม', 1),
('5671100002818', 3, 'จิตรี', 'ฤทธิ์เนติกุล', 1);

-- --------------------------------------------------------

--
-- Table structure for table `pdf_management`
--

CREATE TABLE `pdf_management` (
  `pid` varchar(13) NOT NULL,
  `newname` varchar(17) DEFAULT NULL,
  `year` varchar(4) NOT NULL DEFAULT '2568'
) ENGINE=InnoDB DEFAULT CHARSET=utf8 COLLATE=utf8_general_ci;

--
-- Dumping data for table `pdf_management`
--

INSERT INTO `pdf_management` (`pid`, `newname`, `year`) VALUES
('1100200970949', '1100200970949.pdf', '2568'),
('1100201051181', '1100201051181.pdf', '2568'),
('1100600293715', '1100600293715.pdf', '2568'),
('1100702886766', '1100702886766.pdf', '2568'),
('1100800702031', '1100800702031.pdf', '2568'),
('1101400669518', '1101400669518.pdf', '2568'),
('1101400791160', '1101400791160.pdf', '2568'),
('1101800408908', '1101800408908.pdf', '2568'),
('1102000024332', '1102000024332.pdf', '2568'),
('1103100432336', '1103100432336.pdf', '2568'),
('1103700324101', '1103700324101.pdf', '2568'),
('1103700444734', '1103700444734.pdf', '2568'),
('1103700550071', '1103700550071.pdf', '2568'),
('1103700582495', '1103700582495.pdf', '2568'),
('1103700617299', '1103700617299.pdf', '2568'),
('1103700874682', '1103700874682.pdf', '2568'),
('1103701159278', '1103701159278.pdf', '2568'),
('1103701262613', '1103701262613.pdf', '2568'),
('1119900614396', '1119900614396.pdf', '2568'),
('1149900112919', '1149900112919.pdf', '2568'),
('1149900289622', '1149900289622.pdf', '2568'),
('1160100374732', '1160100374732.pdf', '2568'),
('1200100449596', '1200100449596.pdf', '2568'),
('1209700391511', '1209700391511.pdf', '2568'),
('1229900555003', '1229900555003.pdf', '2568'),
('1269900098591', '1269900098591.pdf', '2568'),
('1300100127768', '1300100127768.pdf', '2568'),
('1301300187871', '1301300187871.pdf', '2568'),
('1309900561045', '1309900561045.pdf', '2568'),
('1320900194281', '1320900194281.pdf', '2568'),
('1330500163044', '1330500163044.pdf', '2568'),
('1360400184937', '1360400184937.pdf', '2568'),
('1400600066236', '1400600066236.pdf', '2568'),
('1409800295946', '1409800295946.pdf', '2568'),
('1410600137711', '1410600137711.pdf', '2568'),
('1410900056341', '1410900056341.pdf', '2568'),
('1411100100550', '1411100100550.pdf', '2568'),
('1411300114988', '1411300114988.pdf', '2568'),
('1411390004222', '1411390004222.pdf', '2568'),
('1419900290415', '1419900290415.pdf', '2568'),
('1420300056359', '1420300056359.pdf', '2568'),
('1429900223360', '1429900223360.pdf', '2568'),
('1450200184835', '1450200184835.pdf', '2568'),
('1470100045655', '1470100045655.pdf', '2568'),
('1480100112301', '1480100112301.pdf', '2568'),
('1500200029073', '1500200029073.pdf', '2568'),
('1500200109026', '1500200109026.pdf', '2568'),
('1500200145600', '1500200145600.pdf', '2568'),
('1500200148986', '1500200148986.pdf', '2568'),
('1500201204782', '1500201204782.pdf', '2568'),
('1500400073432', '1500400073432.pdf', '2568'),
('1500700169290', '1500700169290.pdf', '2568'),
('1500701275239', '1500701275239.pdf', '2568'),
('1500900191833', '1500900191833.pdf', '2568'),
('1500900201197', '1500900201197.pdf', '2568'),
('1501100068205', '1501100068205.pdf', '2568'),
('1501200105684', '1501200105684.pdf', '2568'),
('1501600091338', '1501600091338.pdf', '2568'),
('1501800004625', '1501800004625.pdf', '2568'),
('1501800065811', '1501800065811.pdf', '2568'),
('1501801140549', '1501801140549.pdf', '2568'),
('1501900074901', '1501900074901.pdf', '2568'),
('1502000004257', '1502000004257.pdf', '2568'),
('1502100006154', '1502100006154.pdf', '2568'),
('1505100012653', '1505100012653.pdf', '2568'),
('1505300005693', '1505300005693.pdf', '2568'),
('1509900011221', '1509900011221.pdf', '2568'),
('1509900020077', '1509900020077.pdf', '2568'),
('1509900028027', '1509900028027.pdf', '2568'),
('1509900031770', '1509900031770.pdf', '2568'),
('1509900033233', '1509900033233.pdf', '2568'),
('1509900039487', '1509900039487.pdf', '2568'),
('1509900050537', '1509900050537.pdf', '2568'),
('1509900057213', '1509900057213.pdf', '2568'),
('1509900072875', '1509900072875.pdf', '2568'),
('1509900074207', '1509900074207.pdf', '2568'),
('1509900077745', '1509900077745.pdf', '2568'),
('1509900092230', '1509900092230.pdf', '2568'),
('1509900118867', '1509900118867.pdf', '2568'),
('1509900120594', '1509900120594.pdf', '2568'),
('1509900127777', '1509900127777.pdf', '2568'),
('1509900131952', '1509900131952.pdf', '2568'),
('1509900139597', '1509900139597.pdf', '2568'),
('1509900151589', '1509900151589.pdf', '2568'),
('1509900154847', '1509900154847.pdf', '2568'),
('1509900157480', '1509900157480.pdf', '2568'),
('1509900163293', '1509900163293.pdf', '2568'),
('1509900179092', '1509900179092.pdf', '2568'),
('1509900181607', '1509900181607.pdf', '2568'),
('1509900188792', '1509900188792.pdf', '2568'),
('1509900198640', '1509900198640.pdf', '2568'),
('1509900200971', '1509900200971.pdf', '2568'),
('1509900201560', '1509900201560.pdf', '2568'),
('1509900206456', '1509900206456.pdf', '2568'),
('1509900213096', '1509900213096.pdf', '2568'),
('1509900230667', '1509900230667.pdf', '2568'),
('1509900256186', '1509900256186.pdf', '2568'),
('1509900275725', '1509900275725.pdf', '2568'),
('1509900283906', '1509900283906.pdf', '2568'),
('1509900286573', '1509900286573.pdf', '2568'),
('1509900289505', '1509900289505.pdf', '2568'),
('1509900358175', '1509900358175.pdf', '2568'),
('1509900361567', '1509900361567.pdf', '2568'),
('1509900365988', '1509900365988.pdf', '2568'),
('1509900373158', '1509900373158.pdf', '2568'),
('1509900386586', '1509900386586.pdf', '2568'),
('1509900387574', '1509900387574.pdf', '2568'),
('1509900387931', '1509900387931.pdf', '2568'),
('1509900389241', '1509900389241.pdf', '2568'),
('1509900409373', '1509900409373.pdf', '2568'),
('1509900412412', '1509900412412.pdf', '2568'),
('1509900428262', '1509900428262.pdf', '2568'),
('1509900430437', '1509900430437.pdf', '2568'),
('1509900436800', '1509900436800.pdf', '2568'),
('1509900450411', '1509900450411.pdf', '2568'),
('1509900453712', '1509900453712.pdf', '2568'),
('1509900479827', '1509900479827.pdf', '2568'),
('1509900489091', '1509900489091.pdf', '2568'),
('1509900493722', '1509900493722.pdf', '2568'),
('1509900513529', '1509900513529.pdf', '2568'),
('1509900585511', '1509900585511.pdf', '2568'),
('1509900592577', '1509900592577.pdf', '2568'),
('1509900623600', '1509900623600.pdf', '2568'),
('1509900659353', '1509900659353.pdf', '2568'),
('1509900667640', '1509900667640.pdf', '2568'),
('1509900691176', '1509900691176.pdf', '2568'),
('1509900715245', '1509900715245.pdf', '2568'),
('1509900741831', '1509900741831.pdf', '2568'),
('1509900766672', '1509900766672.pdf', '2568'),
('1509900800005', '1509900800005.pdf', '2568'),
('1509900840635', '1509900840635.pdf', '2568'),
('1509900859123', '1509900859123.pdf', '2568'),
('1509900935083', '1509900935083.pdf', '2568'),
('1509900983240', '1509900983240.pdf', '2568'),
('1509900989451', '1509900989451.pdf', '2568'),
('1509900996295', '1509900996295.pdf', '2568'),
('1509901018807', '1509901018807.pdf', '2568'),
('1509901023878', '1509901023878.pdf', '2568'),
('1509901025374', '1509901025374.pdf', '2568'),
('1509901028349', '1509901028349.pdf', '2568'),
('1509901033326', '1509901033326.pdf', '2568'),
('1509901050301', '1509901050301.pdf', '2568'),
('1509901081321', '1509901081321.pdf', '2568'),
('1509901112676', '1509901112676.pdf', '2568'),
('1509901112820', '1509901112820.pdf', '2568'),
('1509901119808', '1509901119808.pdf', '2568'),
('1509901125298', '1509901125298.pdf', '2568'),
('1509901125786', '1509901125786.pdf', '2568'),
('1509901158021', '1509901158021.pdf', '2568'),
('1509901161693', '1509901161693.pdf', '2568'),
('1509901164161', '1509901164161.pdf', '2568'),
('1509901165591', '1509901165591.pdf', '2568'),
('1509901165877', '1509901165877.pdf', '2568'),
('1509901184774', '1509901184774.pdf', '2568'),
('1509901187498', '1509901187498.pdf', '2568'),
('1509901197019', '1509901197019.pdf', '2568'),
('1509901208291', '1509901208291.pdf', '2568'),
('1509901209050', '1509901209050.pdf', '2568'),
('1509901213600', '1509901213600.pdf', '2568'),
('1509901217516', '1509901217516.pdf', '2568'),
('1509901218768', '1509901218768.pdf', '2568'),
('1509901258255', '1509901258255.pdf', '2568'),
('1509901266347', '1509901266347.pdf', '2568'),
('1509901309003', '1509901309003.pdf', '2568'),
('1509901326731', '1509901326731.pdf', '2568'),
('1509901329578', '1509901329578.pdf', '2568'),
('1509901337325', '1509901337325.pdf', '2568'),
('1509901343759', '1509901343759.pdf', '2568'),
('1509901372376', '1509901372376.pdf', '2568'),
('1509901388167', '1509901388167.pdf', '2568'),
('1509901388868', '1509901388868.pdf', '2568'),
('1509901399479', '1509901399479.pdf', '2568'),
('1509901419666', '1509901419666.pdf', '2568'),
('1509901440339', '1509901440339.pdf', '2568'),
('1509901455671', '1509901455671.pdf', '2568'),
('1509901473741', '1509901473741.pdf', '2568'),
('1509901504370', '1509901504370.pdf', '2568'),
('1509901516068', '1509901516068.pdf', '2568'),
('1509901531962', '1509901531962.pdf', '2568'),
('1509901577806', '1509901577806.pdf', '2568'),
('1509901594867', '1509901594867.pdf', '2568'),
('1509901614884', '1509901614884.pdf', '2568'),
('1509901621945', '1509901621945.pdf', '2568'),
('1509901644201', '1509901644201.pdf', '2568'),
('1509901650210', '1509901650210.pdf', '2568'),
('1509901674879', '1509901674879.pdf', '2568'),
('1509901714731', '1509901714731.pdf', '2568'),
('1509901721109', '1509901721109.pdf', '2568'),
('1509901739253', '1509901739253.pdf', '2568'),
('1509960002962', '1509960002962.pdf', '2568'),
('1509963017537', '1509963017537.pdf', '2568'),
('1509963050747', '1509963050747.pdf', '2568'),
('1509963061862', '1509963061862.pdf', '2568'),
('1509966121700', '1509966121700.pdf', '2568'),
('1509970057859', '1509970057859.pdf', '2568'),
('1509970127911', '1509970127911.pdf', '2568'),
('1509970132303', '1509970132303.pdf', '2568'),
('1510100001878', '1510100001878.pdf', '2568'),
('1510100004320', '1510100004320.pdf', '2568'),
('1510100004486', '1510100004486.pdf', '2568'),
('1510100005423', '1510100005423.pdf', '2568'),
('1510100006071', '1510100006071.pdf', '2568'),
('1510100006870', '1510100006870.pdf', '2568'),
('1510100008066', '1510100008066.pdf', '2568'),
('1510100011393', '1510100011393.pdf', '2568'),
('1510100013876', '1510100013876.pdf', '2568'),
('1510100013965', '1510100013965.pdf', '2568'),
('1510100019572', '1510100019572.pdf', '2568'),
('1510100021984', '1510100021984.pdf', '2568'),
('1510100022263', '1510100022263.pdf', '2568'),
('1510100022638', '1510100022638.pdf', '2568'),
('1510100022883', '1510100022883.pdf', '2568'),
('1510100024525', '1510100024525.pdf', '2568'),
('1510100026188', '1510100026188.pdf', '2568'),
('1510100028261', '1510100028261.pdf', '2568'),
('1510100055315', '1510100055315.pdf', '2568'),
('1510100116659', '1510100116659.pdf', '2568'),
('1510100121890', '1510100121890.pdf', '2568'),
('1510100121954', '1510100121954.pdf', '2568'),
('1510100129599', '1510100129599.pdf', '2568'),
('1510100144342', '1510100144342.pdf', '2568'),
('1510100153490', '1510100153490.pdf', '2568'),
('1510100156103', '1510100156103.pdf', '2568'),
('1510100166231', '1510100166231.pdf', '2568'),
('1510100166702', '1510100166702.pdf', '2568'),
('1510100173661', '1510100173661.pdf', '2568'),
('1510100190280', '1510100190280.pdf', '2568'),
('1510100195907', '1510100195907.pdf', '2568'),
('1510100204981', '1510100204981.pdf', '2568'),
('1510100208090', '1510100208090.pdf', '2568'),
('1510100210388', '1510100210388.pdf', '2568'),
('1510100212895', '1510100212895.pdf', '2568'),
('1510100216181', '1510100216181.pdf', '2568'),
('1510100219903', '1510100219903.pdf', '2568'),
('1510100220103', '1510100220103.pdf', '2568'),
('1510100223692', '1510100223692.pdf', '2568'),
('1510100225296', '1510100225296.pdf', '2568'),
('1510100228660', '1510100228660.pdf', '2568'),
('1510100242646', '1510100242646.pdf', '2568'),
('1510100246404', '1510100246404.pdf', '2568'),
('1510100256141', '1510100256141.pdf', '2568'),
('1510100259271', '1510100259271.pdf', '2568'),
('1510100260521', '1510100260521.pdf', '2568'),
('1510100271417', '1510100271417.pdf', '2568'),
('1510100273002', '1510100273002.pdf', '2568'),
('1510100274378', '1510100274378.pdf', '2568'),
('1510100278829', '1510100278829.pdf', '2568'),
('1510100299532', '1510100299532.pdf', '2568'),
('1510100300727', '1510100300727.pdf', '2568'),
('1510100310447', '1510100310447.pdf', '2568'),
('1510100310510', '1510100310510.pdf', '2568'),
('1510100338031', '1510100338031.pdf', '2568'),
('1510200051290', '1510200051290.pdf', '2568'),
('1510200073099', '1510200073099.pdf', '2568'),
('1510200074338', '1510200074338.pdf', '2568'),
('1510300005249', '1510300005249.pdf', '2568'),
('1510300079901', '1510300079901.pdf', '2568'),
('1510400001636', '1510400001636.pdf', '2568'),
('1510400003582', '1510400003582.pdf', '2568'),
('1510400009131', '1510400009131.pdf', '2568'),
('1510400015629', '1510400015629.pdf', '2568'),
('1510400017176', '1510400017176.pdf', '2568'),
('1510400018181', '1510400018181.pdf', '2568'),
('1510400018822', '1510400018822.pdf', '2568'),
('1510400089835', '1510400089835.pdf', '2568'),
('1510400089983', '1510400089983.pdf', '2568'),
('1510400092895', '1510400092895.pdf', '2568'),
('1510400094251', '1510400094251.pdf', '2568'),
('1510400095592', '1510400095592.pdf', '2568'),
('1510400100910', '1510400100910.pdf', '2568'),
('1510400103137', '1510400103137.pdf', '2568'),
('1510400106101', '1510400106101.pdf', '2568'),
('1510400112560', '1510400112560.pdf', '2568'),
('1510400120643', '1510400120643.pdf', '2568'),
('1510400132927', '1510400132927.pdf', '2568'),
('1510400136787', '1510400136787.pdf', '2568'),
('1510400140253', '1510400140253.pdf', '2568'),
('1510400142752', '1510400142752.pdf', '2568'),
('1510400144003', '1510400144003.pdf', '2568'),
('1510400146740', '1510400146740.pdf', '2568'),
('1510400147941', '1510400147941.pdf', '2568'),
('1510400150305', '1510400150305.pdf', '2568'),
('1510400150771', '1510400150771.pdf', '2568'),
('1510400158624', '1510400158624.pdf', '2568'),
('1510400163598', '1510400163598.pdf', '2568'),
('1510400168280', '1510400168280.pdf', '2568'),
('1510400172023', '1510400172023.pdf', '2568'),
('1510400183408', '1510400183408.pdf', '2568'),
('1510490000855', '1510490000855.pdf', '2568'),
('1510500001751', '1510500001751.pdf', '2568'),
('1510500004432', '1510500004432.pdf', '2568'),
('1510500005625', '1510500005625.pdf', '2568'),
('1510500038655', '1510500038655.pdf', '2568'),
('1510500050175', '1510500050175.pdf', '2568'),
('1510500051155', '1510500051155.pdf', '2568'),
('1510500053191', '1510500053191.pdf', '2568'),
('1510600001281', '1510600001281.pdf', '2568'),
('1510600002067', '1510600002067.pdf', '2568'),
('1510600004736', '1510600004736.pdf', '2568'),
('1510600005384', '1510600005384.pdf', '2568'),
('1510600051050', '1510600051050.pdf', '2568'),
('1510600077954', '1510600077954.pdf', '2568'),
('1510600083563', '1510600083563.pdf', '2568'),
('1510600084241', '1510600084241.pdf', '2568'),
('1510600084292', '1510600084292.pdf', '2568'),
('1520100013566', '1520100013566.pdf', '2568'),
('1520100083670', '1520100083670.pdf', '2568'),
('1520100086351', '1520100086351.pdf', '2568'),
('1520100086849', '1520100086849.pdf', '2568'),
('1520100095015', '1520100095015.pdf', '2568'),
('1520100095040', '1520100095040.pdf', '2568'),
('1520100108001', '1520100108001.pdf', '2568'),
('1520100114168', '1520100114168.pdf', '2568'),
('1520100122888', '1520100122888.pdf', '2568'),
('1520100125232', '1520100125232.pdf', '2568'),
('1520100126263', '1520100126263.pdf', '2568'),
('1520100128991', '1520100128991.pdf', '2568'),
('1520190000043', '1520190000043.pdf', '2568'),
('1520190002241', '1520190002241.pdf', '2568'),
('1520190004031', '1520190004031.pdf', '2568'),
('1520200043319', '1520200043319.pdf', '2568'),
('1520300055777', '1520300055777.pdf', '2568'),
('1520400001377', '1520400001377.pdf', '2568'),
('1520400003388', '1520400003388.pdf', '2568'),
('1520400034046', '1520400034046.pdf', '2568'),
('1520400035140', '1520400035140.pdf', '2568'),
('1520400039773', '1520400039773.pdf', '2568'),
('1520400046931', '1520400046931.pdf', '2568'),
('1520400051722', '1520400051722.pdf', '2568'),
('1520500007679', '1520500007679.pdf', '2568'),
('1520500009914', '1520500009914.pdf', '2568'),
('1520500013903', '1520500013903.pdf', '2568'),
('1520500057030', '1520500057030.pdf', '2568'),
('1520500064524', '1520500064524.pdf', '2568'),
('1520500064583', '1520500064583.pdf', '2568'),
('1520500066578', '1520500066578.pdf', '2568'),
('1520500088385', '1520500088385.pdf', '2568'),
('1520500101284', '1520500101284.pdf', '2568'),
('1520500106839', '1520500106839.pdf', '2568'),
('1520500115579', '1520500115579.pdf', '2568'),
('1520590004267', '1520590004267.pdf', '2568'),
('1520600007255', '1520600007255.pdf', '2568'),
('1520600008286', '1520600008286.pdf', '2568'),
('1520600032179', '1520600032179.pdf', '2568'),
('1520600033591', '1520600033591.pdf', '2568'),
('1520600036859', '1520600036859.pdf', '2568'),
('1520600038690', '1520600038690.pdf', '2568'),
('1520600047923', '1520600047923.pdf', '2568'),
('1520600062655', '1520600062655.pdf', '2568'),
('1520600073363', '1520600073363.pdf', '2568'),
('1520600076478', '1520600076478.pdf', '2568'),
('1520600080114', '1520600080114.pdf', '2568'),
('1520600086767', '1520600086767.pdf', '2568'),
('1520600090543', '1520600090543.pdf', '2568'),
('1520700002077', '1520700002077.pdf', '2568'),
('1520700003987', '1520700003987.pdf', '2568'),
('1520700004428', '1520700004428.pdf', '2568'),
('1520700007290', '1520700007290.pdf', '2568'),
('1520700010452', '1520700010452.pdf', '2568'),
('1520700016141', '1520700016141.pdf', '2568'),
('1520700051370', '1520700051370.pdf', '2568'),
('1520700055553', '1520700055553.pdf', '2568'),
('1520700058820', '1520700058820.pdf', '2568'),
('1520700059826', '1520700059826.pdf', '2568'),
('1520700060549', '1520700060549.pdf', '2568'),
('1520700064200', '1520700064200.pdf', '2568'),
('1520700067012', '1520700067012.pdf', '2568'),
('1520700072024', '1520700072024.pdf', '2568'),
('1520700076011', '1520700076011.pdf', '2568'),
('1520700078243', '1520700078243.pdf', '2568'),
('1520700080485', '1520700080485.pdf', '2568'),
('1520700083409', '1520700083409.pdf', '2568'),
('1520700089652', '1520700089652.pdf', '2568'),
('1520700091177', '1520700091177.pdf', '2568'),
('1520700101938', '1520700101938.pdf', '2568'),
('1520700106387', '1520700106387.pdf', '2568'),
('1520700111453', '1520700111453.pdf', '2568'),
('1520700116617', '1520700116617.pdf', '2568'),
('1520800003440', '1520800003440.pdf', '2568'),
('1520800054931', '1520800054931.pdf', '2568'),
('1520800057060', '1520800057060.pdf', '2568'),
('1520800060524', '1520800060524.pdf', '2568'),
('1520800061229', '1520800061229.pdf', '2568'),
('1520800063949', '1520800063949.pdf', '2568'),
('1520800066832', '1520800066832.pdf', '2568'),
('1520800067251', '1520800067251.pdf', '2568'),
('1520800068428', '1520800068428.pdf', '2568'),
('1520800082161', '1520800082161.pdf', '2568'),
('1520800104068', '1520800104068.pdf', '2568'),
('1520800109388', '1520800109388.pdf', '2568'),
('1520800128293', '1520800128293.pdf', '2568'),
('1520800138248', '1520800138248.pdf', '2568'),
('1520890000810', '1520890000810.pdf', '2568'),
('1520900012181', '1520900012181.pdf', '2568'),
('1521000004434', '1521000004434.pdf', '2568'),
('1521000006208', '1521000006208.pdf', '2568'),
('1521000006721', '1521000006721.pdf', '2568'),
('1521000006739', '1521000006739.pdf', '2568'),
('1521000061365', '1521000061365.pdf', '2568'),
('1521100002760', '1521100002760.pdf', '2568'),
('1521100003111', '1521100003111.pdf', '2568'),
('1521100040483', '1521100040483.pdf', '2568'),
('1521100042842', '1521100042842.pdf', '2568'),
('1521100048433', '1521100048433.pdf', '2568'),
('1521100050217', '1521100050217.pdf', '2568'),
('1521200001536', '1521200001536.pdf', '2568'),
('1521200031303', '1521200031303.pdf', '2568'),
('1521200040531', '1521200040531.pdf', '2568'),
('1521200044545', '1521200044545.pdf', '2568'),
('1521200047986', '1521200047986.pdf', '2568'),
('1521300002933', '1521300002933.pdf', '2568'),
('1521300004600', '1521300004600.pdf', '2568'),
('1521300006327', '1521300006327.pdf', '2568'),
('1521300036854', '1521300036854.pdf', '2568'),
('1521300037729', '1521300037729.pdf', '2568'),
('1521300038563', '1521300038563.pdf', '2568'),
('1521300042081', '1521300042081.pdf', '2568'),
('1521300044822', '1521300044822.pdf', '2568'),
('1529900002435', '1529900002435.pdf', '2568'),
('1529900008336', '1529900008336.pdf', '2568'),
('1529900008441', '1529900008441.pdf', '2568'),
('1529900012406', '1529900012406.pdf', '2568'),
('1529900012651', '1529900012651.pdf', '2568'),
('1529900020581', '1529900020581.pdf', '2568'),
('1529900020654', '1529900020654.pdf', '2568'),
('1529900023424', '1529900023424.pdf', '2568'),
('1529900024099', '1529900024099.pdf', '2568'),
('1529900032920', '1529900032920.pdf', '2568'),
('1529900035635', '1529900035635.pdf', '2568'),
('1529900044952', '1529900044952.pdf', '2568'),
('1529900046211', '1529900046211.pdf', '2568'),
('1529900046611', '1529900046611.pdf', '2568'),
('1529900047277', '1529900047277.pdf', '2568'),
('1529900049237', '1529900049237.pdf', '2568'),
('1529900049695', '1529900049695.pdf', '2568'),
('1529900060010', '1529900060010.pdf', '2568'),
('1529900069840', '1529900069840.pdf', '2568'),
('1529900073171', '1529900073171.pdf', '2568'),
('1529900073804', '1529900073804.pdf', '2568'),
('1529900076692', '1529900076692.pdf', '2568'),
('1529900077311', '1529900077311.pdf', '2568'),
('1529900077664', '1529900077664.pdf', '2568'),
('1529900079047', '1529900079047.pdf', '2568'),
('1529900080568', '1529900080568.pdf', '2568'),
('1529900081181', '1529900081181.pdf', '2568'),
('1529900085586', '1529900085586.pdf', '2568'),
('1529900087694', '1529900087694.pdf', '2568'),
('1529900093023', '1529900093023.pdf', '2568'),
('1529900094801', '1529900094801.pdf', '2568'),
('1529900097851', '1529900097851.pdf', '2568'),
('1529900102570', '1529900102570.pdf', '2568'),
('1529900103541', '1529900103541.pdf', '2568'),
('1529900105536', '1529900105536.pdf', '2568'),
('1529900107202', '1529900107202.pdf', '2568'),
('1529900107300', '1529900107300.pdf', '2568'),
('1529900107385', '1529900107385.pdf', '2568'),
('1529900108047', '1529900108047.pdf', '2568'),
('1529900110564', '1529900110564.pdf', '2568'),
('1529900110904', '1529900110904.pdf', '2568'),
('1529900112257', '1529900112257.pdf', '2568'),
('1529900112842', '1529900112842.pdf', '2568'),
('1529900115914', '1529900115914.pdf', '2568'),
('1529900116368', '1529900116368.pdf', '2568'),
('1529900116562', '1529900116562.pdf', '2568'),
('1529900116937', '1529900116937.pdf', '2568'),
('1529900120594', '1529900120594.pdf', '2568'),
('1529900122210', '1529900122210.pdf', '2568'),
('1529900126533', '1529900126533.pdf', '2568'),
('1529900126622', '1529900126622.pdf', '2568'),
('1529900128986', '1529900128986.pdf', '2568'),
('1529900133947', '1529900133947.pdf', '2568'),
('1529900136075', '1529900136075.pdf', '2568'),
('1529900137306', '1529900137306.pdf', '2568'),
('1529900137721', '1529900137721.pdf', '2568'),
('1529900137900', '1529900137900.pdf', '2568'),
('1529900140447', '1529900140447.pdf', '2568'),
('1529900142075', '1529900142075.pdf', '2568'),
('1529900142369', '1529900142369.pdf', '2568'),
('1529900142946', '1529900142946.pdf', '2568'),
('1529900178053', '1529900178053.pdf', '2568'),
('1529900179131', '1529900179131.pdf', '2568'),
('1529900179912', '1529900179912.pdf', '2568'),
('1529900183294', '1529900183294.pdf', '2568'),
('1529900184754', '1529900184754.pdf', '2568'),
('1529900185661', '1529900185661.pdf', '2568'),
('1529900188946', '1529900188946.pdf', '2568'),
('1529900190924', '1529900190924.pdf', '2568'),
('1529900190983', '1529900190983.pdf', '2568'),
('1529900191149', '1529900191149.pdf', '2568'),
('1529900191467', '1529900191467.pdf', '2568'),
('1529900192498', '1529900192498.pdf', '2568'),
('1529900199107', '1529900199107.pdf', '2568'),
('1529900207398', '1529900207398.pdf', '2568'),
('1529900209986', '1529900209986.pdf', '2568'),
('1529900210194', '1529900210194.pdf', '2568'),
('1529900210208', '1529900210208.pdf', '2568'),
('1529900212251', '1529900212251.pdf', '2568'),
('1529900218489', '1529900218489.pdf', '2568'),
('1529900221111', '1529900221111.pdf', '2568'),
('1529900224055', '1529900224055.pdf', '2568'),
('1529900224390', '1529900224390.pdf', '2568'),
('1529900232767', '1529900232767.pdf', '2568'),
('1529900237521', '1529900237521.pdf', '2568'),
('1529900242622', '1529900242622.pdf', '2568'),
('1529900243181', '1529900243181.pdf', '2568'),
('1529900244366', '1529900244366.pdf', '2568'),
('1529900249261', '1529900249261.pdf', '2568'),
('1529900250803', '1529900250803.pdf', '2568'),
('1529900258979', '1529900258979.pdf', '2568'),
('1529900264391', '1529900264391.pdf', '2568'),
('1529900268214', '1529900268214.pdf', '2568'),
('1529900270499', '1529900270499.pdf', '2568'),
('1529900272823', '1529900272823.pdf', '2568'),
('1529900275474', '1529900275474.pdf', '2568'),
('1529900276594', '1529900276594.pdf', '2568'),
('1529900280168', '1529900280168.pdf', '2568'),
('1529900285194', '1529900285194.pdf', '2568'),
('1529900287235', '1529900287235.pdf', '2568'),
('1529900295581', '1529900295581.pdf', '2568'),
('1529900301238', '1529900301238.pdf', '2568'),
('1529900309611', '1529900309611.pdf', '2568'),
('1529900310920', '1529900310920.pdf', '2568'),
('1529900311799', '1529900311799.pdf', '2568'),
('1529900315476', '1529900315476.pdf', '2568'),
('1529900324459', '1529900324459.pdf', '2568'),
('1529900327075', '1529900327075.pdf', '2568'),
('1529900328004', '1529900328004.pdf', '2568'),
('1529900332737', '1529900332737.pdf', '2568'),
('1529900335574', '1529900335574.pdf', '2568'),
('1529900342325', '1529900342325.pdf', '2568'),
('1529900342406', '1529900342406.pdf', '2568'),
('1529900346576', '1529900346576.pdf', '2568'),
('1529900353459', '1529900353459.pdf', '2568'),
('1529900370701', '1529900370701.pdf', '2568'),
('1529900372551', '1529900372551.pdf', '2568'),
('1529900374057', '1529900374057.pdf', '2568'),
('1529900375622', '1529900375622.pdf', '2568'),
('1529900379083', '1529900379083.pdf', '2568'),
('1529900388171', '1529900388171.pdf', '2568'),
('1529900400414', '1529900400414.pdf', '2568'),
('1529900404771', '1529900404771.pdf', '2568'),
('1529900406374', '1529900406374.pdf', '2568'),
('1529900419085', '1529900419085.pdf', '2568'),
('1529900422191', '1529900422191.pdf', '2568'),
('1529900423252', '1529900423252.pdf', '2568'),
('1529900423821', '1529900423821.pdf', '2568'),
('1529900424569', '1529900424569.pdf', '2568'),
('1529900425271', '1529900425271.pdf', '2568'),
('1529900430631', '1529900430631.pdf', '2568'),
('1529900438934', '1529900438934.pdf', '2568'),
('1529900439744', '1529900439744.pdf', '2568'),
('1529900439965', '1529900439965.pdf', '2568'),
('1529900440050', '1529900440050.pdf', '2568'),
('1529900448662', '1529900448662.pdf', '2568'),
('1529900449472', '1529900449472.pdf', '2568'),
('1529900454409', '1529900454409.pdf', '2568'),
('1529900463521', '1529900463521.pdf', '2568'),
('1529900474931', '1529900474931.pdf', '2568'),
('1529900479061', '1529900479061.pdf', '2568'),
('1529900485223', '1529900485223.pdf', '2568'),
('1529900490511', '1529900490511.pdf', '2568'),
('1529900496195', '1529900496195.pdf', '2568'),
('1529900501971', '1529900501971.pdf', '2568'),
('1529900510511', '1529900510511.pdf', '2568'),
('1529900517001', '1529900517001.pdf', '2568'),
('1529900522307', '1529900522307.pdf', '2568'),
('1529900526256', '1529900526256.pdf', '2568'),
('1529900527074', '1529900527074.pdf', '2568'),
('1529900527783', '1529900527783.pdf', '2568'),
('1529900528836', '1529900528836.pdf', '2568'),
('1529900531233', '1529900531233.pdf', '2568'),
('1529900538718', '1529900538718.pdf', '2568'),
('1529900546982', '1529900546982.pdf', '2568'),
('1529900554454', '1529900554454.pdf', '2568'),
('1529900555906', '1529900555906.pdf', '2568'),
('1529900576628', '1529900576628.pdf', '2568'),
('1529900576733', '1529900576733.pdf', '2568'),
('1529900577225', '1529900577225.pdf', '2568'),
('1529900583055', '1529900583055.pdf', '2568'),
('1529900584248', '1529900584248.pdf', '2568'),
('1529900588120', '1529900588120.pdf', '2568'),
('1529900588936', '1529900588936.pdf', '2568'),
('1529900590299', '1529900590299.pdf', '2568'),
('1529900594995', '1529900594995.pdf', '2568'),
('1529900595355', '1529900595355.pdf', '2568'),
('1529900595495', '1529900595495.pdf', '2568'),
('1529900596416', '1529900596416.pdf', '2568'),
('1529900596505', '1529900596505.pdf', '2568'),
('1529900598559', '1529900598559.pdf', '2568'),
('1529900599202', '1529900599202.pdf', '2568'),
('1529900601681', '1529900601681.pdf', '2568'),
('1529900601983', '1529900601983.pdf', '2568'),
('1529900605831', '1529900605831.pdf', '2568'),
('1529900607582', '1529900607582.pdf', '2568'),
('1529900611725', '1529900611725.pdf', '2568'),
('1529900614112', '1529900614112.pdf', '2568'),
('1529900614201', '1529900614201.pdf', '2568'),
('1529900614503', '1529900614503.pdf', '2568'),
('1529900614589', '1529900614589.pdf', '2568'),
('1529900615828', '1529900615828.pdf', '2568'),
('1529900618002', '1529900618002.pdf', '2568'),
('1529900619947', '1529900619947.pdf', '2568'),
('1529900621526', '1529900621526.pdf', '2568'),
('1529900622492', '1529900622492.pdf', '2568'),
('1529900627117', '1529900627117.pdf', '2568'),
('1529900627478', '1529900627478.pdf', '2568'),
('1529900627877', '1529900627877.pdf', '2568'),
('1529900632536', '1529900632536.pdf', '2568'),
('1529900636655', '1529900636655.pdf', '2568'),
('1529900642060', '1529900642060.pdf', '2568'),
('1529900644259', '1529900644259.pdf', '2568'),
('1529900647819', '1529900647819.pdf', '2568'),
('1529900649561', '1529900649561.pdf', '2568'),
('1529900656044', '1529900656044.pdf', '2568'),
('1529900665906', '1529900665906.pdf', '2568'),
('1529900670756', '1529900670756.pdf', '2568'),
('1529900674212', '1529900674212.pdf', '2568'),
('1529900678129', '1529900678129.pdf', '2568'),
('1529900686121', '1529900686121.pdf', '2568'),
('1529900687616', '1529900687616.pdf', '2568'),
('1529900691737', '1529900691737.pdf', '2568'),
('1529900695104', '1529900695104.pdf', '2568'),
('1529900695856', '1529900695856.pdf', '2568'),
('1529900696534', '1529900696534.pdf', '2568'),
('1529900699509', '1529900699509.pdf', '2568'),
('1529900717167', '1529900717167.pdf', '2568'),
('1529900719186', '1529900719186.pdf', '2568'),
('1529900732841', '1529900732841.pdf', '2568'),
('1529900734703', '1529900734703.pdf', '2568'),
('1529900735947', '1529900735947.pdf', '2568'),
('1529900741611', '1529900741611.pdf', '2568'),
('1529900743486', '1529900743486.pdf', '2568'),
('1529900757720', '1529900757720.pdf', '2568'),
('1529900765315', '1529900765315.pdf', '2568'),
('1529900765536', '1529900765536.pdf', '2568'),
('1529900767857', '1529900767857.pdf', '2568'),
('1529900770777', '1529900770777.pdf', '2568'),
('1529900778964', '1529900778964.pdf', '2568'),
('1529900780217', '1529900780217.pdf', '2568'),
('1529900792347', '1529900792347.pdf', '2568'),
('1529900793149', '1529900793149.pdf', '2568'),
('1529900800145', '1529900800145.pdf', '2568'),
('1529900801443', '1529900801443.pdf', '2568'),
('1529900807751', '1529900807751.pdf', '2568'),
('1529900821142', '1529900821142.pdf', '2568'),
('1529900827833', '1529900827833.pdf', '2568'),
('1529900850550', '1529900850550.pdf', '2568'),
('1529900853290', '1529900853290.pdf', '2568'),
('1529900858151', '1529900858151.pdf', '2568'),
('1529900871565', '1529900871565.pdf', '2568'),
('1529900873070', '1529900873070.pdf', '2568'),
('1529900873312', '1529900873312.pdf', '2568'),
('1529900877300', '1529900877300.pdf', '2568'),
('1529900883792', '1529900883792.pdf', '2568'),
('1529900888433', '1529900888433.pdf', '2568'),
('1529900890012', '1529900890012.pdf', '2568'),
('1529900897009', '1529900897009.pdf', '2568'),
('1529900902673', '1529900902673.pdf', '2568'),
('1529900903629', '1529900903629.pdf', '2568'),
('1529900906580', '1529900906580.pdf', '2568'),
('1529900912369', '1529900912369.pdf', '2568'),
('1529900916836', '1529900916836.pdf', '2568'),
('1529900925495', '1529900925495.pdf', '2568'),
('1529900928508', '1529900928508.pdf', '2568'),
('1529900934915', '1529900934915.pdf', '2568'),
('1529900945755', '1529900945755.pdf', '2568'),
('1529900946506', '1529900946506.pdf', '2568'),
('1529900971764', '1529900971764.pdf', '2568'),
('1529900985226', '1529900985226.pdf', '2568'),
('1529900991579', '1529900991579.pdf', '2568'),
('1529900996473', '1529900996473.pdf', '2568'),
('1529901007848', '1529901007848.pdf', '2568'),
('1529901007881', '1529901007881.pdf', '2568'),
('1529901011292', '1529901011292.pdf', '2568'),
('1529901014607', '1529901014607.pdf', '2568'),
('1529902029446', '1529902029446.pdf', '2568'),
('1529902033265', '1529902033265.pdf', '2568'),
('1529902040822', '1529902040822.pdf', '2568'),
('1529902046979', '1529902046979.pdf', '2568'),
('1529902059132', '1529902059132.pdf', '2568'),
('1529902066678', '1529902066678.pdf', '2568'),
('1529902066961', '1529902066961.pdf', '2568'),
('1529990001646', '1529990001646.pdf', '2568'),
('1529990002511', '1529990002511.pdf', '2568'),
('1529990005641', '1529990005641.pdf', '2568'),
('1529990009914', '1529990009914.pdf', '2568'),
('1530600002555', '1530600002555.pdf', '2568'),
('1530700055880', '1530700055880.pdf', '2568'),
('1539900008557', '1539900008557.pdf', '2568'),
('1539900161908', '1539900161908.pdf', '2568'),
('1539900297371', '1539900297371.pdf', '2568'),
('1539900401020', '1539900401020.pdf', '2568'),
('1539900456401', '1539900456401.pdf', '2568'),
('1539900485053', '1539900485053.pdf', '2568'),
('1539900495237', '1539900495237.pdf', '2568'),
('1539900527961', '1539900527961.pdf', '2568'),
('1539900638101', '1539900638101.pdf', '2568'),
('1540300005371', '1540300005371.pdf', '2568'),
('1540300053791', '1540300053791.pdf', '2568'),
('1540300058989', '1540300058989.pdf', '2568'),
('1540300098441', '1540300098441.pdf', '2568'),
('1540400063194', '1540400063194.pdf', '2568'),
('1540700042923', '1540700042923.pdf', '2568'),
('1549900021456', '1549900021456.pdf', '2568'),
('1549900044278', '1549900044278.pdf', '2568'),
('1549900047650', '1549900047650.pdf', '2568'),
('1549900050103', '1549900050103.pdf', '2568'),
('1549900100101', '1549900100101.pdf', '2568'),
('1549900114349', '1549900114349.pdf', '2568'),
('1549900209978', '1549900209978.pdf', '2568'),
('1549900230225', '1549900230225.pdf', '2568'),
('1549900327423', '1549900327423.pdf', '2568'),
('1549900341990', '1549900341990.pdf', '2568'),
('1549900352886', '1549900352886.pdf', '2568'),
('1549900398983', '1549900398983.pdf', '2568'),
('1549900500591', '1549900500591.pdf', '2568'),
('1549900582318', '1549900582318.pdf', '2568'),
('1550200043807', '1550200043807.pdf', '2568'),
('1550400032124', '1550400032124.pdf', '2568'),
('1550500029877', '1550500029877.pdf', '2568'),
('1550500030140', '1550500030140.pdf', '2568'),
('1550500041761', '1550500041761.pdf', '2568'),
('1550500061754', '1550500061754.pdf', '2568'),
('1550500101004', '1550500101004.pdf', '2568'),
('1550700070358', '1550700070358.pdf', '2568'),
('1550700077298', '1550700077298.pdf', '2568'),
('1550700106417', '1550700106417.pdf', '2568'),
('1550700111879', '1550700111879.pdf', '2568'),
('1550800037603', '1550800037603.pdf', '2568'),
('1550900067016', '1550900067016.pdf', '2568'),
('1551000003730', '1551000003730.pdf', '2568'),
('1559900012635', '1559900012635.pdf', '2568'),
('1559900017602', '1559900017602.pdf', '2568'),
('1559900020077', '1559900020077.pdf', '2568'),
('1559900034230', '1559900034230.pdf', '2568'),
('1559900232520', '1559900232520.pdf', '2568'),
('1559900240107', '1559900240107.pdf', '2568'),
('1559900240441', '1559900240441.pdf', '2568'),
('1559900250561', '1559900250561.pdf', '2568'),
('1559900281610', '1559900281610.pdf', '2568'),
('1559900357144', '1559900357144.pdf', '2568'),
('1560100002394', '1560100002394.pdf', '2568'),
('1560100030525', '1560100030525.pdf', '2568'),
('1560100041675', '1560100041675.pdf', '2568'),
('1560100046553', '1560100046553.pdf', '2568'),
('1560100090528', '1560100090528.pdf', '2568'),
('1560100097158', '1560100097158.pdf', '2568'),
('1560100099231', '1560100099231.pdf', '2568'),
('1560100136251', '1560100136251.pdf', '2568'),
('1560100196971', '1560100196971.pdf', '2568'),
('1560100205082', '1560100205082.pdf', '2568'),
('1560100219601', '1560100219601.pdf', '2568'),
('1560100221771', '1560100221771.pdf', '2568'),
('1560100270909', '1560100270909.pdf', '2568'),
('1560100298307', '1560100298307.pdf', '2568'),
('1560300192588', '1560300192588.pdf', '2568'),
('1560300217131', '1560300217131.pdf', '2568'),
('1560300238600', '1560300238600.pdf', '2568'),
('1560300272719', '1560300272719.pdf', '2568'),
('1560300282081', '1560300282081.pdf', '2568'),
('1560300285411', '1560300285411.pdf', '2568'),
('1560300290423', '1560300290423.pdf', '2568'),
('1560500053506', '1560500053506.pdf', '2568'),
('1560600002016', '1560600002016.pdf', '2568'),
('1560700045612', '1560700045612.pdf', '2568'),
('1570100001428', '1570100001428.pdf', '2568'),
('1570300110883', '1570300110883.pdf', '2568'),
('1570400003205', '1570400003205.pdf', '2568'),
('1570500126651', '1570500126651.pdf', '2568'),
('1570500183973', '1570500183973.pdf', '2568'),
('1570700083638', '1570700083638.pdf', '2568'),
('1570700203871', '1570700203871.pdf', '2568'),
('1570900054143', '1570900054143.pdf', '2568'),
('1571000067525', '1571000067525.pdf', '2568'),
('1571100075970', '1571100075970.pdf', '2568'),
('1571100138190', '1571100138190.pdf', '2568'),
('1579900027870', '1579900027870.pdf', '2568'),
('1579900277540', '1579900277540.pdf', '2568'),
('1579900505895', '1579900505895.pdf', '2568'),
('1579900565626', '1579900565626.pdf', '2568'),
('1579900917697', '1579900917697.pdf', '2568'),
('1580400013758', '1580400013758.pdf', '2568'),
('1580400089274', '1580400089274.pdf', '2568'),
('1580400091741', '1580400091741.pdf', '2568'),
('1580400127583', '1580400127583.pdf', '2568'),
('1580400184595', '1580400184595.pdf', '2568'),
('1580401247680', '1580401247680.pdf', '2568'),
('1580500049711', '1580500049711.pdf', '2568'),
('1580500060910', '1580500060910.pdf', '2568'),
('1580600023129', '1580600023129.pdf', '2568'),
('1589900055628', '1589900055628.pdf', '2568'),
('1600100077296', '1600100077296.pdf', '2568'),
('1600100566912', '1600100566912.pdf', '2568'),
('1600101857538', '1600101857538.pdf', '2568'),
('1601100015674', '1601100015674.pdf', '2568'),
('1609900427826', '1609900427826.pdf', '2568'),
('1629900249723', '1629900249723.pdf', '2568'),
('1630400048631', '1630400048631.pdf', '2568'),
('1639800123639', '1639800123639.pdf', '2568'),
('1639800220022', '1639800220022.pdf', '2568'),
('1639900147637', '1639900147637.pdf', '2568'),
('1639900200147', '1639900200147.pdf', '2568'),
('1639900327660', '1639900327660.pdf', '2568'),
('1640100280369', '1640100280369.pdf', '2568'),
('1640400010847', '1640400010847.pdf', '2568'),
('1640900069816', '1640900069816.pdf', '2568'),
('1650101116147', '1650101116147.pdf', '2568'),
('1650400008818', '1650400008818.pdf', '2568'),
('1659900283069', '1659900283069.pdf', '2568'),
('1659900459817', '1659900459817.pdf', '2568'),
('1659900846039', '1659900846039.pdf', '2568'),
('1660100013204', '1660100013204.pdf', '2568'),
('1660600012681', '1660600012681.pdf', '2568'),
('1669800167806', '1669800167806.pdf', '2568'),
('1669900342855', '1669900342855.pdf', '2568'),
('1679900266580', '1679900266580.pdf', '2568'),
('1710100141813', '1710100141813.pdf', '2568'),
('1729900141832', '1729900141832.pdf', '2568'),
('1730600113215', '1730600113215.pdf', '2568'),
('1739900665394', '1739900665394.pdf', '2568'),
('1779900107693', '1779900107693.pdf', '2568'),
('1809900142994', '1809900142994.pdf', '2568'),
('1930300124848', '1930300124848.pdf', '2568'),
('2191100018617', '2191100018617.pdf', '2568'),
('2480200017244', '2480200017244.pdf', '2568'),
('2510100012053', '2510100012053.pdf', '2568'),
('2510400001634', '2510400001634.pdf', '2568'),
('2510400013632', '2510400013632.pdf', '2568'),
('2520400012024', '2520400012024.pdf', '2568'),
('2520700013271', '2520700013271.pdf', '2568'),
('3100904637992', '3100904637992.pdf', '2568'),
('3101202239301', '3101202239301.pdf', '2568'),
('3101501019043', '3101501019043.pdf', '2568'),
('3101600646399', '3101600646399.pdf', '2568'),
('3102000953054', '3102000953054.pdf', '2568'),
('3102101814998', '3102101814998.pdf', '2568'),
('3102200248281', '3102200248281.pdf', '2568'),
('3102400536574', '3102400536574.pdf', '2568'),
('3110400111865', '3110400111865.pdf', '2568'),
('3110400133427', '3110400133427.pdf', '2568'),
('3120600298225', '3120600298225.pdf', '2568'),
('3120600404564', '3120600404564.pdf', '2568'),
('3130100178727', '3130100178727.pdf', '2568'),
('3140200078040', '3140200078040.pdf', '2568'),
('3140200160811', '3140200160811.pdf', '2568'),
('3170400159531', '3170400159531.pdf', '2568'),
('3180400180638', '3180400180638.pdf', '2568'),
('3180500477250', '3180500477250.pdf', '2568'),
('3189900057604', '3189900057604.pdf', '2568'),
('3200200495227', '3200200495227.pdf', '2568'),
('3210100595238', '3210100595238.pdf', '2568'),
('3210400040835', '3210400040835.pdf', '2568'),
('3220100090471', '3220100090471.pdf', '2568'),
('3220300426871', '3220300426871.pdf', '2568'),
('3250200421258', '3250200421258.pdf', '2568'),
('3300200086156', '3300200086156.pdf', '2568'),
('3300600740546', '3300600740546.pdf', '2568'),
('3300700358902', '3300700358902.pdf', '2568'),
('3301400903884', '3301400903884.pdf', '2568'),
('3302000116789', '3302000116789.pdf', '2568'),
('3302000531581', '3302000531581.pdf', '2568'),
('3309901054348', '3309901054348.pdf', '2568'),
('3310400947937', '3310400947937.pdf', '2568'),
('3310700413521', '3310700413521.pdf', '2568'),
('3320101333571', '3320101333571.pdf', '2568'),
('3330200034059', '3330200034059.pdf', '2568'),
('3349700094482', '3349700094482.pdf', '2568'),
('3359900060255', '3359900060255.pdf', '2568'),
('3360600212957', '3360600212957.pdf', '2568'),
('3361000099581', '3361000099581.pdf', '2568'),
('3400400287243', '3400400287243.pdf', '2568'),
('3400500542903', '3400500542903.pdf', '2568'),
('3401600575791', '3401600575791.pdf', '2568'),
('3409900941641', '3409900941641.pdf', '2568'),
('3409901116997', '3409901116997.pdf', '2568'),
('3411100827553', '3411100827553.pdf', '2568'),
('3411700424883', '3411700424883.pdf', '2568'),
('3411900338034', '3411900338034.pdf', '2568'),
('3420300245140', '3420300245140.pdf', '2568'),
('3430500997013', '3430500997013.pdf', '2568'),
('3440700091263', '3440700091263.pdf', '2568'),
('3440900008718', '3440900008718.pdf', '2568'),
('3450800092008', '3450800092008.pdf', '2568'),
('3459900024321', '3459900024321.pdf', '2568'),
('3461000420192', '3461000420192.pdf', '2568'),
('3470100880348', '3470100880348.pdf', '2568'),
('3471000393381', '3471000393381.pdf', '2568'),
('3471200881673', '3471200881673.pdf', '2568'),
('3471200958111', '3471200958111.pdf', '2568'),
('3480700580086', '3480700580086.pdf', '2568'),
('3500100182101', '3500100182101.pdf', '2568'),
('3500100360106', '3500100360106.pdf', '2568'),
('3500200703897', '3500200703897.pdf', '2568'),
('3500300354452', '3500300354452.pdf', '2568'),
('3500400353270', '3500400353270.pdf', '2568'),
('3500500137277', '3500500137277.pdf', '2568'),
('3500500208727', '3500500208727.pdf', '2568'),
('3500500492395', '3500500492395.pdf', '2568'),
('3500600151905', '3500600151905.pdf', '2568'),
('3500600241742', '3500600241742.pdf', '2568'),
('3500600457672', '3500600457672.pdf', '2568'),
('3500600542289', '3500600542289.pdf', '2568'),
('3500700017348', '3500700017348.pdf', '2568'),
('3500700223754', '3500700223754.pdf', '2568'),
('3500700437169', '3500700437169.pdf', '2568'),
('3500900179937', '3500900179937.pdf', '2568'),
('3500900479477', '3500900479477.pdf', '2568'),
('3500900897872', '3500900897872.pdf', '2568'),
('3500900955341', '3500900955341.pdf', '2568'),
('3501100128808', '3501100128808.pdf', '2568'),
('3501100173048', '3501100173048.pdf', '2568'),
('3501100297081', '3501100297081.pdf', '2568'),
('3501200046510', '3501200046510.pdf', '2568'),
('3501200070224', '3501200070224.pdf', '2568'),
('3501200079213', '3501200079213.pdf', '2568'),
('3501200178866', '3501200178866.pdf', '2568'),
('3501200182014', '3501200182014.pdf', '2568'),
('3501200375904', '3501200375904.pdf', '2568'),
('3501200441290', '3501200441290.pdf', '2568'),
('3501200699394', '3501200699394.pdf', '2568'),
('3501200835280', '3501200835280.pdf', '2568'),
('3501200835361', '3501200835361.pdf', '2568'),
('3501200849957', '3501200849957.pdf', '2568'),
('3501201028515', '3501201028515.pdf', '2568'),
('3501300071966', '3501300071966.pdf', '2568'),
('3501300150742', '3501300150742.pdf', '2568'),
('3501300183578', '3501300183578.pdf', '2568'),
('3501300392002', '3501300392002.pdf', '2568'),
('3501300439696', '3501300439696.pdf', '2568'),
('3501300440660', '3501300440660.pdf', '2568'),
('3501300525258', '3501300525258.pdf', '2568'),
('3501300797410', '3501300797410.pdf', '2568'),
('3501300820152', '3501300820152.pdf', '2568'),
('3501400084601', '3501400084601.pdf', '2568'),
('3501400373018', '3501400373018.pdf', '2568'),
('3501400650364', '3501400650364.pdf', '2568'),
('3501400696895', '3501400696895.pdf', '2568'),
('3501500014672', '3501500014672.pdf', '2568'),
('3501500069868', '3501500069868.pdf', '2568'),
('3501500123072', '3501500123072.pdf', '2568'),
('3501500229164', '3501500229164.pdf', '2568'),
('3501500572195', '3501500572195.pdf', '2568'),
('3501900160056', '3501900160056.pdf', '2568'),
('3501900244730', '3501900244730.pdf', '2568'),
('3501900255987', '3501900255987.pdf', '2568'),
('3501900424711', '3501900424711.pdf', '2568'),
('3501900553074', '3501900553074.pdf', '2568'),
('3501900637871', '3501900637871.pdf', '2568'),
('3509900005201', '3509900005201.pdf', '2568'),
('3509900107136', '3509900107136.pdf', '2568'),
('3509900232364', '3509900232364.pdf', '2568'),
('3509900477006', '3509900477006.pdf', '2568'),
('3509900530845', '3509900530845.pdf', '2568'),
('3509900553730', '3509900553730.pdf', '2568'),
('3509900732651', '3509900732651.pdf', '2568'),
('3509900963717', '3509900963717.pdf', '2568'),
('3510100002595', '3510100002595.pdf', '2568'),
('3510100034861', '3510100034861.pdf', '2568'),
('3510100049443', '3510100049443.pdf', '2568'),
('3510100054315', '3510100054315.pdf', '2568'),
('3510100064612', '3510100064612.pdf', '2568'),
('3510100084265', '3510100084265.pdf', '2568'),
('3510100088058', '3510100088058.pdf', '2568'),
('3510100149375', '3510100149375.pdf', '2568'),
('3510100157548', '3510100157548.pdf', '2568'),
('3510100164501', NULL, '2568'),
('3510100189491', '3510100189491.pdf', '2568'),
('3510100199411', '3510100199411.pdf', '2568'),
('3510100202403', '3510100202403.pdf', '2568'),
('3510100207260', '3510100207260.pdf', '2568'),
('3510100241182', '3510100241182.pdf', '2568'),
('3510100246974', '3510100246974.pdf', '2568'),
('3510100247407', '3510100247407.pdf', '2568'),
('3510100262953', '3510100262953.pdf', '2568'),
('3510100263585', '3510100263585.pdf', '2568'),
('3510100264581', '3510100264581.pdf', '2568'),
('3510100293476', '3510100293476.pdf', '2568'),
('3510100301100', '3510100301100.pdf', '2568'),
('3510100340555', '3510100340555.pdf', '2568'),
('3510100341055', '3510100341055.pdf', '2568'),
('3510100342264', '3510100342264.pdf', '2568'),
('3510100369821', '3510100369821.pdf', '2568'),
('3510100440380', '3510100440380.pdf', '2568'),
('3510100475906', '3510100475906.pdf', '2568'),
('3510100493866', '3510100493866.pdf', '2568'),
('3510100554822', '3510100554822.pdf', '2568'),
('3510100557511', '3510100557511.pdf', '2568'),
('3510100653791', '3510100653791.pdf', '2568'),
('3510100657460', '3510100657460.pdf', '2568'),
('3510100697151', '3510100697151.pdf', '2568'),
('3510100700829', '3510100700829.pdf', '2568'),
('3510100718272', '3510100718272.pdf', '2568'),
('3510100728499', '3510100728499.pdf', '2568'),
('3510100807569', '3510100807569.pdf', '2568'),
('3510100822681', '3510100822681.pdf', '2568'),
('3510100827667', '3510100827667.pdf', '2568'),
('3510100834647', '3510100834647.pdf', '2568'),
('3510100836933', '3510100836933.pdf', '2568'),
('3510100841449', '3510100841449.pdf', '2568'),
('3510100876358', '3510100876358.pdf', '2568'),
('3510100878458', '3510100878458.pdf', '2568'),
('3510100879632', '3510100879632.pdf', '2568'),
('3510100914195', '3510100914195.pdf', '2568'),
('3510100966845', '3510100966845.pdf', '2568'),
('3510100969712', '3510100969712.pdf', '2568'),
('3510101004541', '3510101004541.pdf', '2568'),
('3510101019068', '3510101019068.pdf', '2568'),
('3510101022123', '3510101022123.pdf', '2568'),
('3510101028296', '3510101028296.pdf', '2568'),
('3510101037881', '3510101037881.pdf', '2568'),
('3510101049226', '3510101049226.pdf', '2568'),
('3510101049757', '3510101049757.pdf', '2568'),
('3510101081936', '3510101081936.pdf', '2568'),
('3510101083408', '3510101083408.pdf', '2568'),
('3510101092792', '3510101092792.pdf', '2568'),
('3510101156618', '3510101156618.pdf', '2568'),
('3510101158688', '3510101158688.pdf', '2568'),
('3510101204019', '3510101204019.pdf', '2568'),
('3510101216602', '3510101216602.pdf', '2568'),
('3510101229593', '3510101229593.pdf', '2568'),
('3510101232781', '3510101232781.pdf', '2568'),
('3510101268459', '3510101268459.pdf', '2568'),
('3510101313861', '3510101313861.pdf', '2568'),
('3510101324651', '3510101324651.pdf', '2568'),
('3510101326548', '3510101326548.pdf', '2568'),
('3510101345640', '3510101345640.pdf', '2568'),
('3510101354495', '3510101354495.pdf', '2568'),
('3510101365799', '3510101365799.pdf', '2568'),
('3510200089471', '3510200089471.pdf', '2568'),
('3510200093355', '3510200093355.pdf', '2568'),
('3510200096249', '3510200096249.pdf', '2568'),
('3510200123408', '3510200123408.pdf', '2568'),
('3510200131141', '3510200131141.pdf', '2568'),
('3510200136097', '3510200136097.pdf', '2568'),
('3510200136101', '3510200136101.pdf', '2568'),
('3510200269526', '3510200269526.pdf', '2568'),
('3510200303333', '3510200303333.pdf', '2568'),
('3510200359673', '3510200359673.pdf', '2568'),
('3510300015542', '3510300015542.pdf', '2568'),
('3510300018894', '3510300018894.pdf', '2568'),
('3510300029209', '3510300029209.pdf', '2568'),
('3510300029233', '3510300029233.pdf', '2568'),
('3510300029381', '3510300029381.pdf', '2568'),
('3510300030835', '3510300030835.pdf', '2568'),
('3510300032242', '3510300032242.pdf', '2568'),
('3510300036051', '3510300036051.pdf', '2568'),
('3510300038135', '3510300038135.pdf', '2568'),
('3510300041837', '3510300041837.pdf', '2568'),
('3510300046456', '3510300046456.pdf', '2568'),
('3510300049986', '3510300049986.pdf', '2568'),
('3510300050062', '3510300050062.pdf', '2568'),
('3510300107064', '3510300107064.pdf', '2568'),
('3510300107595', '3510300107595.pdf', '2568'),
('3510300111720', '3510300111720.pdf', '2568'),
('3510300118554', '3510300118554.pdf', '2568'),
('3510300122314', '3510300122314.pdf', '2568'),
('3510300125461', '3510300125461.pdf', '2568'),
('3510300136901', '3510300136901.pdf', '2568'),
('3510300141009', '3510300141009.pdf', '2568'),
('3510300144041', NULL, '2568'),
('3510300213476', '3510300213476.pdf', '2568'),
('3510300216220', '3510300216220.pdf', '2568'),
('3510300221304', '3510300221304.pdf', '2568'),
('3510300240597', '3510300240597.pdf', '2568'),
('3510300249454', '3510300249454.pdf', '2568'),
('3510300261705', '3510300261705.pdf', '2568'),
('3510300265310', '3510300265310.pdf', '2568'),
('3510300289677', '3510300289677.pdf', '2568'),
('3510300301405', '3510300301405.pdf', '2568'),
('3510300311478', '3510300311478.pdf', '2568'),
('3510300322798', '3510300322798.pdf', '2568'),
('3510300327129', '3510300327129.pdf', '2568'),
('3510300373236', '3510300373236.pdf', '2568'),
('3510300379471', '3510300379471.pdf', '2568'),
('3510300383878', '3510300383878.pdf', '2568'),
('3510300386362', '3510300386362.pdf', '2568'),
('3510300395965', '3510300395965.pdf', '2568'),
('3510300402309', '3510300402309.pdf', '2568'),
('3510400026031', '3510400026031.pdf', '2568'),
('3510400058430', '3510400058430.pdf', '2568'),
('3510400070740', '3510400070740.pdf', '2568'),
('3510400071614', '3510400071614.pdf', '2568'),
('3510400095947', '3510400095947.pdf', '2568'),
('3510400096137', '3510400096137.pdf', '2568'),
('3510400113406', '3510400113406.pdf', '2568'),
('3510400168553', '3510400168553.pdf', '2568');
INSERT INTO `pdf_management` (`pid`, `newname`, `year`) VALUES
('3510400192276', '3510400192276.pdf', '2568'),
('3510400201551', '3510400201551.pdf', '2568'),
('3510400202140', '3510400202140.pdf', '2568'),
('3510400203839', '3510400203839.pdf', '2568'),
('3510400207117', '3510400207117.pdf', '2568'),
('3510400210975', '3510400210975.pdf', '2568'),
('3510400230712', '3510400230712.pdf', '2568'),
('3510400232804', '3510400232804.pdf', '2568'),
('3510400245264', '3510400245264.pdf', '2568'),
('3510400265249', '3510400265249.pdf', '2568'),
('3510400277522', '3510400277522.pdf', '2568'),
('3510400319209', '3510400319209.pdf', '2568'),
('3510400352753', '3510400352753.pdf', '2568'),
('3510400370107', '3510400370107.pdf', '2568'),
('3510400439166', '3510400439166.pdf', '2568'),
('3510400459426', '3510400459426.pdf', '2568'),
('3510400486091', '3510400486091.pdf', '2568'),
('3510400488116', '3510400488116.pdf', '2568'),
('3510400507030', '3510400507030.pdf', '2568'),
('3510500060169', '3510500060169.pdf', '2568'),
('3510500146641', '3510500146641.pdf', '2568'),
('3510600011330', '3510600011330.pdf', '2568'),
('3510600014762', '3510600014762.pdf', '2568'),
('3510600043576', '3510600043576.pdf', '2568'),
('3510600049094', '3510600049094.pdf', '2568'),
('3510600050157', '3510600050157.pdf', '2568'),
('3510600052982', '3510600052982.pdf', '2568'),
('3510600106039', '3510600106039.pdf', '2568'),
('3510600107183', '3510600107183.pdf', '2568'),
('3510600129993', '3510600129993.pdf', '2568'),
('3510600162842', '3510600162842.pdf', '2568'),
('3510600163334', '3510600163334.pdf', '2568'),
('3510600175847', '3510600175847.pdf', '2568'),
('3510600178498', '3510600178498.pdf', '2568'),
('3510600234851', '3510600234851.pdf', '2568'),
('3510600247040', '3510600247040.pdf', '2568'),
('3510600251144', '3510600251144.pdf', '2568'),
('3510600257924', '3510600257924.pdf', '2568'),
('3510600263053', '3510600263053.pdf', '2568'),
('3510600287700', '3510600287700.pdf', '2568'),
('3510600289371', '3510600289371.pdf', '2568'),
('3510600289401', '3510600289401.pdf', '2568'),
('3510600301451', '3510600301451.pdf', '2568'),
('3510600313450', '3510600313450.pdf', '2568'),
('3510600318435', '3510600318435.pdf', '2568'),
('3510600354156', '3510600354156.pdf', '2568'),
('3510600372332', '3510600372332.pdf', '2568'),
('3510600406288', NULL, '2568'),
('3510600427340', '3510600427340.pdf', '2568'),
('3510600431703', '3510600431703.pdf', '2568'),
('3510600435458', '3510600435458.pdf', '2568'),
('3510600486800', '3510600486800.pdf', '2568'),
('3510600488870', '3510600488870.pdf', '2568'),
('3510600520773', '3510600520773.pdf', '2568'),
('3510600536688', '3510600536688.pdf', '2568'),
('3510600562379', '3510600562379.pdf', '2568'),
('3510600585069', '3510600585069.pdf', '2568'),
('3510600607046', '3510600607046.pdf', '2568'),
('3510600607160', '3510600607160.pdf', '2568'),
('3510600622258', '3510600622258.pdf', '2568'),
('3510600622533', '3510600622533.pdf', '2568'),
('3510600643956', '3510600643956.pdf', '2568'),
('3510600659186', '3510600659186.pdf', '2568'),
('3510600673669', '3510600673669.pdf', '2568'),
('3510600675602', '3510600675602.pdf', '2568'),
('3510600695506', '3510600695506.pdf', '2568'),
('3510600701204', '3510600701204.pdf', '2568'),
('3510600702499', '3510600702499.pdf', '2568'),
('3510600720306', '3510600720306.pdf', '2568'),
('3510600730107', '3510600730107.pdf', '2568'),
('3510600739171', '3510600739171.pdf', '2568'),
('3510600741753', '3510600741753.pdf', '2568'),
('3510600749746', '3510600749746.pdf', '2568'),
('3510600761541', '3510600761541.pdf', '2568'),
('3510600777316', '3510600777316.pdf', '2568'),
('3510600787907', '3510600787907.pdf', '2568'),
('3510600805239', '3510600805239.pdf', '2568'),
('3519900002148', '3519900002148.pdf', '2568'),
('3519900019598', '3519900019598.pdf', '2568'),
('3519900045602', '3519900045602.pdf', '2568'),
('3519900046072', '3519900046072.pdf', '2568'),
('3519900055764', '3519900055764.pdf', '2568'),
('3519900057163', '3519900057163.pdf', '2568'),
('3519900058828', '3519900058828.pdf', '2568'),
('3519900064852', '3519900064852.pdf', '2568'),
('3519900065581', '3519900065581.pdf', '2568'),
('3519900074947', '3519900074947.pdf', '2568'),
('3519900084764', '3519900084764.pdf', '2568'),
('3519900088484', '3519900088484.pdf', '2568'),
('3519900096703', '3519900096703.pdf', '2568'),
('3519900097661', '3519900097661.pdf', '2568'),
('3519900101413', NULL, '2568'),
('3519900103530', '3519900103530.pdf', '2568'),
('3519900104111', '3519900104111.pdf', '2568'),
('3520100017347', '3520100017347.pdf', '2568'),
('3520100053068', '3520100053068.pdf', '2568'),
('3520100058302', '3520100058302.pdf', '2568'),
('3520100066640', '3520100066640.pdf', '2568'),
('3520100093779', '3520100093779.pdf', '2568'),
('3520100094694', '3520100094694.pdf', '2568'),
('3520100105394', '3520100105394.pdf', '2568'),
('3520100114440', '3520100114440.pdf', '2568'),
('3520100131239', '3520100131239.pdf', '2568'),
('3520100136591', '3520100136591.pdf', '2568'),
('3520100137369', '3520100137369.pdf', '2568'),
('3520100137474', '3520100137474.pdf', '2568'),
('3520100144241', '3520100144241.pdf', '2568'),
('3520100147941', '3520100147941.pdf', '2568'),
('3520100149791', '3520100149791.pdf', '2568'),
('3520100156827', '3520100156827.pdf', '2568'),
('3520100181520', '3520100181520.pdf', '2568'),
('3520100205267', '3520100205267.pdf', '2568'),
('3520100207022', '3520100207022.pdf', '2568'),
('3520100251528', '3520100251528.pdf', '2568'),
('3520100285198', '3520100285198.pdf', '2568'),
('3520100289223', '3520100289223.pdf', '2568'),
('3520100293981', NULL, '2568'),
('3520100294472', '3520100294472.pdf', '2568'),
('3520100303277', '3520100303277.pdf', '2568'),
('3520100316344', '3520100316344.pdf', '2568'),
('3520100320937', '3520100320937.pdf', '2568'),
('3520100365272', '3520100365272.pdf', '2568'),
('3520100379974', '3520100379974.pdf', '2568'),
('3520100390064', '3520100390064.pdf', '2568'),
('3520100397841', '3520100397841.pdf', '2568'),
('3520100402704', NULL, '2568'),
('3520100424252', '3520100424252.pdf', '2568'),
('3520100426352', '3520100426352.pdf', '2568'),
('3520100442471', '3520100442471.pdf', '2568'),
('3520100468047', '3520100468047.pdf', '2568'),
('3520100473865', '3520100473865.pdf', '2568'),
('3520100519067', '3520100519067.pdf', '2568'),
('3520100564674', '3520100564674.pdf', '2568'),
('3520100572898', '3520100572898.pdf', '2568'),
('3520100575951', '3520100575951.pdf', '2568'),
('3520100590390', '3520100590390.pdf', '2568'),
('3520100604340', '3520100604340.pdf', '2568'),
('3520100638813', '3520100638813.pdf', '2568'),
('3520100658334', '3520100658334.pdf', '2568'),
('3520100676278', '3520100676278.pdf', '2568'),
('3520100702864', '3520100702864.pdf', '2568'),
('3520100718132', '3520100718132.pdf', '2568'),
('3520100719601', '3520100719601.pdf', '2568'),
('3520100830366', '3520100830366.pdf', '2568'),
('3520100848362', '3520100848362.pdf', '2568'),
('3520100874771', '3520100874771.pdf', '2568'),
('3520100885993', '3520100885993.pdf', '2568'),
('3520100902685', '3520100902685.pdf', '2568'),
('3520100908209', '3520100908209.pdf', '2568'),
('3520100924646', '3520100924646.pdf', '2568'),
('3520100937241', '3520100937241.pdf', '2568'),
('3520100941443', '3520100941443.pdf', '2568'),
('3520100947395', '3520100947395.pdf', '2568'),
('3520100947778', '3520100947778.pdf', '2568'),
('3520100993052', '3520100993052.pdf', '2568'),
('3520101027435', '3520101027435.pdf', '2568'),
('3520101032714', '3520101032714.pdf', '2568'),
('3520101039620', '3520101039620.pdf', '2568'),
('3520101070314', '3520101070314.pdf', '2568'),
('3520101132921', '3520101132921.pdf', '2568'),
('3520101197870', '3520101197870.pdf', '2568'),
('3520101264658', '3520101264658.pdf', '2568'),
('3520101275056', '3520101275056.pdf', '2568'),
('3520101277369', '3520101277369.pdf', '2568'),
('3520101286384', '3520101286384.pdf', '2568'),
('3520101309635', '3520101309635.pdf', '2568'),
('3520101310561', '3520101310561.pdf', '2568'),
('3520101324740', '3520101324740.pdf', '2568'),
('3520101329571', '3520101329571.pdf', '2568'),
('3520101356510', '3520101356510.pdf', '2568'),
('3520101359225', '3520101359225.pdf', '2568'),
('3520101361599', '3520101361599.pdf', '2568'),
('3520101416717', '3520101416717.pdf', '2568'),
('3520101422580', '3520101422580.pdf', '2568'),
('3520101443366', '3520101443366.pdf', '2568'),
('3520101479948', '3520101479948.pdf', '2568'),
('3520101506210', '3520101506210.pdf', '2568'),
('3520101571585', '3520101571585.pdf', '2568'),
('3520101571615', '3520101571615.pdf', '2568'),
('3520200006991', '3520200006991.pdf', '2568'),
('3520200034839', '3520200034839.pdf', '2568'),
('3520200053434', '3520200053434.pdf', '2568'),
('3520200227254', '3520200227254.pdf', '2568'),
('3520300023961', '3520300023961.pdf', '2568'),
('3520300075511', '3520300075511.pdf', '2568'),
('3520300100809', '3520300100809.pdf', '2568'),
('3520300117604', '3520300117604.pdf', '2568'),
('3520300158297', '3520300158297.pdf', '2568'),
('3520300217323', '3520300217323.pdf', '2568'),
('3520300253656', '3520300253656.pdf', '2568'),
('3520300312792', '3520300312792.pdf', '2568'),
('3520300438150', '3520300438150.pdf', '2568'),
('3520300503211', '3520300503211.pdf', '2568'),
('3520300510209', '3520300510209.pdf', '2568'),
('3520300521693', '3520300521693.pdf', '2568'),
('3520300595166', '3520300595166.pdf', '2568'),
('3520400005841', '3520400005841.pdf', '2568'),
('3520400007118', '3520400007118.pdf', '2568'),
('3520400067803', '3520400067803.pdf', '2568'),
('3520400071002', '3520400071002.pdf', '2568'),
('3520400072386', '3520400072386.pdf', '2568'),
('3520400172399', '3520400172399.pdf', '2568'),
('3520400189321', '3520400189321.pdf', '2568'),
('3520400196450', '3520400196450.pdf', '2568'),
('3520400208121', '3520400208121.pdf', '2568'),
('3520400226634', '3520400226634.pdf', '2568'),
('3520400245655', '3520400245655.pdf', '2568'),
('3520400257904', '3520400257904.pdf', '2568'),
('3520400259958', '3520400259958.pdf', '2568'),
('3520400289806', '3520400289806.pdf', '2568'),
('3520400294354', '3520400294354.pdf', '2568'),
('3520500005281', '3520500005281.pdf', '2568'),
('3520500005290', '3520500005290.pdf', '2568'),
('3520500015279', '3520500015279.pdf', '2568'),
('3520500021562', '3520500021562.pdf', '2568'),
('3520500037248', '3520500037248.pdf', '2568'),
('3520500039038', '3520500039038.pdf', '2568'),
('3520500042691', '3520500042691.pdf', '2568'),
('3520500042772', '3520500042772.pdf', '2568'),
('3520500045658', '3520500045658.pdf', '2568'),
('3520500047022', '3520500047022.pdf', '2568'),
('3520500049807', '3520500049807.pdf', '2568'),
('3520500054118', '3520500054118.pdf', '2568'),
('3520500056676', '3520500056676.pdf', '2568'),
('3520500080909', '3520500080909.pdf', '2568'),
('3520500083215', '3520500083215.pdf', '2568'),
('3520500091161', '3520500091161.pdf', '2568'),
('3520500093491', '3520500093491.pdf', '2568'),
('3520500105090', '3520500105090.pdf', '2568'),
('3520500124736', '3520500124736.pdf', '2568'),
('3520500144524', '3520500144524.pdf', '2568'),
('3520500147205', '3520500147205.pdf', '2568'),
('3520500149666', '3520500149666.pdf', '2568'),
('3520500157171', '3520500157171.pdf', '2568'),
('3520500158321', '3520500158321.pdf', '2568'),
('3520500158908', '3520500158908.pdf', '2568'),
('3520500216703', '3520500216703.pdf', '2568'),
('3520500231664', '3520500231664.pdf', '2568'),
('3520500348995', '3520500348995.pdf', '2568'),
('3520500363706', '3520500363706.pdf', '2568'),
('3520500372276', '3520500372276.pdf', '2568'),
('3520500373094', '3520500373094.pdf', '2568'),
('3520500387737', '3520500387737.pdf', '2568'),
('3520500447292', '3520500447292.pdf', '2568'),
('3520500461431', '3520500461431.pdf', '2568'),
('3520500475601', '3520500475601.pdf', '2568'),
('3520500483850', NULL, '2568'),
('3520500500657', '3520500500657.pdf', '2568'),
('3520500527024', '3520500527024.pdf', '2568'),
('3520600010589', '3520600010589.pdf', '2568'),
('3520600015611', '3520600015611.pdf', '2568'),
('3520600016544', '3520600016544.pdf', '2568'),
('3520600019616', '3520600019616.pdf', '2568'),
('3520600021408', '3520600021408.pdf', '2568'),
('3520600028691', '3520600028691.pdf', '2568'),
('3520600042073', '3520600042073.pdf', '2568'),
('3520600045994', '3520600045994.pdf', '2568'),
('3520600046001', '3520600046001.pdf', '2568'),
('3520600084183', '3520600084183.pdf', '2568'),
('3520600093271', '3520600093271.pdf', '2568'),
('3520600095584', '3520600095584.pdf', '2568'),
('3520600100839', '3520600100839.pdf', '2568'),
('3520600114554', '3520600114554.pdf', '2568'),
('3520600139905', NULL, '2568'),
('3520600181758', '3520600181758.pdf', '2568'),
('3520600181804', '3520600181804.pdf', '2568'),
('3520600185338', '3520600185338.pdf', '2568'),
('3520600194752', '3520600194752.pdf', '2568'),
('3520600202801', '3520600202801.pdf', '2568'),
('3520600205827', '3520600205827.pdf', '2568'),
('3520600231101', '3520600231101.pdf', '2568'),
('3520600260437', '3520600260437.pdf', '2568'),
('3520600280161', '3520600280161.pdf', '2568'),
('3520600289991', '3520600289991.pdf', '2568'),
('3520600304167', '3520600304167.pdf', '2568'),
('3520600306771', '3520600306771.pdf', '2568'),
('3520600309541', '3520600309541.pdf', '2568'),
('3520600315304', '3520600315304.pdf', '2568'),
('3520700013849', '3520700013849.pdf', '2568'),
('3520700020365', '3520700020365.pdf', '2568'),
('3520700062327', '3520700062327.pdf', '2568'),
('3520700069798', '3520700069798.pdf', '2568'),
('3520700130675', '3520700130675.pdf', '2568'),
('3520700161805', '3520700161805.pdf', '2568'),
('3520700192867', '3520700192867.pdf', '2568'),
('3520700201718', '3520700201718.pdf', '2568'),
('3520700211675', '3520700211675.pdf', '2568'),
('3520700217258', '3520700217258.pdf', '2568'),
('3520700238450', '3520700238450.pdf', '2568'),
('3520700240870', '3520700240870.pdf', '2568'),
('3520700241141', '3520700241141.pdf', '2568'),
('3520700253181', '3520700253181.pdf', '2568'),
('3520700257977', '3520700257977.pdf', '2568'),
('3520700259341', '3520700259341.pdf', '2568'),
('3520700261753', '3520700261753.pdf', '2568'),
('3520700296557', '3520700296557.pdf', '2568'),
('3520700299840', '3520700299840.pdf', '2568'),
('3520700382011', '3520700382011.pdf', '2568'),
('3520700408517', '3520700408517.pdf', '2568'),
('3520700410341', '3520700410341.pdf', '2568'),
('3520800042735', '3520800042735.pdf', '2568'),
('3520800059069', '3520800059069.pdf', '2568'),
('3520800100085', '3520800100085.pdf', '2568'),
('3520800123913', '3520800123913.pdf', '2568'),
('3520800137086', '3520800137086.pdf', '2568'),
('3520800137922', '3520800137922.pdf', '2568'),
('3520800154037', '3520800154037.pdf', '2568'),
('3520800166434', '3520800166434.pdf', '2568'),
('3520800179528', '3520800179528.pdf', '2568'),
('3520800185595', '3520800185595.pdf', '2568'),
('3520800214544', '3520800214544.pdf', '2568'),
('3520800236475', '3520800236475.pdf', '2568'),
('3520800251385', '3520800251385.pdf', '2568'),
('3520800254015', '3520800254015.pdf', '2568'),
('3520800303245', '3520800303245.pdf', '2568'),
('3520800306309', '3520800306309.pdf', '2568'),
('3520800316860', '3520800316860.pdf', '2568'),
('3520800327748', '3520800327748.pdf', '2568'),
('3520800328370', '3520800328370.pdf', '2568'),
('3520800328680', '3520800328680.pdf', '2568'),
('3520800377486', '3520800377486.pdf', '2568'),
('3520800482514', '3520800482514.pdf', '2568'),
('3520800582845', '3520800582845.pdf', '2568'),
('3520900021098', '3520900021098.pdf', '2568'),
('3520900034840', '3520900034840.pdf', '2568'),
('3520900039906', '3520900039906.pdf', '2568'),
('3520900074183', '3520900074183.pdf', '2568'),
('3521000016463', '3521000016463.pdf', '2568'),
('3521000016510', '3521000016510.pdf', '2568'),
('3521000034321', '3521000034321.pdf', '2568'),
('3521000066398', '3521000066398.pdf', '2568'),
('3521000071073', '3521000071073.pdf', '2568'),
('3521000077641', '3521000077641.pdf', '2568'),
('3521000095673', '3521000095673.pdf', '2568'),
('3521000111628', '3521000111628.pdf', '2568'),
('3521000123120', '3521000123120.pdf', '2568'),
('3521000124215', '3521000124215.pdf', '2568'),
('3521000155447', '3521000155447.pdf', '2568'),
('3521000160611', '3521000160611.pdf', '2568'),
('3521000172431', '3521000172431.pdf', '2568'),
('3521000193551', '3521000193551.pdf', '2568'),
('3521000199711', '3521000199711.pdf', '2568'),
('3521000226956', '3521000226956.pdf', '2568'),
('3521000266168', '3521000266168.pdf', '2568'),
('3521000277577', '3521000277577.pdf', '2568'),
('3521000282473', '3521000282473.pdf', '2568'),
('3521000285243', '3521000285243.pdf', '2568'),
('3521000336514', '3521000336514.pdf', '2568'),
('3521000362736', '3521000362736.pdf', '2568'),
('3521000407004', '3521000407004.pdf', '2568'),
('3521000464016', '3521000464016.pdf', '2568'),
('3521000468267', '3521000468267.pdf', '2568'),
('3521000469026', '3521000469026.pdf', '2568'),
('3521000474691', '3521000474691.pdf', '2568'),
('3521000511898', NULL, '2568'),
('3521000513815', '3521000513815.pdf', '2568'),
('3521000549933', '3521000549933.pdf', '2568'),
('3521000552675', '3521000552675.pdf', '2568'),
('3521000557944', '3521000557944.pdf', '2568'),
('3521000647684', '3521000647684.pdf', '2568'),
('3521100037004', '3521100037004.pdf', '2568'),
('3521100046542', '3521100046542.pdf', '2568'),
('3521100053379', '3521100053379.pdf', '2568'),
('3521100071091', '3521100071091.pdf', '2568'),
('3521100074821', '3521100074821.pdf', '2568'),
('3521100096027', '3521100096027.pdf', '2568'),
('3521100177701', '3521100177701.pdf', '2568'),
('3521100203966', NULL, '2568'),
('3521200003543', '3521200003543.pdf', '2568'),
('3521200011741', '3521200011741.pdf', '2568'),
('3521200027370', '3521200027370.pdf', '2568'),
('3521200029569', NULL, '2568'),
('3521200035691', '3521200035691.pdf', '2568'),
('3521200054113', '3521200054113.pdf', '2568'),
('3521200072481', '3521200072481.pdf', '2568'),
('3521200098803', '3521200098803.pdf', '2568'),
('3521200114248', '3521200114248.pdf', '2568'),
('3521200116534', '3521200116534.pdf', '2568'),
('3521200120868', NULL, '2568'),
('3521200126947', '3521200126947.pdf', '2568'),
('3521200133731', '3521200133731.pdf', '2568'),
('3521200134419', '3521200134419.pdf', '2568'),
('3521200158890', '3521200158890.pdf', '2568'),
('3521200167899', NULL, '2568'),
('3521200168470', '3521200168470.pdf', '2568'),
('3521200241908', '3521200241908.pdf', '2568'),
('3521200255640', '3521200255640.pdf', '2568'),
('3521200257006', '3521200257006.pdf', '2568'),
('3521200265271', '3521200265271.pdf', '2568'),
('3521200269195', '3521200269195.pdf', '2568'),
('3521200274601', '3521200274601.pdf', '2568'),
('3521200285069', '3521200285069.pdf', '2568'),
('3521200295676', '3521200295676.pdf', '2568'),
('3521200324790', '3521200324790.pdf', '2568'),
('3521200324986', '3521200324986.pdf', '2568'),
('3521200335198', '3521200335198.pdf', '2568'),
('3521200353722', '3521200353722.pdf', '2568'),
('3521200371631', '3521200371631.pdf', '2568'),
('3521200396103', NULL, '2568'),
('3521200396227', '3521200396227.pdf', '2568'),
('3521200400682', NULL, '2568'),
('3521200412311', '3521200412311.pdf', '2568'),
('3521200422171', '3521200422171.pdf', '2568'),
('3521200422333', '3521200422333.pdf', '2568'),
('3521200434447', NULL, '2568'),
('3521200459113', '3521200459113.pdf', '2568'),
('3521200463811', '3521200463811.pdf', '2568'),
('3521300006943', '3521300006943.pdf', '2568'),
('3521300031964', '3521300031964.pdf', '2568'),
('3521300038641', '3521300038641.pdf', '2568'),
('3521300039108', '3521300039108.pdf', '2568'),
('3521300069996', '3521300069996.pdf', '2568'),
('3521300081261', '3521300081261.pdf', '2568'),
('3521300100192', '3521300100192.pdf', '2568'),
('3521300103256', '3521300103256.pdf', '2568'),
('3521300107995', '3521300107995.pdf', '2568'),
('3521300154951', '3521300154951.pdf', '2568'),
('3521300176954', '3521300176954.pdf', '2568'),
('3521300183683', '3521300183683.pdf', '2568'),
('3521300217600', '3521300217600.pdf', '2568'),
('3521300220805', '3521300220805.pdf', '2568'),
('3521300252197', '3521300252197.pdf', '2568'),
('3521300288442', '3521300288442.pdf', '2568'),
('3529900026489', NULL, '2568'),
('3529900033515', '3529900033515.pdf', '2568'),
('3529900053966', '3529900053966.pdf', '2568'),
('3529900060903', '3529900060903.pdf', '2568'),
('3529900063571', '3529900063571.pdf', '2568'),
('3529900063805', '3529900063805.pdf', '2568'),
('3529900086953', '3529900086953.pdf', '2568'),
('3529900088484', '3529900088484.pdf', '2568'),
('3529900100921', '3529900100921.pdf', '2568'),
('3529900106016', '3529900106016.pdf', '2568'),
('3529900127439', '3529900127439.pdf', '2568'),
('3529900153375', '3529900153375.pdf', '2568'),
('3529900154401', '3529900154401.pdf', '2568'),
('3529900157656', '3529900157656.pdf', '2568'),
('3529900157796', '3529900157796.pdf', '2568'),
('3529900157966', '3529900157966.pdf', '2568'),
('3529900168208', '3529900168208.pdf', '2568'),
('3529900174411', '3529900174411.pdf', '2568'),
('3529900176669', '3529900176669.pdf', '2568'),
('3529900190114', '3529900190114.pdf', '2568'),
('3529900193946', '3529900193946.pdf', '2568'),
('3529900209257', '3529900209257.pdf', '2568'),
('3529900216946', '3529900216946.pdf', '2568'),
('3529900218078', '3529900218078.pdf', '2568'),
('3529900225040', '3529900225040.pdf', '2568'),
('3529900230884', '3529900230884.pdf', '2568'),
('3529900234618', '3529900234618.pdf', '2568'),
('3529900238532', '3529900238532.pdf', '2568'),
('3529900239181', '3529900239181.pdf', '2568'),
('3529900250656', '3529900250656.pdf', '2568'),
('3529900265866', '3529900265866.pdf', '2568'),
('3529900288611', '3529900288611.pdf', '2568'),
('3529900293479', '3529900293479.pdf', '2568'),
('3529900334213', '3529900334213.pdf', '2568'),
('3529900339673', '3529900339673.pdf', '2568'),
('3529900341643', '3529900341643.pdf', '2568'),
('3529900345193', '3529900345193.pdf', '2568'),
('3529900345738', '3529900345738.pdf', '2568'),
('3529900346475', '3529900346475.pdf', '2568'),
('3529900363132', '3529900363132.pdf', '2568'),
('3529900368649', '3529900368649.pdf', '2568'),
('3529900380967', '3529900380967.pdf', '2568'),
('3529900390831', '3529900390831.pdf', '2568'),
('3529900392884', '3529900392884.pdf', '2568'),
('3529900399391', '3529900399391.pdf', '2568'),
('3529900399765', '3529900399765.pdf', '2568'),
('3529900400615', '3529900400615.pdf', '2568'),
('3529900401085', '3529900401085.pdf', '2568'),
('3529900403894', '3529900403894.pdf', '2568'),
('3529900440994', '3529900440994.pdf', '2568'),
('3530100894119', '3530100894119.pdf', '2568'),
('3530101051280', '3530101051280.pdf', '2568'),
('3530300059612', '3530300059612.pdf', '2568'),
('3530400214962', '3530400214962.pdf', '2568'),
('3530600061639', '3530600061639.pdf', '2568'),
('3530700029931', '3530700029931.pdf', '2568'),
('3530700064656', '3530700064656.pdf', '2568'),
('3530700225447', '3530700225447.pdf', '2568'),
('3530700231595', '3530700231595.pdf', '2568'),
('3539900015797', '3539900015797.pdf', '2568'),
('3539900287789', '3539900287789.pdf', '2568'),
('3540100045324', '3540100045324.pdf', '2568'),
('3540100637281', '3540100637281.pdf', '2568'),
('3540100959334', '3540100959334.pdf', '2568'),
('3540300271051', '3540300271051.pdf', '2568'),
('3540300398158', '3540300398158.pdf', '2568'),
('3540300436980', '3540300436980.pdf', '2568'),
('3540400356091', '3540400356091.pdf', '2568'),
('3540400542935', '3540400542935.pdf', '2568'),
('3540500280053', '3540500280053.pdf', '2568'),
('3540700128344', '3540700128344.pdf', '2568'),
('3540700220615', '3540700220615.pdf', '2568'),
('3540700286144', '3540700286144.pdf', '2568'),
('3550100602479', '3550100602479.pdf', '2568'),
('3550300037732', '3550300037732.pdf', '2568'),
('3550400289504', '3550400289504.pdf', '2568'),
('3550600014541', '3550600014541.pdf', '2568'),
('3550600347281', '3550600347281.pdf', '2568'),
('3550700050728', '3550700050728.pdf', '2568'),
('3550700099182', '3550700099182.pdf', '2568'),
('3550700224351', '3550700224351.pdf', '2568'),
('3550700404082', '3550700404082.pdf', '2568'),
('3550900065591', '3550900065591.pdf', '2568'),
('3559900086244', '3559900086244.pdf', '2568'),
('3559900125037', '3559900125037.pdf', '2568'),
('3560100742017', '3560100742017.pdf', '2568'),
('3560200218298', '3560200218298.pdf', '2568'),
('3560300072694', '3560300072694.pdf', '2568'),
('3560300141777', '3560300141777.pdf', '2568'),
('3560300242727', '3560300242727.pdf', '2568'),
('3560300948956', '3560300948956.pdf', '2568'),
('3560400159112', '3560400159112.pdf', '2568'),
('3560500437271', '3560500437271.pdf', '2568'),
('3560500468613', '3560500468613.pdf', '2568'),
('3560500499683', '3560500499683.pdf', '2568'),
('3560700262954', '3560700262954.pdf', '2568'),
('3569900080041', '3569900080041.pdf', '2568'),
('3569900138520', '3569900138520.pdf', '2568'),
('3570100066402', '3570100066402.pdf', '2568'),
('3570100511287', '3570100511287.pdf', '2568'),
('3570101371799', '3570101371799.pdf', '2568'),
('3570200228277', '3570200228277.pdf', '2568'),
('3570300081464', '3570300081464.pdf', '2568'),
('3570300602731', '3570300602731.pdf', '2568'),
('3570400766078', '3570400766078.pdf', '2568'),
('3570401003850', '3570401003850.pdf', '2568'),
('3570500431337', '3570500431337.pdf', '2568'),
('3570500588651', '3570500588651.pdf', '2568'),
('3570500940711', '3570500940711.pdf', '2568'),
('3570501202137', '3570501202137.pdf', '2568'),
('3570600116611', '3570600116611.pdf', '2568'),
('3570700567771', '3570700567771.pdf', '2568'),
('3570800151429', '3570800151429.pdf', '2568'),
('3570800247752', '3570800247752.pdf', '2568'),
('3570900059567', '3570900059567.pdf', '2568'),
('3570900110473', '3570900110473.pdf', '2568'),
('3571100166645', '3571100166645.pdf', '2568'),
('3571100365842', NULL, '2568'),
('3571100377387', '3571100377387.pdf', '2568'),
('3571100400141', '3571100400141.pdf', '2568'),
('3571100442758', '3571100442758.pdf', '2568'),
('3579900043821', '3579900043821.pdf', '2568'),
('3579900276931', '3579900276931.pdf', '2568'),
('3580200010581', '3580200010581.pdf', '2568'),
('3580200105752', '3580200105752.pdf', '2568'),
('3580500007551', '3580500007551.pdf', '2568'),
('3580500058202', '3580500058202.pdf', '2568'),
('3580500181578', '3580500181578.pdf', '2568'),
('3589900021380', '3589900021380.pdf', '2568'),
('3589900042255', '3589900042255.pdf', '2568'),
('3600100908712', '3600100908712.pdf', '2568'),
('3600800106759', '3600800106759.pdf', '2568'),
('3601000080616', '3601000080616.pdf', '2568'),
('3609900325981', '3609900325981.pdf', '2568'),
('3610400047194', '3610400047194.pdf', '2568'),
('3610400208473', '3610400208473.pdf', '2568'),
('3619900147242', '3619900147242.pdf', '2568'),
('3620101841093', '3620101841093.pdf', '2568'),
('3620200286012', '3620200286012.pdf', '2568'),
('3620400040971', '3620400040971.pdf', '2568'),
('3620501281907', '3620501281907.pdf', '2568'),
('3630100005640', NULL, '2568'),
('3630300239725', '3630300239725.pdf', '2568'),
('3630400094281', '3630400094281.pdf', '2568'),
('3630700015786', '3630700015786.pdf', '2568'),
('3630800062590', '3630800062590.pdf', '2568'),
('3640200006397', '3640200006397.pdf', '2568'),
('3640600009229', '3640600009229.pdf', '2568'),
('3650100073505', '3650100073505.pdf', '2568'),
('3650100424294', '3650100424294.pdf', '2568'),
('3650200608940', '3650200608940.pdf', '2568'),
('3650800109944', '3650800109944.pdf', '2568'),
('3650900420765', '3650900420765.pdf', '2568'),
('3659900209094', '3659900209094.pdf', '2568'),
('3659900688618', '3659900688618.pdf', '2568'),
('3659900688626', '3659900688626.pdf', '2568'),
('3670300544072', '3670300544072.pdf', '2568'),
('3670600117536', '3670600117536.pdf', '2568'),
('3700300301896', '3700300301896.pdf', '2568'),
('3700400073615', '3700400073615.pdf', '2568'),
('3710500914531', '3710500914531.pdf', '2568'),
('3720500135582', '3720500135582.pdf', '2568'),
('3740100333115', '3740100333115.pdf', '2568'),
('3740200483305', '3740200483305.pdf', '2568'),
('3749800072851', '3749800072851.pdf', '2568'),
('3750200047971', '3750200047971.pdf', '2568'),
('3769900268138', '3769900268138.pdf', '2568'),
('3779800091295', '3779800091295.pdf', '2568'),
('3800300208747', '3800300208747.pdf', '2568'),
('3800400821530', '3800400821530.pdf', '2568'),
('3809900488919', '3809900488919.pdf', '2568'),
('3840600212669', '3840600212669.pdf', '2568'),
('3900200192635', '3900200192635.pdf', '2568'),
('3929900388166', '3929900388166.pdf', '2568'),
('3930100040922', '3930100040922.pdf', '2568'),
('3930600042584', '3930600042584.pdf', '2568'),
('4510400001541', '4510400001541.pdf', '2568'),
('4519900001921', '4519900001921.pdf', '2568'),
('5101699014094', '5101699014094.pdf', '2568'),
('5302000038601', '5302000038601.pdf', '2568'),
('5501290011920', '5501290011920.pdf', '2568'),
('5509900091520', '5509900091520.pdf', '2568'),
('5510190005609', '5510190005609.pdf', '2568'),
('5510190005633', '5510190005633.pdf', '2568'),
('5510600025485', '5510600025485.pdf', '2568'),
('5510600026961', '5510600026961.pdf', '2568'),
('5510690009603', '5510690009603.pdf', '2568'),
('5520100019125', '5520100019125.pdf', '2568'),
('5520100068053', '5520100068053.pdf', '2568'),
('5520190007733', '5520190007733.pdf', '2568'),
('5520190027017', '5520190027017.pdf', '2568'),
('5520190050035', '5520190050035.pdf', '2568'),
('5520300001157', '5520300001157.pdf', '2568'),
('5520700016810', '5520700016810.pdf', '2568'),
('5520700024278', '5520700024278.pdf', '2568'),
('5520990001586', '5520990001586.pdf', '2568'),
('5521090000096', '5521090000096.pdf', '2568'),
('5529990003129', '5529990003129.pdf', '2568'),
('5550500259077', '5550500259077.pdf', '2568'),
('5550500615949', '5550500615949.pdf', '2568'),
('5560190005129', '5560190005129.pdf', '2568'),
('5671100002818', '5671100002818.pdf', '2568');

-- --------------------------------------------------------

--
-- Table structure for table `prefix`
--

CREATE TABLE `prefix` (
  `prefix_id` int(11) NOT NULL,
  `prefix` varchar(100) NOT NULL
) ENGINE=InnoDB DEFAULT CHARSET=utf8 COLLATE=utf8_general_ci;

--
-- Dumping data for table `prefix`
--

INSERT INTO `prefix` (`prefix_id`, `prefix`) VALUES
(5, 'ด็อกเตอร์'),
(2, 'นาง'),
(3, 'นางสาว'),
(1, 'นาย'),
(8, 'ผู้ช่วยศาสตราจารย์'),
(7, 'รองศาสตราจารย์'),
(11, 'ร้อยตรี'),
(12, 'ร้อยตรีหญิง'),
(4, 'ว่าที่ร้อยตรี'),
(6, 'ศาสตราจารย์'),
(10, 'สิบเอก'),
(13, 'สิบเอกหญิง'),
(9, 'เรืออากาศโท');

-- --------------------------------------------------------

--
-- Table structure for table `role`
--

CREATE TABLE `role` (
  `role_id` int(11) NOT NULL,
  `role_name` varchar(100) NOT NULL
) ENGINE=InnoDB DEFAULT CHARSET=utf8mb4 COLLATE=utf8mb4_general_ci;

--
-- Dumping data for table `role`
--

INSERT INTO `role` (`role_id`, `role_name`) VALUES
(1, 'ข้าราชการ'),
(2, 'ลูกจ้างประจำ'),
(3, 'admin'),
(4, 'user');

-- --------------------------------------------------------

--
-- Table structure for table `tax_records`
--

CREATE TABLE `tax_records` (
  `pid` varchar(13) NOT NULL COMMENT 'เลขบัตรประชาชน',
  `prefix` int(11) DEFAULT NULL COMMENT 'คำนำหน้าชื่อ',
  `fname` varchar(100) DEFAULT NULL COMMENT 'ชื่อ',
  `lname` varchar(100) DEFAULT NULL COMMENT 'นามสกุล',
  `amount_paid` decimal(15,2) DEFAULT 0.00 COMMENT 'รายได้',
  `tax_withheld` decimal(15,2) DEFAULT 0.00 COMMENT 'ภาษี'
) ENGINE=InnoDB DEFAULT CHARSET=utf8mb4 COLLATE=utf8mb4_unicode_ci;

--
-- Dumping data for table `tax_records`
--

INSERT INTO `tax_records` (`pid`, `prefix`, `fname`, `lname`, `amount_paid`, `tax_withheld`) VALUES
('1101500222329', 3, 'ชนา', 'แซมสวัสดิ์', 108000.00, 1080.00),
('1500200141272', 3, 'รัตนา', 'กันทะใจ', 108000.00, 1080.00),
('1501900071561', 3, 'พิชชานันท์', 'ภาวัตสิทธิโรจน', 180000.00, 1800.00),
('1509900108276', 3, 'ธารินทร', 'จันทราทิตย์', 180000.00, 1800.00),
('1509900229456', 3, 'วิภา', 'มะโนวรรณา', 180000.00, 1800.00),
('1509900304482', 3, 'วรวลัญช', 'อุดถา', 180000.00, 1800.00),
('1509900467161', 3, 'ชลพร', 'โอฐเจริญชัย', 108000.00, 1080.00),
('1509900581877', 2, 'วิจิตรา', 'ไชยคำร้อง', 180000.00, 1800.00),
('1509900616522', 4, 'ดรุณี', 'บูรณะคีรี', 10000.00, 100.00),
('1509900635217', 2, 'วรารัตน', 'ปคำ', 10000.00, 100.00),
('1509901325050', 1, 'จิตรภาณุ', 'กระนูน', 107709.67, 1077.10),
('1509966014458', 1, 'สราวุฒิ', 'พงษ์บัณฑิตนุกุล', 108000.00, 1080.00),
('1510100263457', 3, 'ชนัญชิดา', 'จันทะปวน', 128709.66, 1287.10),
('1510200004259', 11, 'วีระเดช', 'ขัดคำแดง', 180000.00, 1800.00),
('1510500001875', 1, 'สมัย', 'เสาร์เย็น', 108000.00, 1080.00),
('1510500056939', 3, 'คนึงนิตย', 'แบ่งชัย', 108000.00, 1080.00),
('1520100118724', 3, 'เจนจิรา', 'อินต๊ะสงค์', 274354.80, 2743.55),
('1520200033615', 3, 'นฤมล', 'ขัติยะ', 107709.68, 1077.10),
('1520500053956', 12, 'อรทัย', 'อักษร', 180000.00, 1800.00),
('1520600066243', 3, 'สุพรรณี', 'วงค์สิงห์', 180000.00, 1800.00),
('1520601128277', 1, 'คุณานนท์', 'ยาง', 108000.00, 1080.00),
('1520700087111', 3, 'ศิริพร', 'โชคดี', 75000.00, 750.00),
('1520800008042', 2, 'เกษณี', 'จะถา', 108000.00, 1080.00),
('1520800061440', 3, 'นาฏอนงค์', 'พรมเสน', 178464.17, 1784.64),
('1521000060989', 3, 'กัญญาพัชร', 'วงศมอก', 105600.00, 1056.00),
('1521000070267', 3, 'เสาวลักษณ์', 'สุวรรณอุด', 108000.00, 1080.00),
('1521300045365', 3, 'พรทิพย', 'ขยันทำ', 64741.92, 647.42),
('1529900127017', 3, 'พสุ', 'มหาวัน', 180000.00, 1800.00),
('1529900209013', 2, 'สิรินทร์พร', 'ขัดฝัน', 180000.00, 1800.00),
('1529900215048', 3, 'ณฐิพัทธ', 'อุปทอง', 180000.00, 1800.00),
('1529900237564', 3, 'ณรีพร', 'สุทธดุก', 174976.79, 1749.76),
('1529900357217', 3, 'กุญชรี', 'ผานสุวรรณ', 180000.00, 1800.00),
('1529900371708', 3, 'อำพิกา', 'เชื้อคำลือ', 108000.00, 1080.00),
('1529900438128', 3, 'ทิวาวรรณ', 'อินตะพรม', 108000.00, 1080.00),
('1529900618851', 1, 'ศุภรดา', 'ลาดปาละ', 4354.80, 43.55),
('1529900621178', 3, 'อารีรัตน', 'คุณภู', 45000.00, 450.00),
('1529900629390', 3, 'กุลธิดา', 'จีระเดช', 180000.00, 1800.00),
('1529900700795', 3, 'นิภาพร', 'แกนใจ', 108000.00, 1080.00),
('1529900717841', 3, 'วรินดา', 'ทาสุรินทร์', 26451.60, 264.52),
('1529900725526', 3, 'มุขระวี', 'ฆบูชา', 107400.00, 1074.00),
('1529900763525', 3, 'กรรณิการ์', 'หลวงสืบ', 108000.00, 1080.00),
('1529900969727', 3, 'ภัทริการ', 'ของเงิน', 108000.00, 1080.00),
('1529900973490', 3, 'เภาวรินทร์', 'วรรณมณี', 108000.00, 1080.00),
('1529902042191', 3, 'สาวิตรี', 'ตื่นเชียงคำ', 108000.00, 1080.00),
('1529902053291', 3, 'ธิษตยา', 'ขัตมงคล', 45000.00, 450.00),
('1529902096585', 3, 'จิดาภา', 'สุรินสม', 6666.70, 66.67),
('1549900602823', 3, 'จิราญา', 'เครือสนธิ์', 180000.00, 1800.00),
('1559900283612', 3, 'บวรภัค', 'เขียวคำอ้าย', 58064.52, 580.65),
('1560100307659', 3, 'พรทิพย', 'มะเทวิน', 99000.00, 990.00),
('1560101508623', 1, 'ธนวัตร', 'สายทอง', 120000.00, 1200.00),
('1570500034528', 1, 'สันติสุข', 'ชุวี', 108000.00, 1080.00),
('1579900546702', 3, 'นภัสรัญช', 'กันคำ', 86000.00, 860.00),
('1639900254158', 3, 'วิชญาพร', 'ตรองจิต', 108000.00, 1080.00),
('1640200072997', 1, 'อนันต์', 'เชิงคีรี', 97800.00, 978.00),
('1640600214586', 1, 'พิชัย', 'หมื่นหาญ', 60000.00, 600.00),
('3260300198887', 1, 'สมชาย', 'บรรพศิลป์', 50400.00, 504.00),
('3350300465710', 1, 'วิชาน', 'คำไขแก้ว', 116400.00, 1164.00),
('3400300062363', 1, 'สุริยา', 'จุยพุทธา', 80419.28, 804.19),
('3500400167131', 3, 'ดรุณี', 'บุญมาก', 25000.00, 250.00),
('3500900687169', 3, 'มลิวัลย', 'มาหล้า', 108000.00, 1080.00),
('3510100693601', 2, 'อมลวรรณ', 'อิมใจ', 180000.00, 1800.00),
('3510100950329', 1, 'กิตติภพ', 'บุญทา', 108000.00, 1080.00),
('3510200047868', 2, 'พนมไพร', 'กันฑา', 108000.00, 1080.00),
('3510200107895', 3, 'ชนกกร', 'ตาเจริญเมือง', 180000.00, 1800.00),
('3510200113852', 1, 'นิกร', 'ริกาศ', 72000.00, 720.00),
('3510200194801', 1, 'คงเดช', 'ขัดผาน', 108000.00, 1080.00),
('3510200305123', 1, 'สราวุธ', 'บันกาศ', 108000.00, 1080.00),
('3510300247745', 3, 'เกศราวรรณ', 'กันทายวง', 108000.00, 1080.00),
('3510300360797', 3, 'เขมณัฏฐ', 'อุปนันท์', 180000.00, 1800.00),
('3510300365781', 2, 'อุไรวรรณ', 'วรรณไทย', 108000.00, 1080.00),
('3510400046741', 1, 'จรัญ', 'เรือนอินทร์', 72000.00, 720.00),
('3510400147262', 1, 'นิติพงศ์', 'มนเหม', 9000.00, 90.00),
('3510400227177', 1, 'ยอด', 'ศรีจา', 900.00, 9.00),
('3510400339340', 2, 'เฟื่องฟา', 'พานธงรักษ', 180000.00, 1800.00),
('3510400504146', 1, 'โชคชัย', 'วงค์ชัยยา', 18000.00, 180.00),
('3510400521652', 1, 'จิรพงศ', 'โปธาวิน', 108000.00, 1080.00),
('3510600032876', 3, 'ศรภัครัศศ', 'ยะอะนันต์', 108000.00, 1080.00),
('3510600079317', 1, 'สมพล', 'แป้นน้อย', 90000.00, 900.00),
('3510600141276', 1, 'อนันตชัย', 'กุหลาบแก้ว', 9000.00, 90.00),
('3519900039131', 3, 'สายอรุณ', 'โพธิศาสตร์', 179516.13, 1795.16),
('3520100172768', 2, 'คำสุข', 'ด้วงประสิทธิ์', 16451.70, 164.52),
('3520100407986', 1, 'นรินทร', 'เขียวอินตะ', 108000.00, 1080.00),
('3520100410936', 3, 'สุวพิชญ', 'เดชาวัฒน์', 180000.00, 1800.00),
('3520100426662', 1, 'ธนฤด', 'มหาวรรณ์', 20000.00, 200.00),
('3520100572073', 2, 'ลลนา', 'ณ.ลำปาง', 20000.00, 200.00),
('3520100917160', 1, 'แสวง', 'สมกูล', 108000.00, 1080.00),
('3520101160453', 1, 'บูรณ', 'เป็งโต', 108000.00, 1080.00),
('3520101211961', 2, 'จิตติมา', 'หาญจิตร', 180000.00, 1800.00),
('3520101317743', 1, 'อาดูล', 'นาระกิจ', 108000.00, 1080.00),
('3520101382448', 1, 'สุพจน์', 'องอาจ', 108000.00, 1080.00),
('3520101481675', 13, 'ทานตะวัน', 'ตาคำ', 179464.17, 1794.64),
('3520200164961', 1, 'วิทยา', 'เกิดมงคล', 99000.00, 990.00),
('3520200185233', 1, 'อุเทน', 'นั้นสาย', 108000.00, 1080.00),
('3520300232705', 1, 'รังสรรค', 'แสนทิพย์', 107678.61, 1076.79),
('3520300295995', 1, 'สันติ', 'งมา', 57300.00, 573.00),
('3520300403089', 2, 'ทิตยา', 'อินแสง', 180000.00, 1800.00),
('3520400037564', 2, 'สุภาพร', 'บุญทาทอง', 108000.00, 1080.00),
('3520500010072', 2, 'ทัศนพร', 'นามวงศ์', 60000.00, 600.00),
('3520500014451', 2, 'พนา', 'ดุลยธรรม', 180000.00, 1800.00),
('3520500045925', 3, 'ประภาภรณ์', 'พวงเพชร', 180000.00, 1800.00),
('3520500158231', 3, 'หนึ่งฤทัย', 'ใจ', 180000.00, 1800.00),
('3520500162492', 2, 'ศิริพร', 'หลวงหล้า', 180000.00, 1800.00),
('3520500360740', 1, 'เมธี', 'คำปลิว', 108000.00, 1080.00),
('3520500483213', 3, 'พัชรินทร', 'เรือนเงิน', 180000.00, 1800.00),
('3520600026671', 3, 'อัญชลี', 'ตอปัญญา', 108000.00, 1080.00),
('3520600089401', 3, 'ไพลิน', 'สุมา', 108000.00, 1080.00),
('3520600100227', 2, 'นันทกานต', 'สุมา', 116400.00, 1164.00),
('3520600151948', 1, 'บุญผ่าน', 'มานะมาก', 117000.00, 1170.00),
('3520900015870', 1, 'เกรียงไกร', 'สุภาจันทร์', 108000.00, 1080.00),
('3521000087123', 1, 'อรรณพ', 'ตาตอม', 108000.00, 1080.00),
('3521000334767', 1, 'กาน', 'วงศชุมภู', 108000.00, 1080.00),
('3521200044436', 1, 'อุทัย', 'ไชยมูล', 180000.00, 1800.00),
('3521200241851', 2, 'เทียมทอง', 'ทาชุม', 126951.70, 1269.52),
('3521200452160', 1, 'ธนวัฒน', 'ไชยมะโน', 108000.00, 1080.00),
('3521300193794', 1, 'สมคิด', 'สมนึก', 108000.00, 1080.00),
('3521300210290', 3, 'นัครินทร', 'รักเพื่อน', 180000.00, 1800.00),
('3529900163044', 3, 'จุฑามาศ', 'วงค์ชัยบุตร', 108000.00, 1080.00),
('3529900262701', 1, 'ศราวุธ', 'พยัคฆบุตร', 99000.00, 990.00),
('3540700187120', 1, 'นเรศ', 'อุดตุย', 108000.00, 1080.00),
('3560200019392', 1, 'เล็ก', 'วรรณดี', 108000.00, 1080.00),
('3560200265954', 1, 'วิทยา', 'คุณารูป', 177548.36, 1775.48),
('3640700600026', 1, 'ชวลิต', 'รอบุญ', 108000.00, 1080.00),
('4520400001126', 3, 'นราภรณ์', 'นันทสุวรรณ', 108000.00, 1080.00),
('4521300001044', 2, 'นุชจรินทร', 'ปัญญาดินวงศ์', 108000.00, 1080.00),
('5510100022932', 3, 'ฉวีวรรณ', 'ปัญโญใหญ่', 11425.00, 114.25),
('5521290000545', 2, 'สุพรรณ', 'กันธิยะ', 21800.00, 218.00),
('5551200002497', 1, 'จิตร', 'อุปจักร', 36000.00, 360.00);

-- --------------------------------------------------------

--
-- Table structure for table `tax_reports`
--

CREATE TABLE `tax_reports` (
  `id` int(11) NOT NULL,
  `pid` varchar(13) NOT NULL COMMENT 'เลขบัตรประชาชน',
  `year` varchar(4) NOT NULL DEFAULT '2568' COMMENT 'ปี',
  `file_name` varchar(255) DEFAULT NULL COMMENT 'ชื่อไฟล์'
) ENGINE=InnoDB DEFAULT CHARSET=utf8mb4 COLLATE=utf8mb4_unicode_ci;

--
-- Dumping data for table `tax_reports`
--

INSERT INTO `tax_reports` (`id`, `pid`, `year`, `file_name`) VALUES
(1, '1510500056939', '2568', '1510500056939-14-1-68-p1.pdf'),
(2, '1520800061440', '2568', '1520800061440-14-1-68-p2.pdf'),
(3, '1521300045365', '2568', '1521300045365-14-1-68-p3.pdf'),
(4, '3519900039131', '2568', '3519900039131-14-1-68-p4.pdf'),
(5, '3510200194801', '2568', '3510200194801-10-1-68-p1.pdf'),
(6, '3510200305123', '2568', '3510200305123-10-1-68-p2.pdf'),
(7, '3510300247745', '2568', '3510300247745-10-1-68-p3.pdf'),
(8, '3520100917160', '2568', '3520100917160-10-1-68-p4.pdf'),
(9, '1509900229456', '2568', '1509900229456-10-1-68-p5.pdf'),
(10, '1520100118724', '2568', '1520100118724-10-1-68-p6.pdf'),
(11, '1529900215048', '2568', '1529900215048-10-1-68-p7.pdf'),
(12, '1529902042191', '2568', '1529902042191-10-1-68-p8.pdf'),
(13, '1570500034528', '2568', '1570500034528-10-1-68-p9.pdf'),
(14, '3510100950329', '2568', '3510100950329-10-1-68-p10.pdf'),
(15, '1520601128277', '2568', '1520601128277-22-1-68-p1.pdf'),
(16, '5551200002497', '2568', '5551200002497-22-1-68-p2.pdf'),
(17, '3350300465710', '2568', '3350300465710-23-1-68-p1.pdf'),
(18, '1520500053956', '2568', '1520500053956-13-1-68-p1.pdf'),
(19, '1520700087111', '2568', '1520700087111-13-1-68-p2.pdf'),
(20, '1521000060989', '2568', '1521000060989-13-1-68-p3.pdf'),
(21, '1560101508623', '2568', '1560101508623-13-1-68-p4.pdf'),
(22, '3500900687169', '2568', '3500900687169-13-1-68-p5.pdf'),
(23, '3520500162492', '2568', '3520500162492-13-1-68-p6.pdf'),
(24, '3521000334767', '2568', '3521000334767-13-1-68-p7.pdf'),
(25, '3560200265954', '2568', '3560200265954-13-1-68-p8.pdf'),
(26, '3520600100227', '2568', '3520600100227-3-1-68-p1.pdf'),
(27, '3520600151948', '2568', '3520600151948-3-1-68-p2.pdf'),
(28, '1101500222329', '2568', '1101500222329-8-1-68-p1.pdf'),
(29, '1501900071561', '2568', '1501900071561-8-1-68-p2.pdf'),
(30, '1509900467161', '2568', '1509900467161-8-1-68-p3.pdf'),
(31, '1510200004259', '2568', '1510200004259-8-1-68-p4.pdf'),
(32, '1529900237564', '2568', '1529900237564-8-1-68-p5.pdf'),
(33, '1529900357217', '2568', '1529900357217-8-1-68-p6.pdf'),
(34, '1529900438128', '2568', '1529900438128-8-1-68-p7.pdf'),
(35, '1529900618851', '2568', '1529900618851-8-1-68-p8.pdf'),
(36, '1529900700795', '2568', '1529900700795-8-1-68-p9.pdf'),
(37, '1529900969727', '2568', '1529900969727-8-1-68-p10.pdf'),
(38, '1560100307659', '2568', '1560100307659-8-1-68-p11.pdf'),
(39, '1639900254158', '2568', '1639900254158-8-1-68-p12.pdf'),
(40, '1640200072997', '2568', '1640200072997-8-1-68-p13.pdf'),
(41, '3510100693601', '2568', '3510100693601-8-1-68-p14.pdf'),
(42, '3510200047868', '2568', '3510200047868-8-1-68-p15.pdf'),
(43, '3510200107895', '2568', '3510200107895-8-1-68-p16.pdf'),
(44, '3510400339340', '2568', '3510400339340-8-1-68-p17.pdf'),
(45, '3510400521652', '2568', '3510400521652-8-1-68-p18.pdf'),
(46, '3510600032876', '2568', '3510600032876-8-1-68-p19.pdf'),
(47, '3520100410936', '2568', '3520100410936-8-1-68-p20.pdf'),
(48, '3520101160453', '2568', '3520101160453-8-1-68-p21.pdf'),
(49, '3520101211961', '2568', '3520101211961-8-1-68-p22.pdf'),
(50, '3520101382448', '2568', '3520101382448-8-1-68-p23.pdf'),
(51, '3520300232705', '2568', '3520300232705-8-1-68-p24.pdf'),
(52, '3520500010072', '2568', '3520500010072-8-1-68-p25.pdf'),
(53, '3520500014451', '2568', '3520500014451-8-1-68-p26.pdf'),
(54, '3520500045925', '2568', '3520500045925-8-1-68-p27.pdf'),
(55, '3520500158231', '2568', '3520500158231-8-1-68-p28.pdf'),
(56, '3520500483213', '2568', '3520500483213-8-1-68-p29.pdf'),
(57, '3520600026671', '2568', '3520600026671-8-1-68-p30.pdf'),
(58, '3520600089401', '2568', '3520600089401-8-1-68-p31.pdf'),
(59, '3520600100227', '2568', '3520600100227-8-1-68-p32.pdf'),
(60, '3520600151948', '2568', '3520600151948-8-1-68-p33.pdf'),
(61, '3520900015870', '2568', '3520900015870-8-1-68-p34.pdf'),
(62, '3521200452160', '2568', '3521200452160-8-1-68-p35.pdf'),
(63, '3521300210290', '2568', '3521300210290-8-1-68-p36.pdf'),
(64, '1509901325050', '2568', '1509901325050-16-1-68-p1.pdf'),
(65, '1510500001875', '2568', '1510500001875-16-1-68-p2.pdf'),
(66, '3521200044436', '2568', '3521200044436-16-1-68-p3.pdf'),
(67, '3560200019392', '2568', '3560200019392-16-1-68-p4.pdf'),
(68, '1529900371708', '2568', '1529900371708-6-1-68-p1.pdf'),
(69, '1500200141272', '2568', '1500200141272-6-1-68-p2.pdf'),
(70, '1509900108276', '2568', '1509900108276-6-1-68-p3.pdf'),
(71, '1509900304482', '2568', '1509900304482-6-1-68-p4.pdf'),
(72, '1509900581877', '2568', '1509900581877-6-1-68-p5.pdf'),
(73, '1509966014458', '2568', '1509966014458-6-1-68-p6.pdf'),
(74, '1520200033615', '2568', '1520200033615-6-1-68-p7.pdf'),
(75, '1520600066243', '2568', '1520600066243-6-1-68-p8.pdf'),
(76, '1520800008042', '2568', '1520800008042-6-1-68-p9.pdf'),
(77, '1521000070267', '2568', '1521000070267-6-1-68-p10.pdf'),
(78, '1529900127017', '2568', '1529900127017-6-1-68-p11.pdf'),
(79, '1529900209013', '2568', '1529900209013-6-1-68-p12.pdf'),
(80, '1529900621178', '2568', '1529900621178-6-1-68-p13.pdf'),
(81, '1529900629390', '2568', '1529900629390-6-1-68-p14.pdf'),
(82, '1529900763525', '2568', '1529900763525-6-1-68-p15.pdf'),
(83, '1529900973490', '2568', '1529900973490-6-1-68-p16.pdf'),
(84, '1529902053291', '2568', '1529902053291-6-1-68-p17.pdf'),
(85, '1549900602823', '2568', '1549900602823-6-1-68-p18.pdf'),
(86, '3510300365781', '2568', '3510300365781-6-1-68-p19.pdf'),
(87, '3510600079317', '2568', '3510600079317-6-1-68-p20.pdf'),
(88, '3520100407986', '2568', '3520100407986-6-1-68-p21.pdf'),
(89, '3520101317743', '2568', '3520101317743-6-1-68-p22.pdf'),
(90, '3520101481675', '2568', '3520101481675-6-1-68-p23.pdf'),
(91, '3520200185233', '2568', '3520200185233-6-1-68-p24.pdf'),
(92, '3520300403089', '2568', '3520300403089-6-1-68-p25.pdf'),
(93, '3520400037564', '2568', '3520400037564-6-1-68-p26.pdf'),
(94, '1529900725526', '2568', '1529900725526-6-1-68-p27.pdf'),
(95, '3520500360740', '2568', '3520500360740-6-1-68-p28.pdf'),
(96, '3521000087123', '2568', '3521000087123-6-1-68-p29.pdf'),
(97, '3521300193794', '2568', '3521300193794-6-1-68-p30.pdf'),
(98, '3529900163044', '2568', '3529900163044-6-1-68-p31.pdf'),
(99, '3540700187120', '2568', '3540700187120-6-1-68-p32.pdf'),
(100, '3640700600026', '2568', '3640700600026-6-1-68-p33.pdf'),
(101, '4520400001126', '2568', '4520400001126-6-1-68-p34.pdf'),
(102, '4521300001044', '2568', '4521300001044-6-1-68-p35.pdf'),
(103, '1500200141272', '2568', '1500200141272-13-11-68-p1.pdf'),
(104, '1501900071561', '2568', '1501900071561-13-11-68-p2.pdf'),
(105, '1509900304482', '2568', '1509900304482-13-11-68-p3.pdf'),
(106, '1509900467161', '2568', '1509900467161-13-11-68-p4.pdf'),
(107, '1509901325050', '2568', '1509901325050-13-11-68-p5.pdf'),
(108, '1510100263457', '2568', '1510100263457-13-11-68-p6.pdf'),
(109, '1510200004259', '2568', '1510200004259-13-11-68-p7.pdf'),
(110, '1529900357217', '2568', '1529900357217-13-11-68-p8.pdf'),
(111, '3510100693601', '2568', '3510100693601-13-11-68-p9.pdf'),
(112, '3510100950329', '2568', '3510100950329-13-11-68-p10.pdf'),
(113, '3510300365781', '2568', '3510300365781-13-11-68-p11.pdf'),
(114, '3510400521652', '2568', '3510400521652-13-11-68-p12.pdf'),
(115, '3519900039131', '2568', '3519900039131-13-11-68-p13.pdf'),
(116, '3520300232705', '2568', '3520300232705-13-11-68-p14.pdf'),
(117, '3520600026671', '2568', '3520600026671-13-11-68-p15.pdf'),
(118, '3540700187120', '2568', '3540700187120-13-11-68-p16.pdf'),
(119, '1509900581877', '2568', '1509900581877-14-11-68-p1.pdf'),
(120, '1529900215048', '2568', '1529900215048-14-11-68-p2.pdf'),
(121, '1529900700795', '2568', '1529900700795-14-11-68-p3.pdf'),
(122, '1529902042191', '2568', '1529902042191-14-11-68-p4.pdf'),
(123, '3510200113852', '2568', '3510200113852-14-11-68-p5.pdf'),
(124, '3510200305123', '2568', '3510200305123-14-11-68-p6.pdf'),
(125, '3520100917160', '2568', '3520100917160-14-11-68-p7.pdf'),
(126, '4521300001044', '2568', '4521300001044-14-11-68-p8.pdf'),
(127, '1529900725526', '2568', '1529900725526-5-11-68-p1.pdf'),
(128, '1529900371708', '2568', '1529900371708-5-11-68-p2.pdf'),
(129, '3400300062363', '2568', '3400300062363-5-11-68-p3.pdf'),
(130, '3520100407986', '2568', '3520100407986-5-11-68-p4.pdf'),
(131, '3520101317743', '2568', '3520101317743-5-11-68-p5.pdf'),
(132, '3520200164961', '2568', '3520200164961-5-11-68-p6.pdf'),
(133, '3520500360740', '2568', '3520500360740-5-11-68-p7.pdf'),
(134, '3529900163044', '2568', '3529900163044-5-11-68-p8.pdf'),
(135, '3529900262701', '2568', '3529900262701-5-11-68-p9.pdf'),
(136, '4520400001126', '2568', '4520400001126-5-11-68-p10.pdf'),
(137, '3350300465710', '2568', '3350300465710-21-11-68-p1.pdf'),
(138, '1101500222329', '2568', '1101500222329-17-11-68-p1.pdf'),
(139, '1509900108276', '2568', '1509900108276-17-11-68-p2.pdf'),
(140, '1510500001875', '2568', '1510500001875-17-11-68-p3.pdf'),
(141, '1510500056939', '2568', '1510500056939-17-11-68-p4.pdf'),
(142, '1520100118724', '2568', '1520100118724-17-11-68-p5.pdf'),
(143, '1520200033615', '2568', '1520200033615-17-11-68-p6.pdf'),
(144, '1520500053956', '2568', '1520500053956-17-11-68-p7.pdf'),
(145, '1520800061440', '2568', '1520800061440-17-11-68-p8.pdf'),
(146, '1529900969727', '2568', '1529900969727-17-11-68-p9.pdf'),
(147, '1529900973490', '2568', '1529900973490-17-11-68-p10.pdf'),
(148, '1560100307659', '2568', '1560100307659-17-11-68-p11.pdf'),
(149, '1579900546702', '2568', '1579900546702-17-11-68-p12.pdf'),
(150, '1639900254158', '2568', '1639900254158-17-11-68-p13.pdf'),
(151, '1640600214586', '2568', '1640600214586-17-11-68-p14.pdf'),
(152, '3260300198887', '2568', '3260300198887-17-11-68-p15.pdf'),
(153, '3500900687169', '2568', '3500900687169-17-11-68-p16.pdf'),
(154, '3510200047868', '2568', '3510200047868-17-11-68-p17.pdf'),
(155, '3510400339340', '2568', '3510400339340-17-11-68-p18.pdf'),
(156, '3520200185233', '2568', '3520200185233-17-11-68-p19.pdf'),
(157, '3520400037564', '2568', '3520400037564-17-11-68-p20.pdf'),
(158, '3520500158231', '2568', '3520500158231-17-11-68-p21.pdf'),
(159, '3520500162492', '2568', '3520500162492-17-11-68-p22.pdf'),
(160, '3520500483213', '2568', '3520500483213-17-11-68-p23.pdf'),
(161, '3520600089401', '2568', '3520600089401-17-11-68-p24.pdf'),
(162, '3520600151948', '2568', '3520600151948-17-11-68-p25.pdf'),
(163, '3520900015870', '2568', '3520900015870-17-11-68-p26.pdf'),
(164, '3521200044436', '2568', '3521200044436-17-11-68-p27.pdf'),
(165, '3560200019392', '2568', '3560200019392-17-11-68-p28.pdf'),
(166, '1520600066243', '2568', '1520600066243-7-11-68-p1.pdf'),
(167, '1520601128277', '2568', '1520601128277-7-11-68-p2.pdf'),
(168, '1521000060989', '2568', '1521000060989-7-11-68-p3.pdf'),
(169, '1521000070267', '2568', '1521000070267-7-11-68-p4.pdf'),
(170, '1529900127017', '2568', '1529900127017-7-11-68-p5.pdf'),
(171, '1529900438128', '2568', '1529900438128-7-11-68-p6.pdf'),
(172, '1529900629390', '2568', '1529900629390-7-11-68-p7.pdf'),
(173, '1559900283612', '2568', '1559900283612-7-11-68-p8.pdf'),
(174, '1570500034528', '2568', '1570500034528-7-11-68-p9.pdf'),
(175, '3510200107895', '2568', '3510200107895-7-11-68-p10.pdf'),
(176, '3520100410936', '2568', '3520100410936-7-11-68-p11.pdf'),
(177, '3520101211961', '2568', '3520101211961-7-11-68-p12.pdf'),
(178, '3520101382448', '2568', '3520101382448-7-11-68-p13.pdf'),
(179, '3520101481675', '2568', '3520101481675-7-11-68-p14.pdf'),
(180, '3520500014451', '2568', '3520500014451-7-11-68-p15.pdf'),
(181, '3520500045925', '2568', '3520500045925-7-11-68-p16.pdf'),
(182, '3521000087123', '2568', '3521000087123-7-11-68-p17.pdf'),
(183, '3521000334767', '2568', '3521000334767-7-11-68-p18.pdf'),
(184, '3521200452160', '2568', '3521200452160-7-11-68-p19.pdf'),
(185, '3521300210290', '2568', '3521300210290-7-11-68-p20.pdf'),
(186, '3560200265954', '2568', '3560200265954-7-11-68-p21.pdf'),
(187, '1509900229456', '2568', '1509900229456-10-11-68-p1.pdf'),
(188, '1520800008042', '2568', '1520800008042-10-11-68-p2.pdf'),
(189, '1529900209013', '2568', '1529900209013-10-11-68-p3.pdf'),
(190, '1529900237564', '2568', '1529900237564-10-11-68-p4.pdf'),
(191, '1549900602823', '2568', '1549900602823-10-11-68-p5.pdf'),
(192, '3510300247745', '2568', '3510300247745-10-11-68-p6.pdf'),
(193, '3520101160453', '2568', '3520101160453-10-11-68-p7.pdf'),
(194, '3520300403089', '2568', '3520300403089-10-11-68-p8.pdf'),
(195, '3521300193794', '2568', '3521300193794-10-11-68-p9.pdf'),
(196, '3640700600026', '2568', '3640700600026-10-11-68-p10.pdf'),
(197, '1529900763525', '2568', '1529900763525-20-11-68-p1.pdf'),
(198, '1640200072997', '2568', '1640200072997-19-11-68-p1.pdf'),
(199, '3510200194801', '2568', '3510200194801-19-11-68-p2.pdf'),
(200, '3520600100227', '2568', '3520600100227-26-11-68-p1.pdf'),
(201, '1509901325050', '2568', '1509901325050-15-12-68-p1.pdf'),
(202, '1510500001875', '2568', '1510500001875-15-12-68-p2.pdf'),
(203, '1510500056939', '2568', '1510500056939-15-12-68-p3.pdf'),
(204, '1520200033615', '2568', '1520200033615-15-12-68-p4.pdf'),
(205, '1529900763525', '2568', '1529900763525-15-12-68-p5.pdf'),
(206, '3510200194801', '2568', '3510200194801-15-12-68-p6.pdf'),
(207, '3510200305123', '2568', '3510200305123-15-12-68-p7.pdf'),
(208, '3510600032876', '2568', '3510600032876-15-12-68-p8.pdf'),
(209, '3520100917160', '2568', '3520100917160-15-12-68-p9.pdf'),
(210, '3520200185233', '2568', '3520200185233-15-12-68-p10.pdf'),
(211, '4521300001044', '2568', '4521300001044-15-12-68-p11.pdf'),
(212, '1509900229456', '2568', '1509900229456-09-12-68-p1.pdf'),
(213, '3510300247745', '2568', '3510300247745-09-12-68-p2.pdf'),
(214, '3520101160453', '2568', '3520101160453-09-12-68-p3.pdf'),
(215, '3510600032876', '2568', '3510600032876-2-12-68-p1.pdf'),
(216, '3510600141276', '2568', '3510600141276-12-12-68-p1.pdf'),
(217, '1101500222329', '2568', '1101500222329-8-12-68-p1.pdf'),
(218, '1501900071561', '2568', '1501900071561-8-12-68-p2.pdf'),
(219, '1509900108276', '2568', '1509900108276-8-12-68-p3.pdf'),
(220, '1509900467161', '2568', '1509900467161-8-12-68-p4.pdf'),
(221, '1509900581877', '2568', '1509900581877-8-12-68-p5.pdf'),
(222, '1510200004259', '2568', '1510200004259-8-12-68-p6.pdf'),
(223, '1520100118724', '2568', '1520100118724-8-12-68-p7.pdf'),
(224, '1520601128277', '2568', '1520601128277-8-12-68-p8.pdf'),
(225, '1520800061440', '2568', '1520800061440-8-12-68-p9.pdf'),
(226, '1521000060989', '2568', '1521000060989-8-12-68-p10.pdf'),
(227, '1529900209013', '2568', '1529900209013-8-12-68-p11.pdf'),
(228, '1529900237564', '2568', '1529900237564-8-12-68-p12.pdf'),
(229, '1529900438128', '2568', '1529900438128-8-12-68-p13.pdf'),
(230, '3510100950329', '2568', '3510100950329-8-12-68-p14.pdf'),
(231, '3510200107895', '2568', '3510200107895-8-12-68-p15.pdf'),
(232, '3510200113852', '2568', '3510200113852-8-12-68-p16.pdf'),
(233, '3510400521652', '2568', '3510400521652-8-12-68-p17.pdf'),
(234, '3519900039131', '2568', '3519900039131-8-12-68-p18.pdf'),
(235, '3520500162492', '2568', '3520500162492-8-12-68-p19.pdf'),
(236, '3521000334767', '2568', '3521000334767-8-12-68-p20.pdf'),
(237, '3521200452160', '2568', '3521200452160-8-12-68-p21.pdf'),
(238, '3521300193794', '2568', '3521300193794-8-12-68-p22.pdf'),
(239, '3521300210290', '2568', '3521300210290-8-12-68-p23.pdf'),
(240, '3560200019392', '2568', '3560200019392-8-12-68-p24.pdf'),
(241, '3560200265954', '2568', '3560200265954-8-12-68-p25.pdf'),
(242, '1509966014458', '2568', '1509966014458-16-12-68-p1.pdf'),
(243, '3350300465710', '2568', '3350300465710-16-12-68-p2.pdf'),
(244, '3520500360740', '2568', '3520500360740-4-12-68-p1.pdf'),
(245, '3529900163044', '2568', '3529900163044-4-12-68-p2.pdf'),
(246, '3529900262701', '2568', '3529900262701-4-12-68-p3.pdf'),
(247, '4520400001126', '2568', '4520400001126-4-12-68-p4.pdf'),
(248, '1529900725526', '2568', '1529900725526-4-12-68-p5.pdf'),
(249, '1529900371708', '2568', '1529900371708-4-12-68-p6.pdf'),
(250, '3400300062363', '2568', '3400300062363-4-12-68-p7.pdf'),
(251, '3520100407986', '2568', '3520100407986-4-12-68-p8.pdf'),
(252, '3520101317743', '2568', '3520101317743-4-12-68-p9.pdf'),
(253, '1500200141272', '2568', '1500200141272-4-12-68-p10.pdf'),
(254, '1509900304482', '2568', '1509900304482-4-12-68-p11.pdf'),
(255, '1520600066243', '2568', '1520600066243-4-12-68-p12.pdf'),
(256, '1520800008042', '2568', '1520800008042-4-12-68-p13.pdf'),
(257, '1521000070267', '2568', '1521000070267-4-12-68-p14.pdf'),
(258, '1529900127017', '2568', '1529900127017-4-12-68-p15.pdf'),
(259, '1529900357217', '2568', '1529900357217-4-12-68-p16.pdf'),
(260, '1529900629390', '2568', '1529900629390-4-12-68-p17.pdf'),
(261, '1529900700795', '2568', '1529900700795-4-12-68-p18.pdf'),
(262, '1529900969727', '2568', '1529900969727-4-12-68-p19.pdf'),
(263, '1549900602823', '2568', '1549900602823-4-12-68-p20.pdf'),
(264, '1559900283612', '2568', '1559900283612-4-12-68-p21.pdf'),
(265, '1570500034528', '2568', '1570500034528-4-12-68-p22.pdf'),
(266, '1639900254158', '2568', '1639900254158-4-12-68-p23.pdf'),
(267, '3510100693601', '2568', '3510100693601-4-12-68-p24.pdf'),
(268, '3510200047868', '2568', '3510200047868-4-12-68-p25.pdf'),
(269, '3510300365781', '2568', '3510300365781-4-12-68-p26.pdf'),
(270, '3510400339340', '2568', '3510400339340-4-12-68-p27.pdf'),
(271, '3520100410936', '2568', '3520100410936-4-12-68-p28.pdf'),
(272, '3520101211961', '2568', '3520101211961-4-12-68-p29.pdf'),
(273, '3520101382448', '2568', '3520101382448-4-12-68-p30.pdf'),
(274, '3520101481675', '2568', '3520101481675-4-12-68-p31.pdf'),
(275, '3520300232705', '2568', '3520300232705-4-12-68-p32.pdf'),
(276, '3520400037564', '2568', '3520400037564-4-12-68-p33.pdf'),
(277, '3520500014451', '2568', '3520500014451-4-12-68-p34.pdf'),
(278, '3520500045925', '2568', '3520500045925-4-12-68-p35.pdf'),
(279, '3520500483213', '2568', '3520500483213-4-12-68-p36.pdf'),
(280, '3520600026671', '2568', '3520600026671-4-12-68-p37.pdf'),
(281, '3520600089401', '2568', '3520600089401-4-12-68-p38.pdf'),
(282, '3520600100227', '2568', '3520600100227-4-12-68-p39.pdf'),
(283, '3520600151948', '2568', '3520600151948-4-12-68-p40.pdf'),
(284, '3520900015870', '2568', '3520900015870-4-12-68-p41.pdf'),
(285, '3521000087123', '2568', '3521000087123-4-12-68-p42.pdf'),
(286, '3540700187120', '2568', '3540700187120-4-12-68-p43.pdf'),
(287, '3640700600026', '2568', '3640700600026-4-12-68-p44.pdf'),
(288, '3520200164961', '2568', '3520200164961-4-12-68-p45.pdf'),
(289, '3510300360797', '2568', '3510300360797-24-12-68-p1.pdf'),
(290, '3510400227177', '2568', '3510400227177-24-12-68-p2.pdf'),
(291, '1510100263457', '2568', '1510100263457-11-12-68-p1.pdf'),
(292, '1520500053956', '2568', '1520500053956-11-12-68-p2.pdf'),
(293, '1529900215048', '2568', '1529900215048-11-12-68-p3.pdf'),
(294, '1529900973490', '2568', '1529900973490-11-12-68-p4.pdf'),
(295, '1529902042191', '2568', '1529902042191-11-12-68-p5.pdf'),
(296, '1529902096585', '2568', '1529902096585-11-12-68-p6.pdf'),
(297, '1579900546702', '2568', '1579900546702-11-12-68-p7.pdf'),
(298, '1640600214586', '2568', '1640600214586-11-12-68-p8.pdf'),
(299, '3260300198887', '2568', '3260300198887-11-12-68-p9.pdf'),
(300, '3500900687169', '2568', '3500900687169-11-12-68-p10.pdf'),
(301, '3520300403089', '2568', '3520300403089-11-12-68-p11.pdf'),
(302, '3520500158231', '2568', '3520500158231-11-12-68-p12.pdf'),
(303, '3521200044436', '2568', '3521200044436-11-12-68-p13.pdf'),
(304, '1510200004259', '2568', '1510200004259-21-2-68-p1.pdf'),
(305, '3520101160453', '2568', '3520101160453-21-2-68-p2.pdf'),
(306, '5551200002497', '2568', '5551200002497-21-2-68-p3.pdf'),
(307, '1500200141272', '2568', '1500200141272-5-2-68-p1.pdf'),
(308, '1501900071561', '2568', '1501900071561-5-2-68-p2.pdf'),
(309, '1509900304482', '2568', '1509900304482-5-2-68-p3.pdf'),
(310, '1509900467161', '2568', '1509900467161-5-2-68-p4.pdf'),
(311, '1520700087111', '2568', '1520700087111-5-2-68-p5.pdf'),
(312, '1520800008042', '2568', '1520800008042-5-2-68-p6.pdf'),
(313, '1529900127017', '2568', '1529900127017-5-2-68-p7.pdf'),
(314, '1529900237564', '2568', '1529900237564-5-2-68-p8.pdf'),
(315, '1529900357217', '2568', '1529900357217-5-2-68-p9.pdf'),
(316, '1529900621178', '2568', '1529900621178-5-2-68-p10.pdf'),
(317, '1529900629390', '2568', '1529900629390-5-2-68-p11.pdf'),
(318, '1529900700795', '2568', '1529900700795-5-2-68-p12.pdf'),
(319, '1529900763525', '2568', '1529900763525-5-2-68-p13.pdf'),
(320, '1529900969727', '2568', '1529900969727-5-2-68-p14.pdf'),
(321, '1529902053291', '2568', '1529902053291-5-2-68-p15.pdf'),
(322, '1549900602823', '2568', '1549900602823-5-2-68-p16.pdf'),
(323, '1560100307659', '2568', '1560100307659-5-2-68-p17.pdf'),
(324, '1560101508623', '2568', '1560101508623-5-2-68-p18.pdf'),
(325, '1640200072997', '2568', '1640200072997-5-2-68-p19.pdf'),
(326, '3500900687169', '2568', '3500900687169-5-2-68-p20.pdf'),
(327, '3510200107895', '2568', '3510200107895-5-2-68-p21.pdf'),
(328, '3510300360797', '2568', '3510300360797-5-2-68-p22.pdf'),
(329, '3510300365781', '2568', '3510300365781-5-2-68-p23.pdf'),
(330, '3510400147262', '2568', '3510400147262-5-2-68-p24.pdf'),
(331, '3510400339340', '2568', '3510400339340-5-2-68-p25.pdf'),
(332, '3520101382448', '2568', '3520101382448-5-2-68-p26.pdf'),
(333, '3520101481675', '2568', '3520101481675-5-2-68-p27.pdf'),
(334, '3520300232705', '2568', '3520300232705-5-2-68-p28.pdf'),
(335, '3520300295995', '2568', '3520300295995-5-2-68-p29.pdf'),
(336, '3520300403089', '2568', '3520300403089-5-2-68-p30.pdf'),
(337, '3520400037564', '2568', '3520400037564-5-2-68-p31.pdf'),
(338, '3520500010072', '2568', '3520500010072-5-2-68-p32.pdf'),
(339, '3520500045925', '2568', '3520500045925-5-2-68-p33.pdf'),
(340, '3520500483213', '2568', '3520500483213-5-2-68-p34.pdf'),
(341, '3520600026671', '2568', '3520600026671-5-2-68-p35.pdf'),
(342, '3520900015870', '2568', '3520900015870-5-2-68-p36.pdf'),
(343, '3521000087123', '2568', '3521000087123-5-2-68-p37.pdf'),
(344, '3640700600026', '2568', '3640700600026-5-2-68-p38.pdf'),
(345, '4521300001044', '2568', '4521300001044-5-2-68-p39.pdf'),
(346, '1529900215048', '2568', '1529900215048-14-2-68-p1.pdf'),
(347, '1529902042191', '2568', '1529902042191-14-2-68-p2.pdf'),
(348, '3350300465710', '2568', '3350300465710-14-2-68-p3.pdf'),
(349, '3520100917160', '2568', '3520100917160-14-2-68-p4.pdf'),
(350, '3521300193794', '2568', '3521300193794-14-2-68-p5.pdf'),
(351, '1529900371708', '2568', '1529900371708-4-2-68-p1.pdf'),
(352, '3520100407986', '2568', '3520100407986-4-2-68-p2.pdf'),
(353, '3520101317743', '2568', '3520101317743-4-2-68-p3.pdf'),
(354, '3520200164961', '2568', '3520200164961-4-2-68-p4.pdf'),
(355, '3520500360740', '2568', '3520500360740-4-2-68-p5.pdf'),
(356, '3529900163044', '2568', '3529900163044-4-2-68-p6.pdf'),
(357, '3529900262701', '2568', '3529900262701-4-2-68-p7.pdf'),
(358, '4520400001126', '2568', '4520400001126-4-2-68-p8.pdf'),
(359, '1529900725526', '2568', '1529900725526-4-2-68-p9.pdf'),
(360, '1520100118724', '2568', '1520100118724-7-2-68-p1.pdf'),
(361, '1520601128277', '2568', '1520601128277-7-2-68-p2.pdf'),
(362, '1529900209013', '2568', '1529900209013-7-2-68-p3.pdf'),
(363, '3510100950329', '2568', '3510100950329-7-2-68-p4.pdf'),
(364, '3510200305123', '2568', '3510200305123-7-2-68-p5.pdf'),
(365, '3510600032876', '2568', '3510600032876-7-2-68-p6.pdf'),
(366, '3520100572073', '2568', '3520100572073-7-2-68-p7.pdf'),
(367, '3520200185233', '2568', '3520200185233-7-2-68-p8.pdf'),
(368, '3520500014451', '2568', '3520500014451-7-2-68-p9.pdf'),
(369, '3520500158231', '2568', '3520500158231-7-2-68-p10.pdf'),
(370, '3521200452160', '2568', '3521200452160-7-2-68-p11.pdf'),
(371, '3540700187120', '2568', '3540700187120-7-2-68-p12.pdf'),
(372, '1509900108276', '2568', '1509900108276-10-2-68-p1.pdf'),
(373, '1509900229456', '2568', '1509900229456-10-2-68-p2.pdf'),
(374, '1509900581877', '2568', '1509900581877-10-2-68-p3.pdf'),
(375, '1509966014458', '2568', '1509966014458-10-2-68-p4.pdf'),
(376, '1510500001875', '2568', '1510500001875-10-2-68-p5.pdf'),
(377, '1510500056939', '2568', '1510500056939-10-2-68-p6.pdf'),
(378, '1520200033615', '2568', '1520200033615-10-2-68-p7.pdf'),
(379, '1520500053956', '2568', '1520500053956-10-2-68-p8.pdf'),
(380, '1520800061440', '2568', '1520800061440-10-2-68-p9.pdf'),
(381, '1521300045365', '2568', '1521300045365-10-2-68-p10.pdf'),
(382, '1529900438128', '2568', '1529900438128-10-2-68-p11.pdf'),
(383, '1529900973490', '2568', '1529900973490-10-2-68-p12.pdf'),
(384, '1639900254158', '2568', '1639900254158-10-2-68-p13.pdf'),
(385, '3510200047868', '2568', '3510200047868-10-2-68-p14.pdf'),
(386, '3510200194801', '2568', '3510200194801-10-2-68-p15.pdf'),
(387, '3510300247745', '2568', '3510300247745-10-2-68-p16.pdf'),
(388, '3510400521652', '2568', '3510400521652-10-2-68-p17.pdf'),
(389, '3510600079317', '2568', '3510600079317-10-2-68-p18.pdf'),
(390, '3519900039131', '2568', '3519900039131-10-2-68-p19.pdf'),
(391, '3520101211961', '2568', '3520101211961-10-2-68-p20.pdf'),
(392, '3520500162492', '2568', '3520500162492-10-2-68-p21.pdf'),
(393, '3520600089401', '2568', '3520600089401-10-2-68-p22.pdf'),
(394, '3520600100227', '2568', '3520600100227-10-2-68-p23.pdf'),
(395, '3521200044436', '2568', '3521200044436-10-2-68-p24.pdf'),
(396, '3521300210290', '2568', '3521300210290-10-2-68-p25.pdf'),
(397, '1529902053291', '2568', '1529902053291-17-3-68-p1.pdf'),
(398, '3350300465710', '2568', '3350300465710-17-3-68-p2.pdf'),
(399, '3510300360797', '2568', '3510300360797-17-3-68-p3.pdf'),
(400, '4521300001044', '2568', '4521300001044-17-3-68-p4.pdf'),
(401, '1509900304482', '2568', '1509900304482-21-3-68-p1.pdf'),
(402, '3510400046741', '2568', '3510400046741-21-1-68-p2.pdf'),
(403, '3520400037564', '2568', '3520400037564-21-6-68-p3.pdf'),
(404, '5551200002497', '2568', '5551200002497-18-3-68-p1.pdf'),
(405, '1510200004259', '2568', '1510200004259-10-4-68-p1.pdf'),
(406, '1510500001875', '2568', '1510500001875-10-4-68-p2.pdf'),
(407, '1510500056939', '2568', '1510500056939-10-4-68-p3.pdf'),
(408, '3510200194801', '2568', '3510200194801-10-4-68-p4.pdf'),
(409, '3510200305123', '2568', '3510200305123-10-4-68-p5.pdf'),
(410, '3510300247745', '2568', '3510300247745-10-4-68-p6.pdf'),
(411, '1101500222329', '2568', '1101500222329-4-4-68-p1.pdf'),
(412, '1500200141272', '2568', '1500200141272-4-4-68-p2.pdf'),
(413, '1501900071561', '2568', '1501900071561-4-4-68-p3.pdf'),
(414, '1509900229456', '2568', '1509900229456-4-4-68-p4.pdf'),
(415, '1509900304482', '2568', '1509900304482-4-4-68-p5.pdf'),
(416, '1509900467161', '2568', '1509900467161-4-4-68-p6.pdf'),
(417, '1520100118724', '2568', '1520100118724-4-4-68-p7.pdf'),
(418, '1520200033615', '2568', '1520200033615-4-4-68-p8.pdf'),
(419, '1520500053956', '2568', '1520500053956-4-4-68-p9.pdf'),
(420, '1520600066243', '2568', '1520600066243-4-4-68-p10.pdf'),
(421, '1520601128277', '2568', '1520601128277-4-4-68-p11.pdf'),
(422, '1520700087111', '2568', '1520700087111-4-4-68-p12.pdf'),
(423, '1520800008042', '2568', '1520800008042-4-4-68-p13.pdf'),
(424, '1520800061440', '2568', '1520800061440-4-4-68-p14.pdf'),
(425, '1521000060989', '2568', '1521000060989-4-4-68-p15.pdf'),
(426, '1521000070267', '2568', '1521000070267-4-4-68-p16.pdf'),
(427, '1521300045365', '2568', '1521300045365-4-4-68-p17.pdf'),
(428, '1529900127017', '2568', '1529900127017-4-4-68-p18.pdf'),
(429, '1529900209013', '2568', '1529900209013-4-4-68-p19.pdf'),
(430, '1529900215048', '2568', '1529900215048-4-4-68-p20.pdf'),
(431, '1529900237564', '2568', '1529900237564-4-4-68-p21.pdf'),
(432, '1529900629390', '2568', '1529900629390-4-4-68-p22.pdf'),
(433, '1529900700795', '2568', '1529900700795-4-4-68-p23.pdf'),
(434, '1529900763525', '2568', '1529900763525-4-4-68-p24.pdf'),
(435, '1529900969727', '2568', '1529900969727-4-4-68-p25.pdf'),
(436, '1529900973490', '2568', '1529900973490-4-4-68-p26.pdf'),
(437, '1529902042191', '2568', '1529902042191-4-4-68-p27.pdf'),
(438, '1529902053291', '2568', '1529902053291-4-4-68-p28.pdf'),
(439, '1549900602823', '2568', '1549900602823-4-4-68-p29.pdf'),
(440, '1560100307659', '2568', '1560100307659-4-4-68-p30.pdf'),
(441, '1560101508623', '2568', '1560101508623-4-4-68-p31.pdf'),
(442, '1570500034528', '2568', '1570500034528-4-4-68-p32.pdf'),
(443, '1639900254158', '2568', '1639900254158-4-4-68-p33.pdf'),
(444, '3500900687169', '2568', '3500900687169-4-4-68-p34.pdf'),
(445, '3510200047868', '2568', '3510200047868-4-4-68-p35.pdf'),
(446, '3510200107895', '2568', '3510200107895-4-4-68-p36.pdf'),
(447, '3510300365781', '2568', '3510300365781-4-4-68-p37.pdf'),
(448, '3510400339340', '2568', '3510400339340-4-4-68-p38.pdf'),
(449, '3510600032876', '2568', '3510600032876-4-4-68-p39.pdf'),
(450, '3520100410936', '2568', '3520100410936-4-4-68-p40.pdf'),
(451, '3520100917160', '2568', '3520100917160-4-4-68-p41.pdf'),
(452, '3520101160453', '2568', '3520101160453-4-4-68-p42.pdf'),
(453, '3520101211961', '2568', '3520101211961-4-4-68-p43.pdf'),
(454, '3520101382448', '2568', '3520101382448-4-4-68-p44.pdf'),
(455, '3520101481675', '2568', '3520101481675-4-4-68-p45.pdf'),
(456, '3520200185233', '2568', '3520200185233-4-4-68-p46.pdf'),
(457, '3520300403089', '2568', '3520300403089-4-4-68-p47.pdf'),
(458, '3520400037564', '2568', '3520400037564-4-4-68-p48.pdf'),
(459, '3520500010072', '2568', '3520500010072-4-4-68-p49.pdf'),
(460, '3520500014451', '2568', '3520500014451-4-4-68-p50.pdf'),
(461, '3520500045925', '2568', '3520500045925-4-4-68-p51.pdf'),
(462, '3520500158231', '2568', '3520500158231-4-4-68-p52.pdf'),
(463, '3520500162492', '2568', '3520500162492-4-4-68-p53.pdf'),
(464, '3520500483213', '2568', '3520500483213-4-4-68-p54.pdf'),
(465, '3520600089401', '2568', '3520600089401-4-4-68-p55.pdf'),
(466, '3520600100227', '2568', '3520600100227-4-4-68-p56.pdf'),
(467, '3520600151948', '2568', '3520600151948-4-4-68-p57.pdf'),
(468, '3520900015870', '2568', '3520900015870-4-4-68-p58.pdf'),
(469, '3521000087123', '2568', '3521000087123-4-4-68-p59.pdf'),
(470, '3521000334767', '2568', '3521000334767-4-4-68-p60.pdf'),
(471, '3521200044436', '2568', '3521200044436-4-4-68-p61.pdf'),
(472, '3521200241851', '2568', '3521200241851-4-4-68-p62.pdf'),
(473, '3521300193794', '2568', '3521300193794-4-4-68-p63.pdf'),
(474, '3521300210290', '2568', '3521300210290-4-4-68-p64.pdf'),
(475, '3540700187120', '2568', '3540700187120-4-4-68-p65.pdf'),
(476, '3560200265954', '2568', '3560200265954-4-4-68-p66.pdf'),
(477, '3640700600026', '2568', '3640700600026-4-4-68-p67.pdf'),
(478, '4521300001044', '2568', '4521300001044-4-4-68-p68.pdf'),
(479, '3520300295995', '2568', '3520300295995-21-4-68-p1.pdf'),
(480, '1529900725526', '2568', '1529900725526-3-4-68-p1.pdf'),
(481, '1529900371708', '2568', '1529900371708-3-4-68-p2.pdf'),
(482, '3400300062363', '2568', '3400300062363-3-4-68-p3.pdf'),
(483, '3520100407986', '2568', '3520100407986-3-4-68-p4.pdf'),
(484, '3520101317743', '2568', '3520101317743-3-4-68-p5.pdf'),
(485, '3520200164961', '2568', '3520200164961-3-4-68-p6.pdf'),
(486, '3520500360740', '2568', '3520500360740-3-4-68-p7.pdf'),
(487, '3529900163044', '2568', '3529900163044-3-4-68-p8.pdf'),
(488, '3529900262701', '2568', '3529900262701-3-4-68-p9.pdf'),
(489, '4520400001126', '2568', '4520400001126-3-4-68-p10.pdf'),
(490, '3510300360797', '2568', '3510300360797-23-4-68-p1.pdf'),
(491, '1509900108276', '2568', '1509900108276-8-4-68-p1.pdf'),
(492, '1509900581877', '2568', '1509900581877-8-4-68-p2.pdf'),
(493, '1509901325050', '2568', '1509901325050-8-4-68-p3.pdf'),
(494, '1509966014458', '2568', '1509966014458-8-4-68-p4.pdf'),
(495, '1510100263457', '2568', '1510100263457-8-4-68-p5.pdf'),
(496, '1529900357217', '2568', '1529900357217-8-4-68-p6.pdf'),
(497, '1529900438128', '2568', '1529900438128-8-4-68-p7.pdf'),
(498, '3510100693601', '2568', '3510100693601-8-4-68-p8.pdf'),
(499, '3510100950329', '2568', '3510100950329-8-4-68-p9.pdf'),
(500, '3510600079317', '2568', '3510600079317-8-4-68-p10.pdf'),
(501, '3519900039131', '2568', '3519900039131-8-4-68-p11.pdf'),
(502, '3520300232705', '2568', '3520300232705-8-4-68-p12.pdf'),
(503, '3520600026671', '2568', '3520600026671-8-4-68-p13.pdf'),
(504, '3521200452160', '2568', '3521200452160-8-4-68-p14.pdf'),
(505, '3560200019392', '2568', '3560200019392-8-4-68-p15.pdf'),
(506, '5551200002497', '2568', '5551200002497-8-4-68-p16.pdf'),
(507, '1521000060989', '2568', '1521000060989-29-5-68-p1.pdf'),
(508, '3521000334767', '2568', '3521000334767-29-5-68-p2.pdf'),
(509, '3560200265954', '2568', '3560200265954-29-5-68-p3.pdf'),
(510, '1529900725526', '2568', '1529900725526-2-5-68-p1.pdf'),
(511, '1529900371708', '2568', '1529900371708-2-5-68-p2.pdf'),
(512, '3400300062363', '2568', '3400300062363-2-5-68-p3.pdf'),
(513, '3520100407986', '2568', '3520100407986-2-5-68-p4.pdf'),
(514, '3520101317743', '2568', '3520101317743-2-5-68-p5.pdf'),
(515, '3520200164961', '2568', '3520200164961-2-5-68-p6.pdf'),
(516, '3520500360740', '2568', '3520500360740-2-5-68-p7.pdf'),
(517, '3529900163044', '2568', '3529900163044-2-5-68-p8.pdf'),
(518, '3529900262701', '2568', '3529900262701-2-5-68-p9.pdf'),
(519, '4520400001126', '2568', '4520400001126-2-5-68-p10.pdf'),
(520, '1520500053956', '2568', '1520500053956-16-5-68-p1.pdf'),
(521, '1520700087111', '2568', '1520700087111-16-5-68-p2.pdf'),
(522, '1529900209013', '2568', '1529900209013-16-5-68-p3.pdf'),
(523, '1529900215048', '2568', '1529900215048-16-5-68-p4.pdf'),
(524, '1529900969727', '2568', '1529900969727-16-5-68-p5.pdf'),
(525, '1529902042191', '2568', '1529902042191-16-5-68-p6.pdf'),
(526, '1560101508623', '2568', '1560101508623-16-5-68-p7.pdf'),
(527, '3500900687169', '2568', '3500900687169-16-5-68-p8.pdf'),
(528, '3510300247745', '2568', '3510300247745-16-5-68-p9.pdf'),
(529, '3520100917160', '2568', '3520100917160-16-5-68-p10.pdf'),
(530, '3520101481675', '2568', '3520101481675-16-5-68-p11.pdf'),
(531, '3520600100227', '2568', '3520600100227-16-5-68-p12.pdf'),
(532, '3521200044436', '2568', '3521200044436-16-5-68-p13.pdf'),
(533, '3510100950329', '2568', '3510100950329-15-5-68-p1.pdf'),
(534, '1520800061440', '2568', '1520800061440-21-5-68-p1.pdf'),
(535, '3520300295995', '2568', '3520300295995-21-5-68-p2.pdf'),
(536, '3520600151948', '2568', '3520600151948-21-5-68-p3.pdf'),
(537, '3521300193794', '2568', '3521300193794-21-5-68-p4.pdf'),
(538, '3560200019392', '2568', '3560200019392-21-5-68-p5.pdf'),
(539, '1101500222329', '2568', '1101500222329-8-5-68-p1.pdf'),
(540, '1500200141272', '2568', '1500200141272-8-5-68-p2.pdf'),
(541, '1501900071561', '2568', '1501900071561-8-5-68-p3.pdf'),
(542, '1509900108276', '2568', '1509900108276-8-5-68-p4.pdf'),
(543, '1509900304482', '2568', '1509900304482-8-5-68-p5.pdf'),
(544, '1509900467161', '2568', '1509900467161-8-5-68-p6.pdf'),
(545, '1509900581877', '2568', '1509900581877-8-5-68-p7.pdf'),
(546, '1509901325050', '2568', '1509901325050-8-5-68-p8.pdf'),
(547, '1509966014458', '2568', '1509966014458-8-5-68-p9.pdf'),
(548, '1510100263457', '2568', '1510100263457-8-5-68-p10.pdf'),
(549, '1510500001875', '2568', '1510500001875-8-5-68-p11.pdf'),
(550, '1510500056939', '2568', '1510500056939-8-5-68-p12.pdf'),
(551, '1520200033615', '2568', '1520200033615-8-5-68-p13.pdf'),
(552, '1520600066243', '2568', '1520600066243-8-5-68-p14.pdf'),
(553, '1520601128277', '2568', '1520601128277-8-5-68-p15.pdf'),
(554, '1520800008042', '2568', '1520800008042-8-5-68-p16.pdf'),
(555, '1521000070267', '2568', '1521000070267-8-5-68-p17.pdf'),
(556, '1521300045365', '2568', '1521300045365-8-5-68-p18.pdf'),
(557, '1529900127017', '2568', '1529900127017-8-5-68-p19.pdf'),
(558, '1529900237564', '2568', '1529900237564-8-5-68-p20.pdf'),
(559, '1529900357217', '2568', '1529900357217-8-5-68-p21.pdf'),
(560, '1529900438128', '2568', '1529900438128-8-5-68-p22.pdf'),
(561, '1529900629390', '2568', '1529900629390-8-5-68-p23.pdf'),
(562, '1529900700795', '2568', '1529900700795-8-5-68-p24.pdf'),
(563, '1529900763525', '2568', '1529900763525-8-5-68-p25.pdf'),
(564, '1529902053291', '2568', '1529902053291-8-5-68-p26.pdf'),
(565, '1549900602823', '2568', '1549900602823-8-5-68-p27.pdf'),
(566, '1560100307659', '2568', '1560100307659-8-5-68-p28.pdf'),
(567, '1570500034528', '2568', '1570500034528-8-5-68-p29.pdf'),
(568, '1639900254158', '2568', '1639900254158-8-5-68-p30.pdf'),
(569, '1640200072997', '2568', '1640200072997-8-5-68-p31.pdf'),
(570, '3510100693601', '2568', '3510100693601-8-5-68-p32.pdf'),
(571, '3510200047868', '2568', '3510200047868-8-5-68-p33.pdf'),
(572, '3510200107895', '2568', '3510200107895-8-5-68-p34.pdf'),
(573, '3510200113852', '2568', '3510200113852-8-5-68-p35.pdf'),
(574, '3510200194801', '2568', '3510200194801-8-5-68-p36.pdf'),
(575, '3510200305123', '2568', '3510200305123-8-5-68-p37.pdf'),
(576, '3510300365781', '2568', '3510300365781-8-5-68-p38.pdf'),
(577, '3510400339340', '2568', '3510400339340-8-5-68-p39.pdf'),
(578, '3510600032876', '2568', '3510600032876-8-5-68-p40.pdf'),
(579, '3510600079317', '2568', '3510600079317-8-5-68-p41.pdf'),
(580, '3519900039131', '2568', '3519900039131-8-5-68-p42.pdf'),
(581, '3520100410936', '2568', '3520100410936-8-5-68-p43.pdf'),
(582, '3520101211961', '2568', '3520101211961-8-5-68-p44.pdf'),
(583, '3520101382448', '2568', '3520101382448-8-5-68-p45.pdf'),
(584, '3520200185233', '2568', '3520200185233-8-5-68-p46.pdf'),
(585, '3520300232705', '2568', '3520300232705-8-5-68-p47.pdf'),
(586, '3520300403089', '2568', '3520300403089-8-5-68-p48.pdf'),
(587, '3520400037564', '2568', '3520400037564-8-5-68-p49.pdf'),
(588, '3520500014451', '2568', '3520500014451-8-5-68-p50.pdf'),
(589, '3520500045925', '2568', '3520500045925-8-5-68-p51.pdf'),
(590, '3520500158231', '2568', '3520500158231-8-5-68-p52.pdf'),
(591, '3520500483213', '2568', '3520500483213-8-5-68-p53.pdf'),
(592, '3520600026671', '2568', '3520600026671-8-5-68-p54.pdf'),
(593, '3520600089401', '2568', '3520600089401-8-5-68-p55.pdf'),
(594, '3520900015870', '2568', '3520900015870-8-5-68-p56.pdf'),
(595, '3521000087123', '2568', '3521000087123-8-5-68-p57.pdf'),
(596, '3521200452160', '2568', '3521200452160-8-5-68-p58.pdf'),
(597, '3521300210290', '2568', '3521300210290-8-5-68-p59.pdf'),
(598, '3540700187120', '2568', '3540700187120-8-5-68-p60.pdf'),
(599, '3640700600026', '2568', '3640700600026-8-5-68-p61.pdf'),
(600, '4521300001044', '2568', '4521300001044-8-5-68-p62.pdf'),
(601, '1510200004259', '2568', '1510200004259-23-5-68-p1.pdf'),
(602, '3510400521652', '2568', '3510400521652-23-5-68-p2.pdf'),
(603, '3520500162492', '2568', '3520500162492-23-5-68-p3.pdf'),
(604, '1529900973490', '2568', '1529900973490-19-5-68-p1.pdf'),
(605, '1509900229456', '2568', '1509900229456-22-5-68-p1.pdf'),
(606, '3510400046741', '2568', '3510400046741-22-5-68-p2.pdf'),
(607, '3520101160453', '2568', '3520101160453-22-5-68-p3.pdf'),
(608, '5521290000545', '2568', '5521290000545-22-5-68-p4.pdf'),
(609, '1510100263457', '2568', '1510100263457-06-6-68-p1.pdf'),
(610, '1521300045365', '2568', '1521300045365-12-6-68-p2.pdf'),
(611, '1529900215048', '2568', '1529900215048-12-6-68-p3.pdf'),
(612, '1529900973490', '2568', '1529900973490-12-6-68-p4.pdf'),
(613, '1529902042191', '2568', '1529902042191-12-6-68-p5.pdf'),
(614, '3519900039131', '2568', '3519900039131-06-5-68-p6.pdf'),
(615, '3521300210290', '2568', '3521300210290-06-6-68-p7.pdf'),
(616, '1509901325050', '2568', '1509901325050-11-06-68-p1.pdf'),
(617, '1510200004259', '2568', '1510200004259-11-06-68-p2.pdf'),
(618, '1510500001875', '2568', '1510500001875-11-06-68-p3.pdf'),
(619, '1510500056939', '2568', '1510500056939-11-06-68-p4.pdf'),
(620, '3510300360797', '2568', '3510300360797-11-06-68-p5.pdf'),
(621, '3510400521652', '2568', '3510400521652-11-06-68-p6.pdf'),
(622, '3520200185233', '2568', '3520200185233-11-06-68-p7.pdf'),
(623, '3520400037564', '2568', '3520400037564-11-06-68-p8.pdf'),
(624, '3520600100227', '2568', '3520600100227-11-06-68-p9.pdf'),
(625, '3640700600026', '2568', '3640700600026-11-06-68-p10.pdf'),
(626, '1520601128277', '2568', '1520601128277-17-6-68-p1.pdf'),
(627, '1521000060989', '2568', '1521000060989-17-6-68-p2.pdf'),
(628, '1560101508623', '2568', '1560101508623-17-6-68-p3.pdf'),
(629, '3510100950329', '2568', '3510100950329-17-6-68-p4.pdf'),
(630, '3520100917160', '2568', '3520100917160-17-6-68-p5.pdf'),
(631, '3520300295995', '2568', '3520300295995-17-6-68-p6.pdf'),
(632, '3560200265954', '2568', '3560200265954-17-6-68-p7.pdf'),
(633, '1529900725526', '2568', '1529900725526-06-6-68-p1.pdf'),
(634, '1101500222329', '2568', '1101500222329-06-6-68-p2.pdf'),
(635, '1500200141272', '2568', '1500200141272-06-6-68-p3.pdf'),
(636, '1509900108276', '2568', '1509900108276-06-6-68-p4.pdf'),
(637, '1509900229456', '2568', '1509900229456-06-6-68-p5.pdf'),
(638, '1509900304482', '2568', '1509900304482-06-6-68-p6.pdf'),
(639, '1509900581877', '2568', '1509900581877-06-6-68-p7.pdf'),
(640, '1509966014458', '2568', '1509966014458-06-6-68-p8.pdf'),
(641, '1520600066243', '2568', '1520600066243-06-6-68-p9.pdf'),
(642, '1520800061440', '2568', '1520800061440-06-6-68-p10.pdf'),
(643, '1521000070267', '2568', '1521000070267-06-6-68-p11.pdf'),
(644, '1529900127017', '2568', '1529900127017-06-6-68-p12.pdf'),
(645, '1529900209013', '2568', '1529900209013-06-6-68-p13.pdf'),
(646, '1529900357217', '2568', '1529900357217-06-6-68-p14.pdf'),
(647, '1529900371708', '2568', '1529900371708-06-6-68-p15.pdf'),
(648, '1529900438128', '2568', '1529900438128-06-6-68-p16.pdf'),
(649, '1529900629390', '2568', '1529900629390-06-6-68-p17.pdf'),
(650, '1529900700795', '2568', '1529900700795-06-6-68-p18.pdf'),
(651, '1529900969727', '2568', '1529900969727-06-6-68-p19.pdf'),
(652, '1560100307659', '2568', '1560100307659-06-6-68-p20.pdf'),
(653, '1639900254158', '2568', '1639900254158-06-6-68-p21.pdf'),
(654, '3400300062363', '2568', '3400300062363-06-6-68-p22.pdf'),
(655, '3510100693601', '2568', '3510100693601-06-6-68-p23.pdf'),
(656, '3510200047868', '2568', '3510200047868-06-6-68-p24.pdf'),
(657, '3510200107895', '2568', '3510200107895-06-6-68-p25.pdf'),
(658, '3510200194801', '2568', '3510200194801-06-6-68-p26.pdf'),
(659, '3510300247745', '2568', '3510300247745-06-6-68-p27.pdf'),
(660, '3510400339340', '2568', '3510400339340-06-6-68-p28.pdf'),
(661, '3510600032876', '2568', '3510600032876-06-6-68-p29.pdf'),
(662, '3520100407986', '2568', '3520100407986-06-6-68-p30.pdf'),
(663, '3520101211961', '2568', '3520101211961-06-6-68-p31.pdf'),
(664, '3520101317743', '2568', '3520101317743-06-6-68-p32.pdf'),
(665, '3520101481675', '2568', '3520101481675-06-6-68-p33.pdf'),
(666, '3520200164961', '2568', '3520200164961-06-6-68-p34.pdf'),
(667, '3520300403089', '2568', '3520300403089-06-6-68-p35.pdf'),
(668, '3520500014451', '2568', '3520500014451-06-6-68-p36.pdf'),
(669, '3520500045925', '2568', '3520500045925-06-6-68-p37.pdf'),
(670, '3520500158231', '2568', '3520500158231-06-6-68-p38.pdf'),
(671, '3520500162492', '2568', '3520500162492-06-6-68-p39.pdf'),
(672, '3520500360740', '2568', '3520500360740-06-6-68-p40.pdf'),
(673, '3520500483213', '2568', '3520500483213-06-6-68-p41.pdf'),
(674, '3520600026671', '2568', '3520600026671-06-6-68-p42.pdf'),
(675, '3520600089401', '2568', '3520600089401-06-6-68-p43.pdf'),
(676, '3529900163044', '2568', '3529900163044-06-6-68-p44.pdf'),
(677, '3529900262701', '2568', '3529900262701-06-6-68-p45.pdf'),
(678, '4520400001126', '2568', '4520400001126-06-6-68-p46.pdf'),
(679, '1501900071561', '2568', '1501900071561-9-06-68-p1.pdf'),
(680, '1509900467161', '2568', '1509900467161-9-06-68-p2.pdf'),
(681, '1520200033615', '2568', '1520200033615-9-06-68-p3.pdf'),
(682, '1520500053956', '2568', '1520500053956-9-06-68-p4.pdf'),
(683, '1520800008042', '2568', '1520800008042-9-06-68-p5.pdf'),
(684, '1529900237564', '2568', '1529900237564-9-06-68-p6.pdf'),
(685, '1529900763525', '2568', '1529900763525-9-06-68-p7.pdf'),
(686, '1549900602823', '2568', '1549900602823-9-06-68-p8.pdf'),
(687, '1570500034528', '2568', '1570500034528-9-06-68-p9.pdf'),
(688, '1640200072997', '2568', '1640200072997-9-06-68-p10.pdf'),
(689, '3500900687169', '2568', '3500900687169-9-06-68-p11.pdf'),
(690, '3510200113852', '2568', '3510200113852-9-06-68-p12.pdf'),
(691, '3510200305123', '2568', '3510200305123-9-06-68-p13.pdf'),
(692, '3510300365781', '2568', '3510300365781-9-06-68-p14.pdf'),
(693, '3510400046741', '2568', '3510400046741-9-06-68-p15.pdf'),
(694, '3510600079317', '2568', '3510600079317-9-06-68-p16.pdf'),
(695, '3520100410936', '2568', '3520100410936-9-06-68-p17.pdf'),
(696, '3520101160453', '2568', '3520101160453-9-06-68-p18.pdf'),
(697, '3520101382448', '2568', '3520101382448-9-06-68-p19.pdf'),
(698, '3520300232705', '2568', '3520300232705-9-06-68-p20.pdf'),
(699, '3520600151948', '2568', '3520600151948-9-06-68-p21.pdf'),
(700, '3520900015870', '2568', '3520900015870-9-06-68-p22.pdf'),
(701, '3521000087123', '2568', '3521000087123-9-06-68-p23.pdf'),
(702, '3521200044436', '2568', '3521200044436-9-06-68-p24.pdf'),
(703, '3521200452160', '2568', '3521200452160-9-06-68-p25.pdf'),
(704, '3521300193794', '2568', '3521300193794-9-06-68-p26.pdf'),
(705, '3540700187120', '2568', '3540700187120-9-06-68-p27.pdf'),
(706, '3560200019392', '2568', '3560200019392-9-06-68-p28.pdf'),
(707, '4521300001044', '2568', '4521300001044-9-06-68-p29.pdf'),
(708, '3510300360797', '2568', '3510300360797-24-6-68-p1.pdf'),
(709, '1101500222329', '2568', '1101500222329-4-7-68-p1.pdf'),
(710, '1500200141272', '2568', '1500200141272-4-7-68-p2.pdf'),
(711, '1501900071561', '2568', '1501900071561-4-7-68-p3.pdf'),
(712, '1509900229456', '2568', '1509900229456-4-7-68-p4.pdf'),
(713, '1509900304482', '2568', '1509900304482-4-7-68-p5.pdf'),
(714, '1509900467161', '2568', '1509900467161-4-7-68-p6.pdf'),
(715, '1509900581877', '2568', '1509900581877-4-7-68-p7.pdf'),
(716, '1520100118724', '2568', '1520100118724-4-7-68-p8.pdf'),
(717, '1520500053956', '2568', '1520500053956-4-7-68-p9.pdf'),
(718, '1520600066243', '2568', '1520600066243-4-7-68-p10.pdf'),
(719, '1520800008042', '2568', '1520800008042-4-7-68-p11.pdf'),
(720, '1520800061440', '2568', '1520800061440-4-7-68-p12.pdf'),
(721, '1521000070267', '2568', '1521000070267-4-7-68-p13.pdf'),
(722, '1529900127017', '2568', '1529900127017-4-7-68-p14.pdf'),
(723, '1529900209013', '2568', '1529900209013-4-7-68-p15.pdf'),
(724, '1529900357217', '2568', '1529900357217-4-7-68-p16.pdf'),
(725, '1529900438128', '2568', '1529900438128-4-7-68-p17.pdf'),
(726, '1529900629390', '2568', '1529900629390-4-7-68-p18.pdf'),
(727, '1529900700795', '2568', '1529900700795-4-7-68-p19.pdf'),
(728, '1529900717841', '2568', '1529900717841-4-7-68-p20.pdf'),
(729, '1529900969727', '2568', '1529900969727-4-7-68-p21.pdf'),
(730, '1549900602823', '2568', '1549900602823-4-7-68-p22.pdf'),
(731, '1560100307659', '2568', '1560100307659-4-7-68-p23.pdf'),
(732, '1570500034528', '2568', '1570500034528-4-7-68-p24.pdf'),
(733, '1639900254158', '2568', '1639900254158-4-7-68-p25.pdf'),
(734, '3510100693601', '2568', '3510100693601-4-7-68-p26.pdf'),
(735, '3510200047868', '2568', '3510200047868-4-7-68-p27.pdf'),
(736, '3510200107895', '2568', '3510200107895-4-7-68-p28.pdf'),
(737, '3510200113852', '2568', '3510200113852-4-7-68-p29.pdf'),
(738, '3510300365781', '2568', '3510300365781-4-7-68-p30.pdf'),
(739, '3510400339340', '2568', '3510400339340-4-7-68-p31.pdf'),
(740, '3510600032876', '2568', '3510600032876-4-7-68-p32.pdf'),
(741, '3520100410936', '2568', '3520100410936-4-7-68-p33.pdf'),
(742, '3520101160453', '2568', '3520101160453-4-7-68-p34.pdf'),
(743, '3520101211961', '2568', '3520101211961-4-7-68-p35.pdf'),
(744, '3520101382448', '2568', '3520101382448-4-7-68-p36.pdf'),
(745, '3520101481675', '2568', '3520101481675-4-7-68-p37.pdf'),
(746, '3520300232705', '2568', '3520300232705-4-7-68-p38.pdf'),
(747, '3520400037564', '2568', '3520400037564-4-7-68-p39.pdf'),
(748, '3520500014451', '2568', '3520500014451-4-7-68-p40.pdf'),
(749, '3520500045925', '2568', '3520500045925-4-7-68-p41.pdf'),
(750, '3520500158231', '2568', '3520500158231-4-7-68-p42.pdf'),
(751, '3520500162492', '2568', '3520500162492-4-7-68-p43.pdf'),
(752, '3520500483213', '2568', '3520500483213-4-7-68-p44.pdf'),
(753, '3520600026671', '2568', '3520600026671-4-7-68-p45.pdf'),
(754, '3520600089401', '2568', '3520600089401-4-7-68-p46.pdf'),
(755, '3520600100227', '2568', '3520600100227-4-7-68-p47.pdf'),
(756, '3520600151948', '2568', '3520600151948-4-7-68-p48.pdf'),
(757, '3520900015870', '2568', '3520900015870-4-7-68-p49.pdf'),
(758, '3521000087123', '2568', '3521000087123-4-7-68-p50.pdf'),
(759, '3521200452160', '2568', '3521200452160-4-7-68-p51.pdf'),
(760, '3521300193794', '2568', '3521300193794-4-7-68-p52.pdf'),
(761, '3540700187120', '2568', '3540700187120-4-7-68-p53.pdf'),
(762, '3640700600026', '2568', '3640700600026-4-7-68-p54.pdf'),
(763, '4521300001044', '2568', '4521300001044-4-7-68-p55.pdf'),
(764, '1509900108276', '2568', '1509900108276-8-7-68-p1.pdf'),
(765, '1509901325050', '2568', '1509901325050-8-7-68-p2.pdf'),
(766, '1509966014458', '2568', '1509966014458-8-7-68-p3.pdf'),
(767, '1521000060989', '2568', '1521000060989-8-7-68-p4.pdf'),
(768, '1529900237564', '2568', '1529900237564-8-7-68-p5.pdf'),
(769, '3510100950329', '2568', '3510100950329-8-7-68-p6.pdf'),
(770, '3510200194801', '2568', '3510200194801-8-7-68-p7.pdf'),
(771, '3510200305123', '2568', '3510200305123-8-7-68-p8.pdf'),
(772, '3510300247745', '2568', '3510300247745-8-7-68-p9.pdf'),
(773, '3510600079317', '2568', '3510600079317-8-7-68-p10.pdf'),
(774, '3519900039131', '2568', '3519900039131-8-7-68-p11.pdf'),
(775, '3520300403089', '2568', '3520300403089-8-7-68-p12.pdf'),
(776, '3521000334767', '2568', '3521000334767-8-7-68-p13.pdf'),
(777, '3521200044436', '2568', '3521200044436-8-7-68-p14.pdf'),
(778, '3560200265954', '2568', '3560200265954-8-7-68-p15.pdf'),
(779, '3350300465710', '2568', '3350300465710-25-7-68-p1.pdf'),
(780, '3560200019392', '2568', '3560200019392-25-7-68-p2.pdf'),
(781, '1510100263457', '2568', '1510100263457-9-7-68-p1.pdf'),
(782, '1510500001875', '2568', '1510500001875-9-7-68-p2.pdf'),
(783, '1510500056939', '2568', '1510500056939-9-7-68-p3.pdf'),
(784, '1520200033615', '2568', '1520200033615-9-7-68-p4.pdf'),
(785, '1520601128277', '2568', '1520601128277-9-7-68-p5.pdf'),
(786, '1521300045365', '2568', '1521300045365-9-7-68-p6.pdf'),
(787, '1529900215048', '2568', '1529900215048-9-7-68-p7.pdf'),
(788, '1529900763525', '2568', '1529900763525-9-7-68-p8.pdf'),
(789, '1529900973490', '2568', '1529900973490-9-7-68-p9.pdf'),
(790, '1529902042191', '2568', '1529902042191-9-7-68-p10.pdf'),
(791, '1560101508623', '2568', '1560101508623-9-7-68-p11.pdf'),
(792, '1579900546702', '2568', '1579900546702-9-7-68-p12.pdf'),
(793, '1640200072997', '2568', '1640200072997-9-7-68-p13.pdf'),
(794, '3510300360797', '2568', '3510300360797-9-7-68-p14.pdf'),
(795, '3510400046741', '2568', '3510400046741-9-7-68-p15.pdf'),
(796, '3520100917160', '2568', '3520100917160-9-7-68-p16.pdf'),
(797, '3521300210290', '2568', '3521300210290-9-7-68-p17.pdf'),
(798, '1529900725526', '2568', '1529900725526-2-7-68-p1.pdf'),
(799, '1529900371708', '2568', '1529900371708-2-7-68-p2.pdf'),
(800, '3350300465710', '2568', '3350300465710-2-7-68-p3.pdf'),
(801, '3400300062363', '2568', '3400300062363-2-7-68-p4.pdf'),
(802, '3520100407986', '2568', '3520100407986-2-7-68-p5.pdf'),
(803, '3520101317743', '2568', '3520101317743-2-7-68-p6.pdf'),
(804, '3520200164961', '2568', '3520200164961-2-7-68-p7.pdf');
INSERT INTO `tax_reports` (`id`, `pid`, `year`, `file_name`) VALUES
(805, '3520500360740', '2568', '3520500360740-2-7-68-p8.pdf'),
(806, '3529900163044', '2568', '3529900163044-2-7-68-p9.pdf'),
(807, '3529900262701', '2568', '3529900262701-2-7-68-p10.pdf'),
(808, '4520400001126', '2568', '4520400001126-2-7-68-p11.pdf'),
(809, '3260300198887', '2568', '3260300198887-22-7-68-p1.pdf'),
(810, '1510200004259', '2568', '1510200004259-17-7-68-p1.pdf'),
(811, '3500900687169', '2568', '3500900687169-16-7-68-p1.pdf'),
(812, '3510400521652', '2568', '3510400521652-16-7-68-p2.pdf'),
(813, '3521200241851', '2568', '3521200241851-16-7-68-p3.pdf'),
(814, '3510200305123', '2568', '3510200305123-15-8-68-p1.pdf'),
(815, '1510200004259', '2568', '1510200004259-13-8-68-p1.pdf'),
(816, '1510500056939', '2568', '1510500056939-13-8-68-p2.pdf'),
(817, '1520200033615', '2568', '1520200033615-13-8-68-p3.pdf'),
(818, '1520500053956', '2568', '1520500053956-13-8-68-p4.pdf'),
(819, '1520601128277', '2568', '1520601128277-13-8-68-p5.pdf'),
(820, '1529900763525', '2568', '1529900763525-13-8-68-p6.pdf'),
(821, '1529900969727', '2568', '1529900969727-13-8-68-p7.pdf'),
(822, '1560100307659', '2568', '1560100307659-13-8-68-p8.pdf'),
(823, '1560101508623', '2568', '1560101508623-13-8-68-p9.pdf'),
(824, '1579900546702', '2568', '1579900546702-13-8-68-p10.pdf'),
(825, '1640200072997', '2568', '1640200072997-13-8-68-p11.pdf'),
(826, '3500900687169', '2568', '3500900687169-13-8-68-p12.pdf'),
(827, '3510100950329', '2568', '3510100950329-13-8-68-p13.pdf'),
(828, '3510300247745', '2568', '3510300247745-13-8-68-p14.pdf'),
(829, '3510400521652', '2568', '3510400521652-13-8-68-p15.pdf'),
(830, '3519900039131', '2568', '3519900039131-13-8-68-p16.pdf'),
(831, '3520101160453', '2568', '3520101160453-13-8-68-p17.pdf'),
(832, '3520400037564', '2568', '3520400037564-13-8-68-p18.pdf'),
(833, '3521200044436', '2568', '3521200044436-13-8-68-p19.pdf'),
(834, '3521300210290', '2568', '3521300210290-13-8-68-p20.pdf'),
(835, '3540700187120', '2568', '3540700187120-13-8-68-p21.pdf'),
(836, '3560200019392', '2568', '3560200019392-13-8-68-p22.pdf'),
(837, '3350300465710', '2568', '3350300465710-21-8-68-p1.pdf'),
(838, '1500200141272', '2568', '1500200141272-5-8-68-p1.pdf'),
(839, '1501900071561', '2568', '1501900071561-5-8-68-p2.pdf'),
(840, '1509900108276', '2568', '1509900108276-5-8-68-p3.pdf'),
(841, '1509900304482', '2568', '1509900304482-5-8-68-p4.pdf'),
(842, '1509900467161', '2568', '1509900467161-5-8-68-p5.pdf'),
(843, '1509900581877', '2568', '1509900581877-5-8-68-p6.pdf'),
(844, '1509901325050', '2568', '1509901325050-5-8-68-p7.pdf'),
(845, '1520100118724', '2568', '1520100118724-5-8-68-p8.pdf'),
(846, '1520600066243', '2568', '1520600066243-5-8-68-p9.pdf'),
(847, '1520800008042', '2568', '1520800008042-5-8-68-p10.pdf'),
(848, '1520800061440', '2568', '1520800061440-5-8-68-p11.pdf'),
(849, '1521000070267', '2568', '1521000070267-5-8-68-p12.pdf'),
(850, '1529900127017', '2568', '1529900127017-5-8-68-p13.pdf'),
(851, '1529900237564', '2568', '1529900237564-5-8-68-p14.pdf'),
(852, '1529900357217', '2568', '1529900357217-5-8-68-p15.pdf'),
(853, '1529900629390', '2568', '1529900629390-5-8-68-p16.pdf'),
(854, '1529900700795', '2568', '1529900700795-5-8-68-p17.pdf'),
(855, '1549900602823', '2568', '1549900602823-5-8-68-p18.pdf'),
(856, '1639900254158', '2568', '1639900254158-5-8-68-p19.pdf'),
(857, '3510100693601', '2568', '3510100693601-5-8-68-p20.pdf'),
(858, '3510200107895', '2568', '3510200107895-5-8-68-p21.pdf'),
(859, '3510200113852', '2568', '3510200113852-5-8-68-p22.pdf'),
(860, '3510300365781', '2568', '3510300365781-5-8-68-p23.pdf'),
(861, '3510400339340', '2568', '3510400339340-5-8-68-p24.pdf'),
(862, '3510600079317', '2568', '3510600079317-5-8-68-p25.pdf'),
(863, '3520101211961', '2568', '3520101211961-5-8-68-p26.pdf'),
(864, '3520101481675', '2568', '3520101481675-5-8-68-p27.pdf'),
(865, '3520300232705', '2568', '3520300232705-5-8-68-p28.pdf'),
(866, '3520500014451', '2568', '3520500014451-5-8-68-p29.pdf'),
(867, '3520500045925', '2568', '3520500045925-5-8-68-p30.pdf'),
(868, '3520500158231', '2568', '3520500158231-5-8-68-p31.pdf'),
(869, '3520500162492', '2568', '3520500162492-5-8-68-p32.pdf'),
(870, '3520600026671', '2568', '3520600026671-5-8-68-p33.pdf'),
(871, '3520600089401', '2568', '3520600089401-5-8-68-p34.pdf'),
(872, '3520900015870', '2568', '3520900015870-5-8-68-p35.pdf'),
(873, '3521000087123', '2568', '3521000087123-5-8-68-p36.pdf'),
(874, '3640700600026', '2568', '3640700600026-5-8-68-p37.pdf'),
(875, '3510200047868', '2568', '3510200047868-14-8-68-p1.pdf'),
(876, '3510300360797', '2568', '3510300360797-14-8-68-p2.pdf'),
(877, '3510400046741', '2568', '3510400046741-14-8-68-p3.pdf'),
(878, '3520600151948', '2568', '3520600151948-14-8-68-p4.pdf'),
(879, '1510100263457', '2568', '1510100263457-7-8-68-p1.pdf'),
(880, '1529900209013', '2568', '1529900209013-7-8-68-p2.pdf'),
(881, '1529900215048', '2568', '1529900215048-7-8-68-p3.pdf'),
(882, '1529900973490', '2568', '1529900973490-7-8-68-p4.pdf'),
(883, '1529902042191', '2568', '1529902042191-7-8-68-p5.pdf'),
(884, '3520300403089', '2568', '3520300403089-7-8-68-p6.pdf'),
(885, '1529900725526', '2568', '1529900725526-4-8-68-p1.pdf'),
(886, '1529900371708', '2568', '1529900371708-4-8-68-p2.pdf'),
(887, '3400300062363', '2568', '3400300062363-4-1-68-p3.pdf'),
(888, '3520100407986', '2568', '3520100407986-4-8-68-p4.pdf'),
(889, '3520101317743', '2568', '3520101317743-4-8-68-p5.pdf'),
(890, '3520200164961', '2568', '3520200164961-4-1-68-p6.pdf'),
(891, '3520500360740', '2568', '3520500360740-4-1-68-p7.pdf'),
(892, '3529900163044', '2568', '3529900163044-4-8-68-p8.pdf'),
(893, '3529900262701', '2568', '3529900262701-4-1-68-p9.pdf'),
(894, '4520400001126', '2568', '4520400001126-4-8-68-p10.pdf');

-- --------------------------------------------------------

--
-- Table structure for table `users`
--

CREATE TABLE `users` (
  `username` varchar(13) NOT NULL,
  `password` varchar(255) NOT NULL,
  `role` int(11) NOT NULL DEFAULT 4,
  `created_at` timestamp NOT NULL DEFAULT current_timestamp()
) ENGINE=InnoDB DEFAULT CHARSET=utf8 COLLATE=utf8_general_ci;

--
-- Dumping data for table `users`
--

INSERT INTO `users` (`username`, `password`, `role`, `created_at`) VALUES
('1100200970949', '0949', 4, '2026-02-09 06:23:44'),
('1100201051181', '1181', 4, '2026-02-09 06:23:44'),
('1100600293715', '3715', 4, '2026-02-09 06:23:44'),
('1100702886766', '6766', 4, '2026-02-09 06:23:44'),
('1100800702031', '2031', 4, '2026-02-09 06:23:44'),
('1101400669518', '9518', 4, '2026-02-09 06:23:44'),
('1101400791160', '1160', 4, '2026-02-09 06:23:44'),
('1101500222329', '2329', 4, '2026-02-09 06:23:44'),
('1101800408908', '8908', 4, '2026-02-09 06:23:44'),
('1102000024332', '4332', 4, '2026-02-09 06:23:44'),
('1103100432336', '2336', 4, '2026-02-09 06:23:44'),
('1103700324101', '4101', 4, '2026-02-09 06:23:44'),
('1103700444734', '4734', 4, '2026-02-09 06:23:44'),
('1103700550071', '0071', 4, '2026-02-09 06:23:44'),
('1103700582495', '2495', 4, '2026-02-09 06:23:44'),
('1103700617299', '7299', 4, '2026-02-09 06:23:44'),
('1103700874682', '4682', 4, '2026-02-09 06:23:44'),
('1103701159278', '9278', 4, '2026-02-09 06:23:44'),
('1103701262613', '2613', 4, '2026-02-09 06:23:44'),
('1119900614396', '4396', 4, '2026-02-09 06:23:44'),
('1149900112919', '2919', 4, '2026-02-09 06:23:44'),
('1149900289622', '9622', 4, '2026-02-09 06:23:44'),
('1160100374732', '4732', 4, '2026-02-09 06:23:44'),
('1200100449596', '9596', 4, '2026-02-09 06:23:44'),
('1209700391511', '1511', 4, '2026-02-09 06:23:44'),
('1229900555003', '5003', 4, '2026-02-09 06:23:44'),
('1269900098591', '8591', 4, '2026-02-09 06:23:44'),
('1300100127768', '7768', 4, '2026-02-09 06:23:44'),
('1301300187871', '7871', 4, '2026-02-09 06:23:44'),
('1309900561045', '1045', 4, '2026-02-09 06:23:44'),
('1320900194281', '4281', 4, '2026-02-09 06:23:44'),
('1330500163044', '3044', 4, '2026-02-09 06:23:44'),
('1360400184937', '4937', 4, '2026-02-09 06:23:44'),
('1400600066236', '6236', 4, '2026-02-09 06:23:44'),
('1409800295946', '5946', 4, '2026-02-09 06:23:44'),
('1410600137711', '7711', 4, '2026-02-09 06:23:44'),
('1410900056341', '6341', 4, '2026-02-09 06:23:44'),
('1411100100550', '0550', 4, '2026-02-09 06:23:44'),
('1411300114988', '4988', 4, '2026-02-09 06:23:44'),
('1411390004222', '4222', 4, '2026-02-09 06:23:44'),
('1419900290415', '0415', 4, '2026-02-09 06:23:44'),
('1420300056359', '6359', 4, '2026-02-09 06:23:44'),
('1429900223360', '3360', 4, '2026-02-09 06:23:44'),
('1450200184835', '4835', 4, '2026-02-09 06:23:44'),
('1470100045655', '5655', 4, '2026-02-09 06:23:44'),
('1480100112301', '2301', 4, '2026-02-09 06:23:44'),
('1500200029073', '9073', 4, '2026-02-09 06:23:44'),
('1500200109026', '9026', 4, '2026-02-09 06:23:44'),
('1500200141272', '1272', 4, '2026-02-09 06:23:44'),
('1500200145600', '5600', 4, '2026-02-09 06:23:44'),
('1500200148986', '8986', 4, '2026-02-09 06:23:44'),
('1500201204782', '4782', 4, '2026-02-09 06:23:44'),
('1500400073432', '3432', 4, '2026-02-09 06:23:44'),
('1500700169290', '9290', 4, '2026-02-09 06:23:44'),
('1500701275239', '5239', 4, '2026-02-09 06:23:44'),
('1500900191833', '1833', 4, '2026-02-09 06:23:44'),
('1500900201197', '1197', 4, '2026-02-09 06:23:44'),
('1501100068205', '8205', 4, '2026-02-09 06:23:44'),
('1501200105684', '5684', 4, '2026-02-09 06:23:44'),
('1501600091338', '1338', 4, '2026-02-09 06:23:44'),
('1501800004625', '4625', 4, '2026-02-09 06:23:44'),
('1501800065811', '5811', 4, '2026-02-09 06:23:44'),
('1501801140549', '0549', 4, '2026-02-09 06:23:44'),
('1501900071561', '1561', 4, '2026-02-09 06:23:44'),
('1501900074901', '4901', 4, '2026-02-09 06:23:44'),
('1502000004257', '4257', 4, '2026-02-09 06:23:44'),
('1502100006154', '6154', 4, '2026-02-09 06:23:44'),
('1505100012653', '2653', 4, '2026-02-09 06:23:44'),
('1505300005693', '5693', 4, '2026-02-09 06:23:44'),
('1509900011221', '1221', 4, '2026-02-09 06:23:44'),
('1509900020077', '0077', 4, '2026-02-09 06:23:44'),
('1509900028027', '8027', 4, '2026-02-09 06:23:44'),
('1509900031770', '1770', 4, '2026-02-09 06:23:44'),
('1509900033233', '3233', 4, '2026-02-09 06:23:44'),
('1509900039487', '9487', 4, '2026-02-09 06:23:44'),
('1509900050537', '0537', 4, '2026-02-09 06:23:44'),
('1509900057213', '7213', 4, '2026-02-09 06:23:44'),
('1509900072875', '2875', 4, '2026-02-09 06:23:44'),
('1509900074207', '4207', 4, '2026-02-09 06:23:44'),
('1509900077745', '7745', 4, '2026-02-09 06:23:44'),
('1509900092230', '2230', 4, '2026-02-09 06:23:44'),
('1509900108276', '8276', 4, '2026-02-09 06:23:44'),
('1509900118867', '8867', 4, '2026-02-09 06:23:44'),
('1509900120594', '0594', 4, '2026-02-09 06:23:44'),
('1509900127777', '7777', 4, '2026-02-09 06:23:44'),
('1509900131952', '1952', 4, '2026-02-09 06:23:44'),
('1509900139597', '9597', 4, '2026-02-09 06:23:44'),
('1509900151589', '1589', 4, '2026-02-09 06:23:44'),
('1509900154847', '4847', 4, '2026-02-09 06:23:44'),
('1509900157480', '7480', 4, '2026-02-09 06:23:44'),
('1509900163293', '3293', 4, '2026-02-09 06:23:44'),
('1509900179092', '9092', 4, '2026-02-09 06:23:44'),
('1509900181607', '1607', 4, '2026-02-09 06:23:44'),
('1509900188792', '8792', 4, '2026-02-09 06:23:44'),
('1509900198640', '8640', 4, '2026-02-09 06:23:44'),
('1509900200971', '0971', 4, '2026-02-09 06:23:44'),
('1509900201560', '1560', 4, '2026-02-09 06:23:44'),
('1509900206456', '6456', 4, '2026-02-09 06:23:44'),
('1509900213096', '3096', 4, '2026-02-09 06:23:44'),
('1509900229456', '9456', 4, '2026-02-09 06:23:44'),
('1509900230667', '0667', 4, '2026-02-09 06:23:44'),
('1509900256186', '6186', 4, '2026-02-09 06:23:44'),
('1509900275725', '5725', 4, '2026-02-09 06:23:44'),
('1509900283906', '3906', 4, '2026-02-09 06:23:44'),
('1509900286573', '6573', 4, '2026-02-09 06:23:44'),
('1509900289505', '9505', 4, '2026-02-09 06:23:44'),
('1509900304482', '4482', 4, '2026-02-09 06:23:44'),
('1509900358175', '8175', 4, '2026-02-09 06:23:44'),
('1509900361567', '1567', 4, '2026-02-09 06:23:44'),
('1509900365988', '5988', 4, '2026-02-09 06:23:44'),
('1509900373158', '3158', 4, '2026-02-09 06:23:44'),
('1509900386586', '6586', 4, '2026-02-09 06:23:44'),
('1509900387574', '7574', 4, '2026-02-09 06:23:44'),
('1509900387931', '7931', 4, '2026-02-09 06:23:44'),
('1509900389241', '9241', 4, '2026-02-09 06:23:44'),
('1509900409373', '9373', 4, '2026-02-09 06:23:44'),
('1509900412412', '2412', 4, '2026-02-09 06:23:44'),
('1509900428262', '8262', 4, '2026-02-09 06:23:44'),
('1509900430437', '0437', 4, '2026-02-09 06:23:44'),
('1509900436800', '6800', 4, '2026-02-09 06:23:44'),
('1509900450411', '0411', 4, '2026-02-09 06:23:44'),
('1509900453712', '3712', 4, '2026-02-09 06:23:44'),
('1509900467161', '7161', 4, '2026-02-09 06:23:44'),
('1509900479827', '9827', 4, '2026-02-09 06:23:44'),
('1509900489091', '9091', 4, '2026-02-09 06:23:44'),
('1509900493722', '3722', 4, '2026-02-09 06:23:44'),
('1509900513529', '3529', 4, '2026-02-09 06:23:44'),
('1509900581877', '1877', 4, '2026-02-09 06:23:44'),
('1509900585511', '5511', 4, '2026-02-09 06:23:44'),
('1509900592577', '2577', 4, '2026-02-09 06:23:44'),
('1509900616522', '6522', 4, '2026-02-09 06:23:44'),
('1509900623600', '3600', 4, '2026-02-09 06:23:44'),
('1509900635217', '5217', 4, '2026-02-09 06:23:44'),
('1509900659353', '9353', 4, '2026-02-09 06:23:44'),
('1509900667640', '7640', 4, '2026-02-09 06:23:44'),
('1509900691176', '1176', 4, '2026-02-09 06:23:44'),
('1509900715245', '5245', 4, '2026-02-09 06:23:44'),
('1509900741831', '1831', 4, '2026-02-09 06:23:44'),
('1509900766672', '6672', 4, '2026-02-09 06:23:44'),
('1509900800005', '0005', 4, '2026-02-09 06:23:44'),
('1509900840635', '0635', 4, '2026-02-09 06:23:44'),
('1509900859123', '9123', 4, '2026-02-09 06:23:44'),
('1509900935083', '5083', 4, '2026-02-09 06:23:44'),
('1509900983240', '3240', 4, '2026-02-09 06:23:44'),
('1509900989451', '9451', 4, '2026-02-09 06:23:44'),
('1509900996295', '6295', 4, '2026-02-09 06:23:44'),
('1509901018807', '8807', 4, '2026-02-09 06:23:44'),
('1509901023878', '3878', 4, '2026-02-09 06:23:44'),
('1509901025374', '5374', 4, '2026-02-09 06:23:44'),
('1509901028349', '8349', 4, '2026-02-09 06:23:44'),
('1509901033326', '3326', 4, '2026-02-09 06:23:44'),
('1509901050301', '0301', 4, '2026-02-09 06:23:44'),
('1509901081321', '1321', 4, '2026-02-09 06:23:44'),
('1509901112676', '2676', 4, '2026-02-09 06:23:44'),
('1509901112820', '2820', 4, '2026-02-09 06:23:44'),
('1509901119808', '9808', 4, '2026-02-09 06:23:44'),
('1509901125298', '5298', 4, '2026-02-09 06:23:44'),
('1509901125786', '5786', 4, '2026-02-09 06:23:44'),
('1509901158021', '8021', 4, '2026-02-09 06:23:44'),
('1509901161693', '1693', 4, '2026-02-09 06:23:44'),
('1509901164161', '4161', 4, '2026-02-09 06:23:44'),
('1509901165591', '5591', 4, '2026-02-09 06:23:44'),
('1509901165877', '5877', 4, '2026-02-09 06:23:44'),
('1509901184774', '4774', 4, '2026-02-09 06:23:44'),
('1509901187498', '7498', 4, '2026-02-09 06:23:44'),
('1509901197019', '7019', 4, '2026-02-09 06:23:44'),
('1509901208291', '8291', 4, '2026-02-09 06:23:44'),
('1509901209050', '9050', 4, '2026-02-09 06:23:44'),
('1509901213600', '3600', 4, '2026-02-09 06:23:44'),
('1509901217516', '7516', 4, '2026-02-09 06:23:44'),
('1509901218768', '8768', 4, '2026-02-09 06:23:44'),
('1509901258255', '8255', 4, '2026-02-09 06:23:44'),
('1509901266347', '6347', 4, '2026-02-09 06:23:44'),
('1509901309003', '9003', 4, '2026-02-09 06:23:44'),
('1509901325050', '5050', 4, '2026-02-09 06:23:44'),
('1509901326731', '6731', 4, '2026-02-09 06:23:44'),
('1509901329578', '9578', 4, '2026-02-09 06:23:44'),
('1509901337325', '7325', 4, '2026-02-09 06:23:44'),
('1509901343759', '3759', 4, '2026-02-09 06:23:44'),
('1509901372376', '2376', 4, '2026-02-09 06:23:44'),
('1509901388167', '8167', 4, '2026-02-09 06:23:44'),
('1509901388868', '8868', 4, '2026-02-09 06:23:44'),
('1509901399479', '9479', 4, '2026-02-09 06:23:44'),
('1509901419666', '9666', 4, '2026-02-09 06:23:44'),
('1509901440339', '0339', 4, '2026-02-09 06:23:44'),
('1509901455671', '5671', 4, '2026-02-09 06:23:44'),
('1509901473741', '3741', 4, '2026-02-09 06:23:44'),
('1509901504370', '4370', 4, '2026-02-09 06:23:44'),
('1509901516068', '6068', 4, '2026-02-09 06:23:44'),
('1509901531962', '1962', 4, '2026-02-09 06:23:44'),
('1509901577806', '7806', 4, '2026-02-09 06:23:44'),
('1509901594867', '4867', 4, '2026-02-09 06:23:44'),
('1509901614884', '4884', 4, '2026-02-09 06:23:44'),
('1509901621945', '1945', 4, '2026-02-09 06:23:44'),
('1509901644201', '4201', 4, '2026-02-09 06:23:44'),
('1509901650210', '0210', 4, '2026-02-09 06:23:44'),
('1509901674879', '4879', 4, '2026-02-09 06:23:44'),
('1509901714731', '4731', 4, '2026-02-09 06:23:44'),
('1509901721109', '1109', 4, '2026-02-09 06:23:44'),
('1509901739253', '9253', 4, '2026-02-09 06:23:44'),
('1509960002962', '2962', 4, '2026-02-09 06:23:44'),
('1509963017537', '7537', 4, '2026-02-09 06:23:44'),
('1509963050747', '0747', 4, '2026-02-09 06:23:44'),
('1509963061862', '1862', 4, '2026-02-09 06:23:44'),
('1509966014458', '4458', 4, '2026-02-09 06:23:44'),
('1509966121700', '1700', 4, '2026-02-09 06:23:44'),
('1509970057859', '7859', 4, '2026-02-09 06:23:44'),
('1509970127911', '7911', 4, '2026-02-09 06:23:44'),
('1509970132303', '2303', 4, '2026-02-09 06:23:44'),
('1510100001878', '1878', 4, '2026-02-09 06:23:44'),
('1510100004320', '4320', 4, '2026-02-09 06:23:44'),
('1510100004486', '4486', 4, '2026-02-09 06:23:44'),
('1510100005423', '5423', 4, '2026-02-09 06:23:44'),
('1510100006071', '6071', 4, '2026-02-09 06:23:44'),
('1510100006870', '6870', 4, '2026-02-09 06:23:44'),
('1510100008066', '8066', 4, '2026-02-09 06:23:44'),
('1510100011393', '1393', 4, '2026-02-09 06:23:44'),
('1510100013876', '3876', 4, '2026-02-09 06:23:44'),
('1510100013965', '3965', 4, '2026-02-09 06:23:44'),
('1510100019572', '9572', 4, '2026-02-09 06:23:44'),
('1510100021984', '1984', 4, '2026-02-09 06:23:44'),
('1510100022263', '2263', 4, '2026-02-09 06:23:44'),
('1510100022638', '2638', 4, '2026-02-09 06:23:44'),
('1510100022883', '2883', 4, '2026-02-09 06:23:44'),
('1510100024525', '4525', 4, '2026-02-09 06:23:44'),
('1510100026188', '6188', 4, '2026-02-09 06:23:44'),
('1510100028261', '8261', 4, '2026-02-09 06:23:44'),
('1510100055315', '5315', 4, '2026-02-09 06:23:44'),
('1510100116659', '6659', 4, '2026-02-09 06:23:44'),
('1510100121890', '1890', 4, '2026-02-09 06:23:44'),
('1510100121954', '1954', 4, '2026-02-09 06:23:44'),
('1510100129599', '9599', 4, '2026-02-09 06:23:44'),
('1510100144342', '4342', 4, '2026-02-09 06:23:44'),
('1510100153490', '3490', 4, '2026-02-09 06:23:44'),
('1510100156103', '6103', 4, '2026-02-09 06:23:44'),
('1510100166231', '6231', 4, '2026-02-09 06:23:44'),
('1510100166702', '6702', 4, '2026-02-09 06:23:44'),
('1510100173661', '3661', 4, '2026-02-09 06:23:44'),
('1510100190280', '0280', 4, '2026-02-09 06:23:44'),
('1510100195907', '5907', 4, '2026-02-09 06:23:44'),
('1510100204981', '4981', 4, '2026-02-09 06:23:44'),
('1510100208090', '8090', 4, '2026-02-09 06:23:44'),
('1510100210388', '0388', 4, '2026-02-09 06:23:44'),
('1510100212895', '2895', 4, '2026-02-09 06:23:44'),
('1510100216181', '6181', 4, '2026-02-09 06:23:44'),
('1510100219903', '9903', 4, '2026-02-09 06:23:44'),
('1510100220103', '0103', 4, '2026-02-09 06:23:44'),
('1510100223692', '3692', 4, '2026-02-09 06:23:44'),
('1510100225296', '5296', 4, '2026-02-09 06:23:44'),
('1510100228660', '8660', 4, '2026-02-09 06:23:44'),
('1510100242646', '2646', 4, '2026-02-09 06:23:44'),
('1510100246404', '6404', 4, '2026-02-09 06:23:44'),
('1510100256141', '6141', 4, '2026-02-09 06:23:44'),
('1510100259271', '9271', 4, '2026-02-09 06:23:44'),
('1510100260521', '0521', 4, '2026-02-09 06:23:44'),
('1510100263457', '3457', 4, '2026-02-09 06:23:44'),
('1510100271417', '1417', 4, '2026-02-09 06:23:44'),
('1510100273002', '3002', 4, '2026-02-09 06:23:44'),
('1510100274378', '4378', 4, '2026-02-09 06:23:44'),
('1510100278829', '8829', 4, '2026-02-09 06:23:44'),
('1510100299532', '9532', 4, '2026-02-09 06:23:44'),
('1510100300727', '0727', 4, '2026-02-09 06:23:44'),
('1510100310447', '0447', 4, '2026-02-09 06:23:44'),
('1510100310510', '0510', 4, '2026-02-09 06:23:44'),
('1510100338031', '8031', 4, '2026-02-09 06:23:44'),
('1510200004259', '4259', 4, '2026-02-09 06:23:44'),
('1510200051290', '1290', 4, '2026-02-09 06:23:44'),
('1510200073099', '3099', 4, '2026-02-09 06:23:44'),
('1510200074338', '4338', 4, '2026-02-09 06:23:44'),
('1510300005249', '5249', 4, '2026-02-09 06:23:44'),
('1510300079901', '9901', 4, '2026-02-09 06:23:44'),
('1510400001636', '1636', 4, '2026-02-09 06:23:44'),
('1510400003582', '3582', 4, '2026-02-09 06:23:44'),
('1510400009131', '9131', 4, '2026-02-09 06:23:44'),
('1510400015629', '5629', 4, '2026-02-09 06:23:44'),
('1510400017176', '7176', 4, '2026-02-09 06:23:44'),
('1510400018181', '8181', 4, '2026-02-09 06:23:44'),
('1510400018822', '8822', 4, '2026-02-09 06:23:44'),
('1510400089835', '9835', 4, '2026-02-09 06:23:44'),
('1510400089983', '9983', 4, '2026-02-09 06:23:44'),
('1510400092895', '2895', 4, '2026-02-09 06:23:44'),
('1510400094251', '4251', 4, '2026-02-09 06:23:44'),
('1510400095592', '5592', 4, '2026-02-09 06:23:44'),
('1510400100910', '0910', 4, '2026-02-09 06:23:44'),
('1510400103137', '3137', 4, '2026-02-09 06:23:44'),
('1510400106101', '6101', 4, '2026-02-09 06:23:44'),
('1510400112560', '2560', 4, '2026-02-09 06:23:44'),
('1510400120643', '0643', 4, '2026-02-09 06:23:44'),
('1510400132927', '2927', 4, '2026-02-09 06:23:44'),
('1510400136787', '6787', 4, '2026-02-09 06:23:44'),
('1510400140253', '0253', 4, '2026-02-09 06:23:44'),
('1510400142752', '2752', 4, '2026-02-09 06:23:44'),
('1510400144003', '4003', 4, '2026-02-09 06:23:44'),
('1510400146740', '6740', 4, '2026-02-09 06:23:44'),
('1510400147941', '7941', 4, '2026-02-09 06:23:44'),
('1510400150305', '0305', 4, '2026-02-09 06:23:44'),
('1510400150771', '0771', 4, '2026-02-09 06:23:44'),
('1510400158624', '8624', 4, '2026-02-09 06:23:44'),
('1510400163598', '3598', 4, '2026-02-09 06:23:44'),
('1510400168280', '8280', 4, '2026-02-09 06:23:44'),
('1510400172023', '2023', 4, '2026-02-09 06:23:44'),
('1510400183408', '3408', 4, '2026-02-09 06:23:44'),
('1510490000855', '0855', 4, '2026-02-09 06:23:44'),
('1510500001751', '1751', 4, '2026-02-09 06:23:44'),
('1510500001875', '1875', 4, '2026-02-09 06:23:44'),
('1510500004432', '4432', 4, '2026-02-09 06:23:44'),
('1510500005625', '5625', 4, '2026-02-09 06:23:44'),
('1510500038655', '8655', 4, '2026-02-09 06:23:44'),
('1510500050175', '0175', 4, '2026-02-09 06:23:44'),
('1510500051155', '1155', 4, '2026-02-09 06:23:44'),
('1510500053191', '3191', 4, '2026-02-09 06:23:44'),
('1510500056939', '6939', 4, '2026-02-09 06:23:44'),
('1510600001281', '1281', 4, '2026-02-09 06:23:44'),
('1510600002067', '2067', 4, '2026-02-09 06:23:44'),
('1510600004736', '4736', 4, '2026-02-09 06:23:44'),
('1510600005384', '5384', 4, '2026-02-09 06:23:44'),
('1510600051050', '1050', 4, '2026-02-09 06:23:44'),
('1510600077954', '7954', 4, '2026-02-09 06:23:44'),
('1510600083563', '3563', 4, '2026-02-09 06:23:44'),
('1510600084241', '4241', 4, '2026-02-09 06:23:44'),
('1510600084292', '4292', 4, '2026-02-09 06:23:44'),
('1520100013566', '3566', 4, '2026-02-09 06:23:44'),
('1520100083670', '3670', 4, '2026-02-09 06:23:44'),
('1520100086351', '6351', 4, '2026-02-09 06:23:44'),
('1520100086849', '6849', 4, '2026-02-09 06:23:44'),
('1520100095015', '5015', 4, '2026-02-09 06:23:44'),
('1520100095040', '5040', 4, '2026-02-09 06:23:44'),
('1520100108001', '8001', 4, '2026-02-09 06:23:44'),
('1520100114168', '4168', 4, '2026-02-09 06:23:44'),
('1520100118724', '8724', 4, '2026-02-09 06:23:44'),
('1520100122888', '2888', 4, '2026-02-09 06:23:44'),
('1520100125232', '5232', 4, '2026-02-09 06:23:44'),
('1520100126263', '6263', 4, '2026-02-09 06:23:44'),
('1520100128991', '8991', 4, '2026-02-09 06:23:44'),
('1520190000043', '0043', 4, '2026-02-09 06:23:44'),
('1520190002241', '2241', 4, '2026-02-09 06:23:44'),
('1520190004031', '4031', 4, '2026-02-09 06:23:44'),
('1520200033615', '3615', 4, '2026-02-09 06:23:44'),
('1520200043319', '3319', 4, '2026-02-09 06:23:44'),
('1520300055777', '5777', 4, '2026-02-09 06:23:44'),
('1520400001377', '1377', 4, '2026-02-09 06:23:44'),
('1520400003388', '3388', 4, '2026-02-09 06:23:44'),
('1520400034046', '4046', 4, '2026-02-09 06:23:44'),
('1520400035140', '5140', 4, '2026-02-09 06:23:44'),
('1520400039773', '9773', 4, '2026-02-09 06:23:44'),
('1520400046931', '6931', 4, '2026-02-09 06:23:44'),
('1520400051722', '1722', 4, '2026-02-09 06:23:44'),
('1520500007679', '7679', 4, '2026-02-09 06:23:44'),
('1520500009914', '9914', 4, '2026-02-09 06:23:44'),
('1520500013903', '3903', 4, '2026-02-09 06:23:44'),
('1520500053956', '3956', 4, '2026-02-09 06:23:44'),
('1520500057030', '7030', 4, '2026-02-09 06:23:44'),
('1520500064524', '4524', 4, '2026-02-09 06:23:44'),
('1520500064583', '4583', 4, '2026-02-09 06:23:44'),
('1520500066578', '6578', 4, '2026-02-09 06:23:44'),
('1520500088385', '8385', 4, '2026-02-09 06:23:44'),
('1520500101284', '1284', 4, '2026-02-09 06:23:44'),
('1520500106839', '6839', 4, '2026-02-09 06:23:44'),
('1520500115579', '5579', 4, '2026-02-09 06:23:44'),
('1520590004267', '4267', 4, '2026-02-09 06:23:44'),
('1520600007255', '7255', 4, '2026-02-09 06:23:44'),
('1520600008286', '8286', 4, '2026-02-09 06:23:44'),
('1520600032179', '2179', 4, '2026-02-09 06:23:44'),
('1520600033591', '3591', 4, '2026-02-09 06:23:44'),
('1520600036859', '6859', 4, '2026-02-09 06:23:44'),
('1520600038690', '8690', 4, '2026-02-09 06:23:44'),
('1520600047923', '7923', 4, '2026-02-09 06:23:44'),
('1520600062655', '2655', 4, '2026-02-09 06:23:44'),
('1520600066243', '6243', 4, '2026-02-09 06:23:44'),
('1520600073363', '3363', 4, '2026-02-09 06:23:44'),
('1520600076478', '6478', 4, '2026-02-09 06:23:44'),
('1520600080114', '0114', 4, '2026-02-09 06:23:44'),
('1520600086767', '6767', 4, '2026-02-09 06:23:44'),
('1520600090543', '0543', 4, '2026-02-09 06:23:44'),
('1520601128277', '8277', 4, '2026-02-09 06:23:44'),
('1520700002077', '2077', 4, '2026-02-09 06:23:44'),
('1520700003987', '3987', 4, '2026-02-09 06:23:44'),
('1520700004428', '4428', 4, '2026-02-09 06:23:44'),
('1520700007290', '7290', 4, '2026-02-09 06:23:44'),
('1520700010452', '0452', 4, '2026-02-09 06:23:44'),
('1520700016141', '6141', 4, '2026-02-09 06:23:44'),
('1520700051370', '1370', 4, '2026-02-09 06:23:44'),
('1520700055553', '5553', 4, '2026-02-09 06:23:44'),
('1520700058820', '8820', 4, '2026-02-09 06:23:44'),
('1520700059826', '9826', 4, '2026-02-09 06:23:44'),
('1520700060549', '0549', 4, '2026-02-09 06:23:44'),
('1520700064200', '4200', 4, '2026-02-09 06:23:44'),
('1520700067012', '7012', 4, '2026-02-09 06:23:44'),
('1520700072024', '2024', 4, '2026-02-09 06:23:44'),
('1520700076011', '6011', 4, '2026-02-09 06:23:44'),
('1520700078243', '8243', 4, '2026-02-09 06:23:44'),
('1520700080485', '0485', 4, '2026-02-09 06:23:44'),
('1520700083409', '3409', 4, '2026-02-09 06:23:44'),
('1520700087111', '7111', 4, '2026-02-09 06:23:44'),
('1520700089652', '9652', 4, '2026-02-09 06:23:44'),
('1520700091177', '1177', 4, '2026-02-09 06:23:44'),
('1520700101938', '1938', 4, '2026-02-09 06:23:44'),
('1520700106387', '6387', 4, '2026-02-09 06:23:44'),
('1520700111453', '1453', 4, '2026-02-09 06:23:44'),
('1520700116617', '6617', 4, '2026-02-09 06:23:44'),
('1520800003440', '3440', 4, '2026-02-09 06:23:44'),
('1520800008042', '8042', 4, '2026-02-09 06:23:44'),
('1520800054931', '4931', 4, '2026-02-09 06:23:44'),
('1520800057060', '7060', 4, '2026-02-09 06:23:44'),
('1520800060524', '0524', 4, '2026-02-09 06:23:44'),
('1520800061229', '1229', 4, '2026-02-09 06:23:44'),
('1520800061440', '1440', 4, '2026-02-09 06:23:44'),
('1520800063949', '3949', 4, '2026-02-09 06:23:44'),
('1520800066832', '6832', 4, '2026-02-09 06:23:44'),
('1520800067251', '7251', 4, '2026-02-09 06:23:44'),
('1520800068428', '8428', 4, '2026-02-09 06:23:44'),
('1520800082161', '2161', 4, '2026-02-09 06:23:44'),
('1520800104068', '4068', 4, '2026-02-09 06:23:44'),
('1520800109388', '9388', 4, '2026-02-09 06:23:44'),
('1520800128293', '8293', 4, '2026-02-09 06:23:44'),
('1520800138248', '8248', 4, '2026-02-09 06:23:44'),
('1520890000810', '0810', 4, '2026-02-09 06:23:44'),
('1520900012181', '2181', 4, '2026-02-09 06:23:44'),
('1521000004434', '4434', 4, '2026-02-09 06:23:44'),
('1521000006208', '6208', 4, '2026-02-09 06:23:44'),
('1521000006721', '6721', 4, '2026-02-09 06:23:44'),
('1521000006739', '6739', 4, '2026-02-09 06:23:44'),
('1521000060989', '0989', 4, '2026-02-09 06:23:44'),
('1521000061365', '1365', 4, '2026-02-09 06:23:44'),
('1521000070267', '0267', 4, '2026-02-09 06:23:44'),
('1521100002760', '2760', 4, '2026-02-09 06:23:44'),
('1521100003111', '3111', 4, '2026-02-09 06:23:44'),
('1521100040483', '0483', 4, '2026-02-09 06:23:44'),
('1521100042842', '2842', 4, '2026-02-09 06:23:44'),
('1521100048433', '8433', 4, '2026-02-09 06:23:44'),
('1521100050217', '0217', 4, '2026-02-09 06:23:44'),
('1521200001536', '1536', 4, '2026-02-09 06:23:44'),
('1521200031303', '1303', 4, '2026-02-09 06:23:44'),
('1521200040531', '0531', 4, '2026-02-09 06:23:44'),
('1521200044545', '4545', 4, '2026-02-09 06:23:44'),
('1521200047986', '7986', 4, '2026-02-09 06:23:44'),
('1521300002933', '2933', 4, '2026-02-09 06:23:44'),
('1521300004600', '4600', 4, '2026-02-09 06:23:44'),
('1521300006327', '6327', 4, '2026-02-09 06:23:44'),
('1521300036854', '6854', 4, '2026-02-09 06:23:44'),
('1521300037729', '7729', 4, '2026-02-09 06:23:44'),
('1521300038563', '8563', 4, '2026-02-09 06:23:44'),
('1521300042081', '2081', 4, '2026-02-09 06:23:44'),
('1521300044822', '4822', 4, '2026-02-09 06:23:44'),
('1521300045365', '5365', 4, '2026-02-09 06:23:44'),
('1529900002435', '2435', 4, '2026-02-09 06:23:44'),
('1529900008336', '8336', 4, '2026-02-09 06:23:44'),
('1529900008441', '8441', 4, '2026-02-09 06:23:44'),
('1529900012406', '2406', 4, '2026-02-09 06:23:44'),
('1529900012651', '2651', 4, '2026-02-09 06:23:44'),
('1529900020581', '0581', 4, '2026-02-09 06:23:44'),
('1529900020654', '0654', 4, '2026-02-09 06:23:44'),
('1529900023424', '3424', 4, '2026-02-09 06:23:44'),
('1529900024099', '4099', 4, '2026-02-09 06:23:44'),
('1529900032920', '2920', 4, '2026-02-09 06:23:44'),
('1529900035635', '5635', 4, '2026-02-09 06:23:44'),
('1529900044952', '4952', 4, '2026-02-09 06:23:44'),
('1529900046211', '6211', 4, '2026-02-09 06:23:44'),
('1529900046611', '6611', 4, '2026-02-09 06:23:44'),
('1529900047277', '7277', 4, '2026-02-09 06:23:44'),
('1529900049237', '9237', 4, '2026-02-09 06:23:44'),
('1529900049695', '9695', 4, '2026-02-09 06:23:44'),
('1529900060010', '0010', 4, '2026-02-09 06:23:44'),
('1529900069840', '9840', 4, '2026-02-09 06:23:44'),
('1529900073171', '3171', 4, '2026-02-09 06:23:44'),
('1529900073804', '3804', 4, '2026-02-09 06:23:44'),
('1529900076692', '6692', 4, '2026-02-09 06:23:44'),
('1529900077311', '7311', 4, '2026-02-09 06:23:44'),
('1529900077664', '7664', 4, '2026-02-09 06:23:44'),
('1529900079047', '9047', 4, '2026-02-09 06:23:44'),
('1529900080568', '0568', 4, '2026-02-09 06:23:44'),
('1529900081181', '1181', 4, '2026-02-09 06:23:44'),
('1529900085586', '5586', 4, '2026-02-09 06:23:44'),
('1529900087694', '7694', 4, '2026-02-09 06:23:44'),
('1529900093023', '3023', 4, '2026-02-09 06:23:44'),
('1529900094801', '4801', 4, '2026-02-09 06:23:44'),
('1529900097851', '7851', 4, '2026-02-09 06:23:44'),
('1529900102570', '2570', 4, '2026-02-09 06:23:44'),
('1529900103541', '3541', 4, '2026-02-09 06:23:44'),
('1529900105536', '5536', 4, '2026-02-09 06:23:44'),
('1529900107202', '7202', 4, '2026-02-09 06:23:44'),
('1529900107300', '7300', 4, '2026-02-09 06:23:44'),
('1529900107385', '7385', 4, '2026-02-09 06:23:44'),
('1529900108047', '8047', 4, '2026-02-09 06:23:44'),
('1529900110564', '0564', 4, '2026-02-09 06:23:44'),
('1529900110904', '0904', 4, '2026-02-09 06:23:44'),
('1529900112257', '2257', 4, '2026-02-09 06:23:44'),
('1529900112842', '2842', 4, '2026-02-09 06:23:44'),
('1529900115914', '5914', 4, '2026-02-09 06:23:44'),
('1529900116368', '6368', 4, '2026-02-09 06:23:44'),
('1529900116562', '6562', 4, '2026-02-09 06:23:44'),
('1529900116937', '6937', 4, '2026-02-09 06:23:44'),
('1529900120594', '0594', 4, '2026-02-09 06:23:44'),
('1529900122210', '2210', 4, '2026-02-09 06:23:44'),
('1529900126533', '6533', 4, '2026-02-09 06:23:44'),
('1529900126622', '6622', 4, '2026-02-09 06:23:44'),
('1529900127017', '7017', 4, '2026-02-09 06:23:44'),
('1529900128986', '8986', 4, '2026-02-09 06:23:44'),
('1529900133947', '3947', 4, '2026-02-09 06:23:44'),
('1529900136075', '6075', 4, '2026-02-09 06:23:44'),
('1529900137306', '7306', 4, '2026-02-09 06:23:44'),
('1529900137721', '7721', 4, '2026-02-09 06:23:44'),
('1529900137900', '7900', 4, '2026-02-09 06:23:44'),
('1529900140447', '0447', 4, '2026-02-09 06:23:44'),
('1529900142075', '2075', 4, '2026-02-09 06:23:44'),
('1529900142369', '2369', 4, '2026-02-09 06:23:44'),
('1529900142946', '2946', 4, '2026-02-09 06:23:44'),
('1529900178053', '8053', 4, '2026-02-09 06:23:44'),
('1529900179131', '9131', 4, '2026-02-09 06:23:44'),
('1529900179912', '9912', 4, '2026-02-09 06:23:44'),
('1529900183294', '3294', 4, '2026-02-09 06:23:44'),
('1529900184754', '4754', 4, '2026-02-09 06:23:44'),
('1529900185661', '5661', 4, '2026-02-09 06:23:44'),
('1529900188946', '8946', 4, '2026-02-09 06:23:44'),
('1529900190924', '0924', 4, '2026-02-09 06:23:44'),
('1529900190983', '0983', 4, '2026-02-09 06:23:44'),
('1529900191149', '1149', 4, '2026-02-09 06:23:44'),
('1529900191467', '1467', 4, '2026-02-09 06:23:44'),
('1529900192498', '2498', 4, '2026-02-09 06:23:44'),
('1529900199107', '9107', 4, '2026-02-09 06:23:44'),
('1529900207398', '7398', 4, '2026-02-09 06:23:44'),
('1529900209013', '9013', 4, '2026-02-09 06:23:44'),
('1529900209986', '9986', 4, '2026-02-09 06:23:44'),
('1529900210194', '0194', 4, '2026-02-09 06:23:44'),
('1529900210208', '0208', 4, '2026-02-09 06:23:44'),
('1529900212251', '2251', 4, '2026-02-09 06:23:44'),
('1529900215048', '5048', 4, '2026-02-09 06:23:44'),
('1529900218489', '8489', 4, '2026-02-09 06:23:44'),
('1529900221111', '1111', 4, '2026-02-09 06:23:44'),
('1529900224055', '4055', 4, '2026-02-09 06:23:44'),
('1529900224390', '4390', 4, '2026-02-09 06:23:44'),
('1529900232767', '2767', 4, '2026-02-09 06:23:44'),
('1529900237521', '7521', 4, '2026-02-09 06:23:44'),
('1529900237564', '7564', 4, '2026-02-09 06:23:44'),
('1529900242622', '2622', 4, '2026-02-09 06:23:44'),
('1529900243181', '3181', 4, '2026-02-09 06:23:44'),
('1529900244366', '4366', 4, '2026-02-09 06:23:44'),
('1529900249261', '9261', 4, '2026-02-09 06:23:44'),
('1529900250803', '0803', 4, '2026-02-09 06:23:44'),
('1529900258979', '8979', 4, '2026-02-09 06:23:44'),
('1529900264391', '4391', 4, '2026-02-09 06:23:44'),
('1529900268214', '8214', 4, '2026-02-09 06:23:44'),
('1529900270499', '0499', 4, '2026-02-09 06:23:44'),
('1529900272823', '2823', 4, '2026-02-09 06:23:44'),
('1529900275474', '5474', 4, '2026-02-09 06:23:44'),
('1529900276594', '6594', 4, '2026-02-09 06:23:44'),
('1529900280168', '0168', 4, '2026-02-09 06:23:44'),
('1529900285194', '5194', 4, '2026-02-09 06:23:44'),
('1529900287235', '7235', 4, '2026-02-09 06:23:44'),
('1529900295581', '5581', 4, '2026-02-09 06:23:44'),
('1529900301238', '1238', 4, '2026-02-09 06:23:44'),
('1529900309611', '9611', 4, '2026-02-09 06:23:44'),
('1529900310920', '0920', 4, '2026-02-09 06:23:44'),
('1529900311799', '1799', 4, '2026-02-09 06:23:44'),
('1529900315476', '5476', 4, '2026-02-09 06:23:44'),
('1529900324459', '4459', 4, '2026-02-09 06:23:44'),
('1529900327075', '7075', 4, '2026-02-09 06:23:44'),
('1529900328004', '8004', 4, '2026-02-09 06:23:44'),
('1529900332737', '2737', 4, '2026-02-09 06:23:44'),
('1529900335574', '5574', 4, '2026-02-09 06:23:44'),
('1529900342325', '2325', 4, '2026-02-09 06:23:44'),
('1529900342406', '2406', 4, '2026-02-09 06:23:44'),
('1529900346576', '6576', 4, '2026-02-09 06:23:44'),
('1529900353459', '3459', 4, '2026-02-09 06:23:44'),
('1529900357217', '7217', 4, '2026-02-09 06:23:44'),
('1529900370701', '0701', 4, '2026-02-09 06:23:44'),
('1529900371708', '1708', 4, '2026-02-09 06:23:44'),
('1529900372551', '2551', 4, '2026-02-09 06:23:44'),
('1529900374057', '4057', 4, '2026-02-09 06:23:44'),
('1529900375622', '5622', 4, '2026-02-09 06:23:44'),
('1529900379083', '9083', 4, '2026-02-09 06:23:44'),
('1529900388171', '8171', 4, '2026-02-09 06:23:44'),
('1529900400414', '0414', 4, '2026-02-09 06:23:44'),
('1529900404771', '4771', 4, '2026-02-09 06:23:44'),
('1529900406374', '6374', 4, '2026-02-09 06:23:44'),
('1529900419085', '9085', 4, '2026-02-09 06:23:44'),
('1529900422191', '2191', 4, '2026-02-09 06:23:44'),
('1529900423252', '3252', 4, '2026-02-09 06:23:44'),
('1529900423821', '3821', 4, '2026-02-09 06:23:44'),
('1529900424569', '4569', 4, '2026-02-09 06:23:44'),
('1529900425271', '5271', 4, '2026-02-09 06:23:44'),
('1529900430631', '0631', 4, '2026-02-09 06:23:44'),
('1529900438128', '8128', 4, '2026-02-09 06:23:44'),
('1529900438934', '8934', 4, '2026-02-09 06:23:44'),
('1529900439744', '9744', 4, '2026-02-09 06:23:44'),
('1529900439965', '9965', 4, '2026-02-09 06:23:44'),
('1529900440050', '0050', 4, '2026-02-09 06:23:44'),
('1529900448662', '8662', 4, '2026-02-09 06:23:44'),
('1529900449472', '9472', 4, '2026-02-09 06:23:44'),
('1529900454409', '4409', 4, '2026-02-09 06:23:44'),
('1529900463521', '3521', 4, '2026-02-09 06:23:44'),
('1529900474931', '4931', 4, '2026-02-09 06:23:44'),
('1529900479061', '9061', 4, '2026-02-09 06:23:44'),
('1529900485223', '5223', 4, '2026-02-09 06:23:44'),
('1529900490511', '0511', 4, '2026-02-09 06:23:44'),
('1529900496195', '6195', 4, '2026-02-09 06:23:44'),
('1529900501971', '1971', 4, '2026-02-09 06:23:44'),
('1529900510511', '0511', 4, '2026-02-09 06:23:44'),
('1529900517001', '7001', 4, '2026-02-09 06:23:44'),
('1529900522307', '2307', 4, '2026-02-09 06:23:44'),
('1529900526256', '6256', 4, '2026-02-09 06:23:44'),
('1529900527074', '7074', 4, '2026-02-09 06:23:44'),
('1529900527783', '7783', 4, '2026-02-09 06:23:44'),
('1529900528836', '8836', 4, '2026-02-09 06:23:44'),
('1529900531233', '1233', 4, '2026-02-09 06:23:44'),
('1529900538718', '8718', 4, '2026-02-09 06:23:44'),
('1529900546982', '6982', 4, '2026-02-09 06:23:44'),
('1529900554454', '4454', 4, '2026-02-09 06:23:44'),
('1529900555906', '5906', 4, '2026-02-09 06:23:44'),
('1529900576628', '6628', 4, '2026-02-09 06:23:44'),
('1529900576733', '6733', 4, '2026-02-09 06:23:44'),
('1529900577225', '7225', 4, '2026-02-09 06:23:44'),
('1529900583055', '3055', 4, '2026-02-09 06:23:44'),
('1529900584248', '4248', 4, '2026-02-09 06:23:44'),
('1529900588120', '8120', 4, '2026-02-09 06:23:44'),
('1529900588936', '8936', 4, '2026-02-09 06:23:44'),
('1529900590299', '0299', 4, '2026-02-09 06:23:44'),
('1529900594995', '4995', 4, '2026-02-09 06:23:44'),
('1529900595355', '5355', 4, '2026-02-09 06:23:44'),
('1529900595495', '5495', 4, '2026-02-09 06:23:44'),
('1529900596416', '6416', 4, '2026-02-09 06:23:44'),
('1529900596505', '6505', 4, '2026-02-09 06:23:44'),
('1529900598559', '8559', 4, '2026-02-09 06:23:44'),
('1529900599202', '9202', 4, '2026-02-09 06:23:44'),
('1529900601681', '1681', 4, '2026-02-09 06:23:44'),
('1529900601983', '1983', 4, '2026-02-09 06:23:44'),
('1529900605831', '5831', 4, '2026-02-09 06:23:44'),
('1529900607582', '7582', 4, '2026-02-09 06:23:44'),
('1529900611725', '1725', 4, '2026-02-09 06:23:44'),
('1529900614112', '4112', 4, '2026-02-09 06:23:44'),
('1529900614201', '4201', 4, '2026-02-09 06:23:44'),
('1529900614503', '4503', 4, '2026-02-09 06:23:44'),
('1529900614589', '4589', 4, '2026-02-09 06:23:44'),
('1529900615828', '5828', 4, '2026-02-09 06:23:44'),
('1529900618002', '8002', 4, '2026-02-09 06:23:44'),
('1529900618851', '8851', 4, '2026-02-09 06:23:44'),
('1529900619947', '9947', 4, '2026-02-09 06:23:44'),
('1529900621178', '1178', 4, '2026-02-09 06:23:44'),
('1529900621526', '1526', 4, '2026-02-09 06:23:44'),
('1529900622492', '2492', 4, '2026-02-09 06:23:44'),
('1529900627117', '7117', 4, '2026-02-09 06:23:44'),
('1529900627478', '7478', 4, '2026-02-09 06:23:44'),
('1529900627877', '7877', 4, '2026-02-09 06:23:44'),
('1529900629390', '9390', 4, '2026-02-09 06:23:44'),
('1529900632536', '2536', 4, '2026-02-09 06:23:44'),
('1529900636655', '6655', 4, '2026-02-09 06:23:44'),
('1529900642060', '2060', 4, '2026-02-09 06:23:44'),
('1529900644259', '4259', 4, '2026-02-09 06:23:44'),
('1529900647819', '7819', 4, '2026-02-09 06:23:44'),
('1529900649561', '9561', 4, '2026-02-09 06:23:44'),
('1529900656044', '6044', 4, '2026-02-09 06:23:44'),
('1529900665906', '5906', 4, '2026-02-09 06:23:44'),
('1529900670756', '0756', 4, '2026-02-09 06:23:44'),
('1529900674212', '4212', 4, '2026-02-09 06:23:44'),
('1529900678129', '8129', 4, '2026-02-09 06:23:44'),
('1529900686121', '6121', 4, '2026-02-09 06:23:44'),
('1529900687616', '7616', 4, '2026-02-09 06:23:44'),
('1529900691737', '1737', 4, '2026-02-09 06:23:44'),
('1529900695104', '5104', 4, '2026-02-09 06:23:44'),
('1529900695856', '5856', 4, '2026-02-09 06:23:44'),
('1529900696534', '6534', 4, '2026-02-09 06:23:44'),
('1529900699509', '9509', 4, '2026-02-09 06:23:44'),
('1529900700795', '0795', 4, '2026-02-09 06:23:44'),
('1529900717167', '7167', 4, '2026-02-09 06:23:44'),
('1529900717841', '7841', 4, '2026-02-09 06:23:44'),
('1529900719186', '9186', 4, '2026-02-09 06:23:44'),
('1529900725526', '5526', 4, '2026-02-09 06:23:44'),
('1529900732841', '2841', 4, '2026-02-09 06:23:44'),
('1529900734703', '4703', 4, '2026-02-09 06:23:44'),
('1529900735947', '5947', 4, '2026-02-09 06:23:44'),
('1529900741611', '1611', 4, '2026-02-09 06:23:44'),
('1529900743486', '3486', 4, '2026-02-09 06:23:44'),
('1529900757720', '7720', 4, '2026-02-09 06:23:44'),
('1529900763525', '3525', 4, '2026-02-09 06:23:44'),
('1529900765315', '5315', 4, '2026-02-09 06:23:44'),
('1529900765536', '5536', 4, '2026-02-09 06:23:44'),
('1529900767857', '7857', 4, '2026-02-09 06:23:44'),
('1529900770777', '0777', 4, '2026-02-09 06:23:44'),
('1529900778964', '8964', 4, '2026-02-09 06:23:44'),
('1529900780217', '0217', 4, '2026-02-09 06:23:44'),
('1529900792347', '2347', 4, '2026-02-09 06:23:44'),
('1529900793149', '3149', 4, '2026-02-09 06:23:44'),
('1529900800145', '0145', 4, '2026-02-09 06:23:44'),
('1529900801443', '1443', 4, '2026-02-09 06:23:44'),
('1529900807751', '7751', 4, '2026-02-09 06:23:44'),
('1529900821142', '1142', 4, '2026-02-09 06:23:44'),
('1529900827833', '7833', 4, '2026-02-09 06:23:44'),
('1529900850550', '0550', 4, '2026-02-09 06:23:44'),
('1529900853290', '3290', 4, '2026-02-09 06:23:44'),
('1529900858151', '8151', 4, '2026-02-09 06:23:44'),
('1529900871565', '1565', 4, '2026-02-09 06:23:44'),
('1529900873070', '3070', 4, '2026-02-09 06:23:44'),
('1529900873312', '3312', 4, '2026-02-09 06:23:44'),
('1529900877300', '7300', 4, '2026-02-09 06:23:44'),
('1529900883792', '3792', 4, '2026-02-09 06:23:44'),
('1529900888433', '8433', 4, '2026-02-09 06:23:44'),
('1529900890012', '0012', 4, '2026-02-09 06:23:44'),
('1529900897009', '7009', 4, '2026-02-09 06:23:44'),
('1529900902673', '2673', 4, '2026-02-09 06:23:44'),
('1529900903629', '3629', 4, '2026-02-09 06:23:44'),
('1529900906580', '6580', 4, '2026-02-09 06:23:44'),
('1529900912369', '2369', 4, '2026-02-09 06:23:44'),
('1529900916836', '6836', 4, '2026-02-09 06:23:44'),
('1529900925495', '5495', 4, '2026-02-09 06:23:44'),
('1529900928508', '8508', 4, '2026-02-09 06:23:44'),
('1529900934915', '4915', 4, '2026-02-09 06:23:44'),
('1529900945755', '5755', 4, '2026-02-09 06:23:44'),
('1529900946506', '6506', 4, '2026-02-09 06:23:44'),
('1529900969727', '9727', 4, '2026-02-09 06:23:44'),
('1529900971764', '1764', 4, '2026-02-09 06:23:44'),
('1529900973490', '3490', 4, '2026-02-09 06:23:44'),
('1529900985226', '5226', 4, '2026-02-09 06:23:44'),
('1529900991579', '1579', 4, '2026-02-09 06:23:44'),
('1529900996473', '6473', 4, '2026-02-09 06:23:44'),
('1529901007848', '7848', 4, '2026-02-09 06:23:44'),
('1529901007881', '7881', 4, '2026-02-09 06:23:44'),
('1529901011292', '1292', 4, '2026-02-09 06:23:44'),
('1529901014607', '4607', 4, '2026-02-09 06:23:44'),
('1529902029446', '9446', 4, '2026-02-09 06:23:44'),
('1529902033265', '3265', 4, '2026-02-09 06:23:44'),
('1529902040822', '0822', 4, '2026-02-09 06:23:44'),
('1529902042191', '2191', 4, '2026-02-09 06:23:44'),
('1529902046979', '6979', 4, '2026-02-09 06:23:44'),
('1529902053291', '3291', 4, '2026-02-09 06:23:44'),
('1529902059132', '9132', 4, '2026-02-09 06:23:44'),
('1529902066678', '6678', 4, '2026-02-09 06:23:44'),
('1529902066961', '6961', 4, '2026-02-09 06:23:44'),
('1529902096585', '6585', 4, '2026-02-09 06:23:44'),
('1529990001646', '1646', 4, '2026-02-09 06:23:44'),
('1529990002511', '2511', 4, '2026-02-09 06:23:44'),
('1529990005641', '5641', 4, '2026-02-09 06:23:44'),
('1529990009914', '9914', 4, '2026-02-09 06:23:44'),
('1530600002555', '2555', 4, '2026-02-09 06:23:44'),
('1530700055880', '5880', 4, '2026-02-09 06:23:44'),
('1539900008557', '8557', 4, '2026-02-09 06:23:44'),
('1539900161908', '1908', 4, '2026-02-09 06:23:44'),
('1539900297371', '7371', 4, '2026-02-09 06:23:44'),
('1539900401020', '1020', 4, '2026-02-09 06:23:44'),
('1539900456401', '6401', 4, '2026-02-09 06:23:44'),
('1539900485053', '5053', 4, '2026-02-09 06:23:44'),
('1539900495237', '5237', 4, '2026-02-09 06:23:44'),
('1539900527961', '7961', 4, '2026-02-09 06:23:44'),
('1539900638101', '8101', 4, '2026-02-09 06:23:44'),
('1540300005371', '5371', 4, '2026-02-09 06:23:44'),
('1540300053791', '3791', 4, '2026-02-09 06:23:44'),
('1540300058989', '8989', 4, '2026-02-09 06:23:44'),
('1540300098441', '8441', 4, '2026-02-09 06:23:44'),
('1540400063194', '3194', 4, '2026-02-09 06:23:44'),
('1540700042923', '2923', 4, '2026-02-09 06:23:44'),
('1549900021456', '1456', 4, '2026-02-09 06:23:44'),
('1549900044278', '4278', 4, '2026-02-09 06:23:44'),
('1549900047650', '7650', 4, '2026-02-09 06:23:44'),
('1549900050103', '0103', 4, '2026-02-09 06:23:44'),
('1549900100101', '0101', 4, '2026-02-09 06:23:44'),
('1549900114349', '4349', 4, '2026-02-09 06:23:44'),
('1549900209978', '9978', 4, '2026-02-09 06:23:44'),
('1549900230225', '0225', 4, '2026-02-09 06:23:44'),
('1549900327423', '7423', 4, '2026-02-09 06:23:44'),
('1549900341990', '1990', 4, '2026-02-09 06:23:44'),
('1549900352886', '2886', 4, '2026-02-09 06:23:44'),
('1549900398983', '8983', 4, '2026-02-09 06:23:44'),
('1549900500591', '0591', 4, '2026-02-09 06:23:44'),
('1549900582318', '2318', 4, '2026-02-09 06:23:44'),
('1549900602823', '2823', 4, '2026-02-09 06:23:44'),
('1550200043807', '3807', 4, '2026-02-09 06:23:44'),
('1550400032124', '2124', 4, '2026-02-09 06:23:44'),
('1550500029877', '9877', 4, '2026-02-09 06:23:44'),
('1550500030140', '0140', 4, '2026-02-09 06:23:44'),
('1550500041761', '1761', 4, '2026-02-09 06:23:44'),
('1550500061754', '1754', 4, '2026-02-09 06:23:44'),
('1550500101004', '1004', 4, '2026-02-09 06:23:44'),
('1550700070358', '0358', 4, '2026-02-09 06:23:44'),
('1550700077298', '7298', 4, '2026-02-09 06:23:44'),
('1550700106417', '6417', 4, '2026-02-09 06:23:44'),
('1550700111879', '1879', 4, '2026-02-09 06:23:44'),
('1550800037603', '7603', 4, '2026-02-09 06:23:44'),
('1550900067016', '7016', 4, '2026-02-09 06:23:44'),
('1551000003730', '3730', 4, '2026-02-09 06:23:44'),
('1559900012635', '2635', 4, '2026-02-09 06:23:44'),
('1559900017602', '7602', 4, '2026-02-09 06:23:44'),
('1559900020077', '0077', 4, '2026-02-09 06:23:44'),
('1559900034230', '4230', 4, '2026-02-09 06:23:44'),
('1559900232520', '2520', 4, '2026-02-09 06:23:44'),
('1559900240107', '0107', 4, '2026-02-09 06:23:44'),
('1559900240441', '0441', 4, '2026-02-09 06:23:44'),
('1559900250561', '0561', 4, '2026-02-09 06:23:44'),
('1559900281610', '1610', 4, '2026-02-09 06:23:44'),
('1559900283612', '3612', 4, '2026-02-09 06:23:44'),
('1559900357144', '7144', 4, '2026-02-09 06:23:44'),
('1560100002394', '2394', 4, '2026-02-09 06:23:44'),
('1560100030525', '0525', 4, '2026-02-09 06:23:44'),
('1560100041675', '1675', 4, '2026-02-09 06:23:44'),
('1560100046553', '6553', 4, '2026-02-09 06:23:44'),
('1560100090528', '0528', 4, '2026-02-09 06:23:44'),
('1560100097158', '7158', 4, '2026-02-09 06:23:44'),
('1560100099231', '9231', 4, '2026-02-09 06:23:44'),
('1560100136251', '6251', 4, '2026-02-09 06:23:44'),
('1560100196971', '6971', 4, '2026-02-09 06:23:44'),
('1560100205082', '5082', 4, '2026-02-09 06:23:44'),
('1560100219601', '9601', 4, '2026-02-09 06:23:44'),
('1560100221771', '1771', 4, '2026-02-09 06:23:44'),
('1560100270909', '0909', 4, '2026-02-09 06:23:44'),
('1560100298307', '8307', 4, '2026-02-09 06:23:44'),
('1560100307659', '7659', 4, '2026-02-09 06:23:44'),
('1560101508623', '8623', 4, '2026-02-09 06:23:44'),
('1560300192588', '2588', 4, '2026-02-09 06:23:44'),
('1560300217131', '7131', 4, '2026-02-09 06:23:44'),
('1560300238600', '8600', 4, '2026-02-09 06:23:44'),
('1560300272719', '2719', 4, '2026-02-09 06:23:44'),
('1560300282081', '2081', 4, '2026-02-09 06:23:44'),
('1560300285411', '5411', 4, '2026-02-09 06:23:44'),
('1560300290423', '0423', 4, '2026-02-09 06:23:44'),
('1560500053506', '3506', 4, '2026-02-09 06:23:44'),
('1560600002016', '2016', 4, '2026-02-09 06:23:44'),
('1560700045612', '5612', 4, '2026-02-09 06:23:44'),
('1570100001428', '1428', 4, '2026-02-09 06:23:44'),
('1570300110883', '0883', 4, '2026-02-09 06:23:44'),
('1570400003205', '3205', 4, '2026-02-09 06:23:44'),
('1570500034528', '4528', 4, '2026-02-09 06:23:44'),
('1570500126651', '6651', 4, '2026-02-09 06:23:44'),
('1570500183973', '3973', 4, '2026-02-09 06:23:44'),
('1570700083638', '3638', 4, '2026-02-09 06:23:44'),
('1570700203871', '3871', 4, '2026-02-09 06:23:44'),
('1570900054143', '4143', 4, '2026-02-09 06:23:44'),
('1571000067525', '7525', 4, '2026-02-09 06:23:44'),
('1571100075970', '5970', 4, '2026-02-09 06:23:44'),
('1571100138190', '8190', 4, '2026-02-09 06:23:44'),
('1579900027870', '7870', 4, '2026-02-09 06:23:44'),
('1579900277540', '7540', 4, '2026-02-09 06:23:44'),
('1579900505895', '5895', 4, '2026-02-09 06:23:44'),
('1579900546702', '6702', 4, '2026-02-09 06:23:44'),
('1579900565626', '5626', 4, '2026-02-09 06:23:44'),
('1579900917697', '7697', 4, '2026-02-09 06:23:44'),
('1580400013758', '3758', 4, '2026-02-09 06:23:44'),
('1580400089274', '9274', 4, '2026-02-09 06:23:44'),
('1580400091741', '1741', 4, '2026-02-09 06:23:44'),
('1580400127583', '7583', 4, '2026-02-09 06:23:44'),
('1580400184595', '4595', 4, '2026-02-09 06:23:44'),
('1580401247680', '7680', 4, '2026-02-09 06:23:44'),
('1580500049711', '9711', 4, '2026-02-09 06:23:44'),
('1580500060910', '0910', 4, '2026-02-09 06:23:44'),
('1580600023129', '3129', 4, '2026-02-09 06:23:44'),
('1589900055628', '5628', 4, '2026-02-09 06:23:44'),
('1600100077296', '7296', 4, '2026-02-09 06:23:44'),
('1600100566912', '6912', 4, '2026-02-09 06:23:44'),
('1600101857538', '7538', 4, '2026-02-09 06:23:44'),
('1601100015674', '5674', 4, '2026-02-09 06:23:44'),
('1609900427826', '7826', 4, '2026-02-09 06:23:44'),
('1629900249723', '9723', 4, '2026-02-09 06:23:44'),
('1630400048631', '8631', 4, '2026-02-09 06:23:44'),
('1639800123639', '3639', 4, '2026-02-09 06:23:44'),
('1639800220022', '0022', 4, '2026-02-09 06:23:44'),
('1639900147637', '7637', 4, '2026-02-09 06:23:44'),
('1639900200147', '0147', 4, '2026-02-09 06:23:44'),
('1639900254158', '4158', 4, '2026-02-09 06:23:44'),
('1639900327660', '7660', 4, '2026-02-09 06:23:44'),
('1640100280369', '0369', 4, '2026-02-09 06:23:44'),
('1640200072997', '2997', 4, '2026-02-09 06:23:44'),
('1640400010847', '0847', 4, '2026-02-09 06:23:44'),
('1640600214586', '4586', 4, '2026-02-09 06:23:44'),
('1640900069816', '9816', 4, '2026-02-09 06:23:44'),
('1650101116147', '6147', 4, '2026-02-09 06:23:44'),
('1650400008818', '8818', 4, '2026-02-09 06:23:44'),
('1659900283069', '3069', 4, '2026-02-09 06:23:44'),
('1659900459817', '9817', 4, '2026-02-09 06:23:44'),
('1659900846039', '6039', 4, '2026-02-09 06:23:44'),
('1660100013204', '3204', 4, '2026-02-09 06:23:44'),
('1660600012681', '2681', 4, '2026-02-09 06:23:44'),
('1669800167806', '7806', 4, '2026-02-09 06:23:44'),
('1669900342855', '2855', 4, '2026-02-09 06:23:44'),
('1679900266580', '6580', 4, '2026-02-09 06:23:44'),
('1710100141813', '1813', 4, '2026-02-09 06:23:44'),
('1729900141832', '1832', 4, '2026-02-09 06:23:44'),
('1730600113215', '3215', 4, '2026-02-09 06:23:44'),
('1739900665394', '5394', 4, '2026-02-09 06:23:44'),
('1779900107693', '7693', 4, '2026-02-09 06:23:44'),
('1809900142994', '2994', 4, '2026-02-09 06:23:44'),
('1930300124848', '4848', 4, '2026-02-09 06:23:44'),
('2191100018617', '8617', 4, '2026-02-09 06:23:44'),
('2480200017244', '7244', 4, '2026-02-09 06:23:44'),
('2510100012053', '2053', 4, '2026-02-09 06:23:44'),
('2510400001634', '1634', 4, '2026-02-09 06:23:44'),
('2510400013632', '3632', 4, '2026-02-09 06:23:44'),
('2520400012024', '2024', 4, '2026-02-09 06:23:44'),
('2520700013271', '3271', 4, '2026-02-09 06:23:44'),
('3100904637992', '7992', 4, '2026-02-09 06:23:44'),
('3101202239301', '9301', 4, '2026-02-09 06:23:44'),
('3101501019043', '9043', 4, '2026-02-09 06:23:44'),
('3101600646399', '6399', 4, '2026-02-09 06:23:44'),
('3102000953054', '3054', 4, '2026-02-09 06:23:44'),
('3102101814998', '4998', 4, '2026-02-09 06:23:44'),
('3102200248281', '8281', 4, '2026-02-09 06:23:44'),
('3102400536574', '6574', 4, '2026-02-09 06:23:44'),
('3110400111865', '1865', 4, '2026-02-09 06:23:44'),
('3110400133427', '3427', 4, '2026-02-09 06:23:44'),
('3120600298225', '8225', 4, '2026-02-09 06:23:44'),
('3120600404564', '4564', 4, '2026-02-09 06:23:44'),
('3130100178727', '8727', 4, '2026-02-09 06:23:44'),
('3140200078040', '8040', 4, '2026-02-09 06:23:44'),
('3140200160811', '0811', 4, '2026-02-09 06:23:44'),
('3170400159531', '9531', 4, '2026-02-09 06:23:44'),
('3180400180638', '0638', 4, '2026-02-09 06:23:44'),
('3180500477250', '7250', 4, '2026-02-09 06:23:44'),
('3189900057604', '7604', 4, '2026-02-09 06:23:44'),
('3200200495227', '5227', 4, '2026-02-09 06:23:44'),
('3210100595238', '5238', 4, '2026-02-09 06:23:44'),
('3210400040835', '0835', 4, '2026-02-09 06:23:44'),
('3220100090471', '0471', 4, '2026-02-09 06:23:44'),
('3220300426871', '6871', 4, '2026-02-09 06:23:44'),
('3250200421258', '1258', 4, '2026-02-09 06:23:44'),
('3260300198887', '8887', 4, '2026-02-09 06:23:44'),
('3300200086156', '6156', 4, '2026-02-09 06:23:44'),
('3300600740546', '0546', 4, '2026-02-09 06:23:44'),
('3300700358902', '8902', 4, '2026-02-09 06:23:44'),
('3301400903884', '3884', 4, '2026-02-09 06:23:44'),
('3302000116789', '6789', 4, '2026-02-09 06:23:44'),
('3302000531581', '1581', 4, '2026-02-09 06:23:44'),
('3309901054348', '4348', 4, '2026-02-09 06:23:44'),
('3310400947937', '7937', 4, '2026-02-09 06:23:44'),
('3310700413521', '3521', 4, '2026-02-09 06:23:44'),
('3320101333571', '3571', 4, '2026-02-09 06:23:44'),
('3330200034059', '4059', 4, '2026-02-09 06:23:44'),
('3349700094482', '4482', 4, '2026-02-09 06:23:44'),
('3350300465710', '5710', 4, '2026-02-09 06:23:44'),
('3359900060255', '0255', 4, '2026-02-09 06:23:44'),
('3360600212957', '2957', 4, '2026-02-09 06:23:44'),
('3361000099581', '9581', 4, '2026-02-09 06:23:44'),
('3400300062363', '2363', 4, '2026-02-09 06:23:44'),
('3400400287243', '7243', 4, '2026-02-09 06:23:44'),
('3400500542903', '2903', 4, '2026-02-09 06:23:44'),
('3401600575791', '5791', 4, '2026-02-09 06:23:44'),
('3409900941641', '1641', 4, '2026-02-09 06:23:44'),
('3409901116997', '6997', 4, '2026-02-09 06:23:44'),
('3411100827553', '7553', 4, '2026-02-09 06:23:44'),
('3411700424883', '4883', 4, '2026-02-09 06:23:44'),
('3411900338034', '8034', 4, '2026-02-09 06:23:44'),
('3420300245140', '5140', 4, '2026-02-09 06:23:44'),
('3430500997013', '7013', 4, '2026-02-09 06:23:44'),
('3440700091263', '1263', 4, '2026-02-09 06:23:44'),
('3440900008718', '8718', 4, '2026-02-09 06:23:44'),
('3450800092008', '2008', 4, '2026-02-09 06:23:44'),
('3459900024321', '4321', 4, '2026-02-09 06:23:44'),
('3461000420192', '0192', 4, '2026-02-09 06:23:44'),
('3470100880348', '0348', 4, '2026-02-09 06:23:44'),
('3471000393381', '3381', 4, '2026-02-09 06:23:44'),
('3471200881673', '1673', 4, '2026-02-09 06:23:44'),
('3471200958111', '8111', 4, '2026-02-09 06:23:44'),
('3480700580086', '0086', 4, '2026-02-09 06:23:44'),
('3500100182101', '2101', 4, '2026-02-09 06:23:44'),
('3500100360106', '0106', 4, '2026-02-09 06:23:44'),
('3500200703897', '3897', 4, '2026-02-09 06:23:44'),
('3500300354452', '4452', 4, '2026-02-09 06:23:44'),
('3500400167131', '7131', 4, '2026-02-09 06:23:44'),
('3500400353270', '3270', 4, '2026-02-09 06:23:44'),
('3500500137277', '7277', 4, '2026-02-09 06:23:44'),
('3500500208727', '8727', 4, '2026-02-09 06:23:44'),
('3500500492395', '2395', 4, '2026-02-09 06:23:44'),
('3500600151905', '1905', 4, '2026-02-09 06:23:44'),
('3500600241742', '1742', 4, '2026-02-09 06:23:44'),
('3500600457672', '7672', 4, '2026-02-09 06:23:44'),
('3500600542289', '2289', 4, '2026-02-09 06:23:44'),
('3500700017348', '7348', 4, '2026-02-09 06:23:44'),
('3500700223754', '3754', 4, '2026-02-09 06:23:44'),
('3500700437169', '7169', 4, '2026-02-09 06:23:44'),
('3500900179937', '9937', 4, '2026-02-09 06:23:44'),
('3500900479477', '9477', 4, '2026-02-09 06:23:44'),
('3500900687169', '7169', 4, '2026-02-09 06:23:44'),
('3500900897872', '7872', 4, '2026-02-09 06:23:44'),
('3500900955341', '5341', 4, '2026-02-09 06:23:44'),
('3501100128808', '8808', 4, '2026-02-09 06:23:44'),
('3501100173048', '3048', 4, '2026-02-09 06:23:44'),
('3501100297081', '7081', 4, '2026-02-09 06:23:44'),
('3501200046510', '6510', 4, '2026-02-09 06:23:44'),
('3501200070224', '0224', 4, '2026-02-09 06:23:44'),
('3501200079213', '9213', 4, '2026-02-09 06:23:44'),
('3501200178866', '8866', 4, '2026-02-09 06:23:44'),
('3501200182014', '2014', 4, '2026-02-09 06:23:44'),
('3501200375904', '5904', 4, '2026-02-09 06:23:44');
INSERT INTO `users` (`username`, `password`, `role`, `created_at`) VALUES
('3501200441290', '1290', 4, '2026-02-09 06:23:44'),
('3501200699394', '9394', 4, '2026-02-09 06:23:44'),
('3501200835280', '5280', 4, '2026-02-09 06:23:44'),
('3501200835361', '5361', 4, '2026-02-09 06:23:44'),
('3501200849957', '9957', 4, '2026-02-09 06:23:44'),
('3501201028515', '8515', 4, '2026-02-09 06:23:44'),
('3501300071966', '1966', 4, '2026-02-09 06:23:44'),
('3501300150742', '0742', 4, '2026-02-09 06:23:44'),
('3501300183578', '3578', 4, '2026-02-09 06:23:44'),
('3501300392002', '2002', 4, '2026-02-09 06:23:44'),
('3501300439696', '9696', 4, '2026-02-09 06:23:44'),
('3501300440660', '0660', 4, '2026-02-09 06:23:44'),
('3501300525258', '5258', 4, '2026-02-09 06:23:44'),
('3501300797410', '7410', 4, '2026-02-09 06:23:44'),
('3501300820152', '0152', 4, '2026-02-09 06:23:44'),
('3501400084601', '4601', 4, '2026-02-09 06:23:44'),
('3501400373018', '3018', 4, '2026-02-09 06:23:44'),
('3501400650364', '0364', 4, '2026-02-09 06:23:44'),
('3501400696895', '6895', 4, '2026-02-09 06:23:44'),
('3501500014672', '4672', 4, '2026-02-09 06:23:44'),
('3501500069868', '9868', 4, '2026-02-09 06:23:44'),
('3501500123072', '3072', 4, '2026-02-09 06:23:44'),
('3501500229164', '9164', 4, '2026-02-09 06:23:44'),
('3501500572195', '2195', 4, '2026-02-09 06:23:44'),
('3501900160056', '0056', 4, '2026-02-09 06:23:44'),
('3501900244730', '4730', 4, '2026-02-09 06:23:44'),
('3501900255987', '5987', 4, '2026-02-09 06:23:44'),
('3501900424711', '4711', 4, '2026-02-09 06:23:44'),
('3501900553074', '3074', 4, '2026-02-09 06:23:44'),
('3501900637871', '7871', 4, '2026-02-09 06:23:44'),
('3509900005201', '5201', 4, '2026-02-09 06:23:44'),
('3509900107136', '7136', 4, '2026-02-09 06:23:44'),
('3509900232364', '2364', 4, '2026-02-09 06:23:44'),
('3509900477006', '7006', 4, '2026-02-09 06:23:44'),
('3509900530845', '0845', 4, '2026-02-09 06:23:44'),
('3509900553730', '3730', 4, '2026-02-09 06:23:44'),
('3509900732651', '2651', 4, '2026-02-09 06:23:44'),
('3509900963717', '3717', 4, '2026-02-09 06:23:44'),
('3510100002595', '2595', 4, '2026-02-09 06:23:44'),
('3510100034861', '4861', 4, '2026-02-09 06:23:44'),
('3510100049443', '9443', 4, '2026-02-09 06:23:44'),
('3510100054315', '4315', 4, '2026-02-09 06:23:44'),
('3510100064612', '4612', 4, '2026-02-09 06:23:44'),
('3510100084265', '4265', 4, '2026-02-09 06:23:44'),
('3510100088058', '8058', 4, '2026-02-09 06:23:44'),
('3510100149375', '9375', 4, '2026-02-09 06:23:44'),
('3510100157548', '7548', 4, '2026-02-09 06:23:44'),
('3510100164501', '4501', 4, '2026-02-09 06:23:44'),
('3510100189491', '9491', 4, '2026-02-09 06:23:44'),
('3510100199411', '9411', 4, '2026-02-09 06:23:44'),
('3510100202403', '2403', 4, '2026-02-09 06:23:44'),
('3510100207260', '7260', 4, '2026-02-09 06:23:44'),
('3510100241182', '1182', 4, '2026-02-09 06:23:44'),
('3510100246974', '6974', 4, '2026-02-09 06:23:44'),
('3510100247407', '7407', 4, '2026-02-09 06:23:44'),
('3510100262953', '2953', 4, '2026-02-09 06:23:44'),
('3510100263585', '3585', 4, '2026-02-09 06:23:44'),
('3510100264581', '4581', 4, '2026-02-09 06:23:44'),
('3510100293476', '3476', 4, '2026-02-09 06:23:44'),
('3510100301100', '1100', 4, '2026-02-09 06:23:44'),
('3510100340555', '0555', 4, '2026-02-09 06:23:44'),
('3510100341055', '1055', 4, '2026-02-09 06:23:44'),
('3510100342264', '2264', 4, '2026-02-09 06:23:44'),
('3510100369821', '9821', 4, '2026-02-09 06:23:44'),
('3510100440380', '0380', 4, '2026-02-09 06:23:44'),
('3510100475906', '5906', 4, '2026-02-09 06:23:44'),
('3510100493866', '3866', 4, '2026-02-09 06:23:44'),
('3510100554822', '4822', 4, '2026-02-09 06:23:44'),
('3510100557511', '7511', 4, '2026-02-09 06:23:44'),
('3510100653791', '3791', 4, '2026-02-09 06:23:44'),
('3510100657460', '7460', 4, '2026-02-09 06:23:44'),
('3510100693601', '3601', 4, '2026-02-09 06:23:44'),
('3510100697151', '7151', 4, '2026-02-09 06:23:44'),
('3510100700829', '0829', 4, '2026-02-09 06:23:44'),
('3510100718272', '8272', 4, '2026-02-09 06:23:44'),
('3510100728499', '8499', 4, '2026-02-09 06:23:44'),
('3510100807569', '7569', 4, '2026-02-09 06:23:44'),
('3510100822681', '2681', 4, '2026-02-09 06:23:44'),
('3510100827667', '7667', 4, '2026-02-09 06:23:44'),
('3510100834647', '4647', 4, '2026-02-09 06:23:44'),
('3510100836933', '6933', 4, '2026-02-09 06:23:44'),
('3510100841449', '1449', 4, '2026-02-09 06:23:44'),
('3510100876358', '6358', 4, '2026-02-09 06:23:44'),
('3510100878458', '8458', 4, '2026-02-09 06:23:44'),
('3510100879632', '9632', 4, '2026-02-09 06:23:44'),
('3510100914195', '4195', 4, '2026-02-09 06:23:44'),
('3510100950329', '0329', 4, '2026-02-09 06:23:44'),
('3510100966845', '6845', 4, '2026-02-09 06:23:44'),
('3510100969712', '9712', 4, '2026-02-09 06:23:44'),
('3510101004541', '4541', 4, '2026-02-09 06:23:44'),
('3510101019068', '9068', 4, '2026-02-09 06:23:44'),
('3510101022123', '2123', 4, '2026-02-09 06:23:44'),
('3510101028296', '8296', 4, '2026-02-09 06:23:44'),
('3510101037881', '7881', 4, '2026-02-09 06:23:44'),
('3510101049226', '9226', 4, '2026-02-09 06:23:44'),
('3510101049757', '9757', 4, '2026-02-09 06:23:44'),
('3510101081936', '1936', 4, '2026-02-09 06:23:44'),
('3510101083408', '3408', 4, '2026-02-09 06:23:44'),
('3510101092792', '2792', 4, '2026-02-09 06:23:44'),
('3510101156618', '6618', 4, '2026-02-09 06:23:44'),
('3510101158688', '8688', 4, '2026-02-09 06:23:44'),
('3510101204019', '4019', 4, '2026-02-09 06:23:44'),
('3510101216602', '6602', 4, '2026-02-09 06:23:44'),
('3510101229593', '9593', 4, '2026-02-09 06:23:44'),
('3510101232781', '2781', 4, '2026-02-09 06:23:44'),
('3510101268459', '8459', 4, '2026-02-09 06:23:44'),
('3510101313861', '3861', 4, '2026-02-09 06:23:44'),
('3510101324651', '4651', 4, '2026-02-09 06:23:44'),
('3510101326548', '6548', 4, '2026-02-09 06:23:44'),
('3510101345640', '5640', 4, '2026-02-09 06:23:44'),
('3510101354495', '4495', 4, '2026-02-09 06:23:44'),
('3510101365799', '5799', 4, '2026-02-09 06:23:44'),
('3510200047868', '7868', 4, '2026-02-09 06:23:44'),
('3510200089471', '9471', 4, '2026-02-09 06:23:44'),
('3510200093355', '3355', 4, '2026-02-09 06:23:44'),
('3510200096249', '6249', 4, '2026-02-09 06:23:44'),
('3510200107895', '7895', 4, '2026-02-09 06:23:44'),
('3510200113852', '3852', 4, '2026-02-09 06:23:44'),
('3510200123408', '3408', 4, '2026-02-09 06:23:44'),
('3510200131141', '1141', 4, '2026-02-09 06:23:44'),
('3510200136097', '6097', 4, '2026-02-09 06:23:44'),
('3510200136101', '6101', 4, '2026-02-09 06:23:44'),
('3510200194801', '4801', 4, '2026-02-09 06:23:44'),
('3510200269526', '9526', 4, '2026-02-09 06:23:44'),
('3510200303333', '3333', 4, '2026-02-09 06:23:44'),
('3510200305123', '5123', 4, '2026-02-09 06:23:44'),
('3510200359673', '9673', 4, '2026-02-09 06:23:44'),
('3510300015542', '5542', 4, '2026-02-09 06:23:44'),
('3510300018894', '8894', 4, '2026-02-09 06:23:44'),
('3510300029209', '9209', 4, '2026-02-09 06:23:44'),
('3510300029233', '9233', 4, '2026-02-09 06:23:44'),
('3510300029381', '9381', 4, '2026-02-09 06:23:44'),
('3510300030835', '0835', 4, '2026-02-09 06:23:44'),
('3510300032242', '2242', 4, '2026-02-09 06:23:44'),
('3510300036051', '6051', 4, '2026-02-09 06:23:44'),
('3510300038135', '8135', 4, '2026-02-09 06:23:44'),
('3510300041837', '1837', 4, '2026-02-09 06:23:44'),
('3510300046456', '6456', 4, '2026-02-09 06:23:44'),
('3510300049986', '9986', 4, '2026-02-09 06:23:44'),
('3510300050062', '0062', 4, '2026-02-09 06:23:44'),
('3510300107064', '7064', 4, '2026-02-09 06:23:44'),
('3510300107595', '7595', 4, '2026-02-09 06:23:44'),
('3510300111720', '1720', 4, '2026-02-09 06:23:44'),
('3510300118554', '8554', 4, '2026-02-09 06:23:44'),
('3510300122314', '2314', 4, '2026-02-09 06:23:44'),
('3510300125461', '5461', 4, '2026-02-09 06:23:44'),
('3510300136901', '6901', 4, '2026-02-09 06:23:44'),
('3510300141009', '1009', 4, '2026-02-09 06:23:44'),
('3510300144041', '4041', 4, '2026-02-09 06:23:44'),
('3510300213476', '3476', 4, '2026-02-09 06:23:44'),
('3510300216220', '6220', 4, '2026-02-09 06:23:44'),
('3510300221304', '1304', 4, '2026-02-09 06:23:44'),
('3510300240597', '0597', 4, '2026-02-09 06:23:44'),
('3510300247745', '7745', 4, '2026-02-09 06:23:44'),
('3510300249454', '9454', 4, '2026-02-09 06:23:44'),
('3510300261705', '1705', 4, '2026-02-09 06:23:44'),
('3510300265310', '5310', 4, '2026-02-09 06:23:44'),
('3510300289677', '9677', 4, '2026-02-09 06:23:44'),
('3510300301405', '1405', 4, '2026-02-09 06:23:44'),
('3510300311478', '1478', 4, '2026-02-09 06:23:44'),
('3510300322798', '2798', 4, '2026-02-09 06:23:44'),
('3510300327129', '7129', 4, '2026-02-09 06:23:44'),
('3510300360797', '0797', 4, '2026-02-09 06:23:44'),
('3510300365781', '5781', 4, '2026-02-09 06:23:44'),
('3510300373236', '3236', 4, '2026-02-09 06:23:44'),
('3510300379471', '9471', 4, '2026-02-09 06:23:44'),
('3510300383878', '3878', 4, '2026-02-09 06:23:44'),
('3510300386362', '6362', 4, '2026-02-09 06:23:44'),
('3510300395965', '5965', 4, '2026-02-09 06:23:44'),
('3510300402309', '2309', 4, '2026-02-09 06:23:44'),
('3510400026031', '6031', 4, '2026-02-09 06:23:44'),
('3510400046741', '6741', 4, '2026-02-09 06:23:44'),
('3510400058430', '8430', 4, '2026-02-09 06:23:44'),
('3510400070740', '0740', 4, '2026-02-09 06:23:44'),
('3510400071614', '1614', 4, '2026-02-09 06:23:44'),
('3510400095947', '5947', 4, '2026-02-09 06:23:44'),
('3510400096137', '6137', 4, '2026-02-09 06:23:44'),
('3510400113406', '3406', 4, '2026-02-09 06:23:44'),
('3510400147262', '7262', 4, '2026-02-09 06:23:44'),
('3510400168553', '8553', 4, '2026-02-09 06:23:44'),
('3510400192276', '2276', 4, '2026-02-09 06:23:44'),
('3510400201551', '1551', 4, '2026-02-09 06:23:44'),
('3510400202140', '2140', 4, '2026-02-09 06:23:44'),
('3510400203839', '3839', 4, '2026-02-09 06:23:44'),
('3510400207117', '7117', 4, '2026-02-09 06:23:44'),
('3510400210975', '0975', 4, '2026-02-09 06:23:44'),
('3510400227177', '7177', 4, '2026-02-09 06:23:44'),
('3510400230712', '0712', 4, '2026-02-09 06:23:44'),
('3510400232804', '2804', 4, '2026-02-09 06:23:44'),
('3510400245264', '5264', 4, '2026-02-09 06:23:44'),
('3510400265249', '5249', 4, '2026-02-09 06:23:44'),
('3510400277522', '7522', 4, '2026-02-09 06:23:44'),
('3510400319209', '9209', 4, '2026-02-09 06:23:44'),
('3510400339340', '9340', 4, '2026-02-09 06:23:44'),
('3510400352753', '2753', 4, '2026-02-09 06:23:44'),
('3510400370107', '0107', 4, '2026-02-09 06:23:44'),
('3510400439166', '9166', 4, '2026-02-09 06:23:44'),
('3510400459426', '9426', 4, '2026-02-09 06:23:44'),
('3510400486091', '6091', 4, '2026-02-09 06:23:44'),
('3510400488116', '8116', 4, '2026-02-09 06:23:44'),
('3510400504146', '4146', 4, '2026-02-09 06:23:44'),
('3510400507030', '7030', 4, '2026-02-09 06:23:44'),
('3510400521652', '1652', 4, '2026-02-09 06:23:44'),
('3510500060169', '0169', 4, '2026-02-09 06:23:44'),
('3510500146641', '6641', 4, '2026-02-09 06:23:44'),
('3510600011330', '1330', 4, '2026-02-09 06:23:44'),
('3510600014762', '4762', 4, '2026-02-09 06:23:44'),
('3510600032876', '2876', 4, '2026-02-09 06:23:44'),
('3510600043576', '3576', 4, '2026-02-09 06:23:44'),
('3510600049094', '9094', 4, '2026-02-09 06:23:44'),
('3510600050157', '0157', 4, '2026-02-09 06:23:44'),
('3510600052982', '2982', 4, '2026-02-09 06:23:44'),
('3510600079317', '9317', 4, '2026-02-09 06:23:44'),
('3510600106039', '6039', 4, '2026-02-09 06:23:44'),
('3510600107183', '7183', 4, '2026-02-09 06:23:44'),
('3510600129993', '9993', 4, '2026-02-09 06:23:44'),
('3510600141276', '1276', 4, '2026-02-09 06:23:44'),
('3510600162842', '2842', 4, '2026-02-09 06:23:44'),
('3510600163334', '3334', 4, '2026-02-09 06:23:44'),
('3510600175847', '5847', 4, '2026-02-09 06:23:44'),
('3510600178498', '8498', 4, '2026-02-09 06:23:44'),
('3510600234851', '4851', 4, '2026-02-09 06:23:44'),
('3510600247040', '7040', 4, '2026-02-09 06:23:44'),
('3510600251144', '1144', 4, '2026-02-09 06:23:44'),
('3510600257924', '7924', 4, '2026-02-09 06:23:44'),
('3510600263053', '3053', 4, '2026-02-09 06:23:44'),
('3510600287700', '7700', 4, '2026-02-09 06:23:44'),
('3510600289371', '9371', 4, '2026-02-09 06:23:44'),
('3510600289401', '9401', 4, '2026-02-09 06:23:44'),
('3510600301451', '1451', 4, '2026-02-09 06:23:44'),
('3510600313450', '3450', 4, '2026-02-09 06:23:44'),
('3510600318435', '8435', 4, '2026-02-09 06:23:44'),
('3510600354156', '4156', 4, '2026-02-09 06:23:44'),
('3510600372332', '2332', 4, '2026-02-09 06:23:44'),
('3510600406288', '6288', 4, '2026-02-09 06:23:44'),
('3510600427340', '7340', 4, '2026-02-09 06:23:44'),
('3510600431703', '1703', 4, '2026-02-09 06:23:44'),
('3510600435458', '5458', 4, '2026-02-09 06:23:44'),
('3510600486800', '6800', 4, '2026-02-09 06:23:44'),
('3510600488870', '8870', 4, '2026-02-09 06:23:44'),
('3510600520773', '0773', 4, '2026-02-09 06:23:44'),
('3510600536688', '6688', 4, '2026-02-09 06:23:44'),
('3510600562379', '2379', 4, '2026-02-09 06:23:44'),
('3510600585069', '5069', 4, '2026-02-09 06:23:44'),
('3510600607046', '7046', 4, '2026-02-09 06:23:44'),
('3510600607160', '7160', 4, '2026-02-09 06:23:44'),
('3510600622258', '2258', 4, '2026-02-09 06:23:44'),
('3510600622533', '2533', 4, '2026-02-09 06:23:44'),
('3510600643956', '3956', 4, '2026-02-09 06:23:44'),
('3510600659186', '9186', 4, '2026-02-09 06:23:44'),
('3510600673669', '3669', 4, '2026-02-09 06:23:44'),
('3510600675602', '5602', 4, '2026-02-09 06:23:44'),
('3510600695506', '5506', 4, '2026-02-09 06:23:44'),
('3510600701204', '1204', 4, '2026-02-09 06:23:44'),
('3510600702499', '2499', 4, '2026-02-09 06:23:44'),
('3510600720306', '0306', 4, '2026-02-09 06:23:44'),
('3510600730107', '0107', 4, '2026-02-09 06:23:44'),
('3510600739171', '9171', 4, '2026-02-09 06:23:44'),
('3510600741753', '1753', 4, '2026-02-09 06:23:44'),
('3510600749746', '9746', 4, '2026-02-09 06:23:44'),
('3510600761541', '1541', 4, '2026-02-09 06:23:44'),
('3510600777316', '7316', 4, '2026-02-09 06:23:44'),
('3510600787907', '7907', 4, '2026-02-09 06:23:44'),
('3510600805239', '5239', 4, '2026-02-09 06:23:44'),
('3519900002148', '2148', 4, '2026-02-09 06:23:44'),
('3519900019598', '9598', 4, '2026-02-09 06:23:44'),
('3519900039131', '9131', 4, '2026-02-09 06:23:44'),
('3519900045602', '5602', 4, '2026-02-09 06:23:44'),
('3519900046072', '6072', 4, '2026-02-09 06:23:44'),
('3519900055764', '5764', 4, '2026-02-09 06:23:44'),
('3519900057163', '7163', 4, '2026-02-09 06:23:44'),
('3519900058828', '8828', 4, '2026-02-09 06:23:44'),
('3519900064852', '4852', 4, '2026-02-09 06:23:44'),
('3519900065581', '5581', 4, '2026-02-09 06:23:44'),
('3519900074947', '4947', 4, '2026-02-09 06:23:44'),
('3519900084764', '4764', 4, '2026-02-09 06:23:44'),
('3519900088484', '8484', 4, '2026-02-09 06:23:44'),
('3519900096703', '6703', 4, '2026-02-09 06:23:44'),
('3519900097661', '7661', 4, '2026-02-09 06:23:44'),
('3519900101413', '1413', 4, '2026-02-09 06:23:44'),
('3519900103530', '3530', 4, '2026-02-09 06:23:44'),
('3519900104111', '4111', 4, '2026-02-09 06:23:44'),
('3520100017347', '7347', 4, '2026-02-09 06:23:44'),
('3520100053068', '3068', 4, '2026-02-09 06:23:44'),
('3520100058302', '8302', 4, '2026-02-09 06:23:44'),
('3520100066640', '6640', 4, '2026-02-09 06:23:44'),
('3520100093779', '3779', 4, '2026-02-09 06:23:44'),
('3520100094694', '4694', 4, '2026-02-09 06:23:44'),
('3520100105394', '5394', 4, '2026-02-09 06:23:44'),
('3520100114440', '4440', 4, '2026-02-09 06:23:44'),
('3520100131239', '1239', 4, '2026-02-09 06:23:44'),
('3520100136591', '6591', 4, '2026-02-09 06:23:44'),
('3520100137369', '7369', 4, '2026-02-09 06:23:44'),
('3520100137474', '7474', 4, '2026-02-09 06:23:44'),
('3520100144241', '4241', 4, '2026-02-09 06:23:44'),
('3520100147941', '7941', 4, '2026-02-09 06:23:44'),
('3520100149791', '9791', 4, '2026-02-09 06:23:44'),
('3520100156827', '6827', 4, '2026-02-09 06:23:44'),
('3520100172768', '2768', 4, '2026-02-09 06:23:44'),
('3520100181520', '1520', 4, '2026-02-09 06:23:44'),
('3520100205267', '5267', 4, '2026-02-09 06:23:44'),
('3520100207022', '7022', 4, '2026-02-09 06:23:44'),
('3520100251528', '1528', 4, '2026-02-09 06:23:44'),
('3520100285198', '5198', 4, '2026-02-09 06:23:44'),
('3520100289223', '9223', 4, '2026-02-09 06:23:44'),
('3520100293981', '3981', 4, '2026-02-09 06:23:44'),
('3520100294472', '4472', 4, '2026-02-09 06:23:44'),
('3520100303277', '3277', 4, '2026-02-09 06:23:44'),
('3520100316344', '6344', 4, '2026-02-09 06:23:44'),
('3520100320937', '0937', 4, '2026-02-09 06:23:44'),
('3520100365272', '5272', 4, '2026-02-09 06:23:44'),
('3520100379974', '9974', 4, '2026-02-09 06:23:44'),
('3520100390064', '0064', 4, '2026-02-09 06:23:44'),
('3520100397841', '7841', 4, '2026-02-09 06:23:44'),
('3520100402704', '2704', 4, '2026-02-09 06:23:44'),
('3520100407986', '7986', 4, '2026-02-09 06:23:44'),
('3520100410936', '0936', 4, '2026-02-09 06:23:44'),
('3520100424252', '4252', 4, '2026-02-09 06:23:44'),
('3520100426352', '6352', 4, '2026-02-09 06:23:44'),
('3520100426662', '6662', 4, '2026-02-09 06:23:44'),
('3520100442471', '2471', 4, '2026-02-09 06:23:44'),
('3520100468047', '8047', 4, '2026-02-09 06:23:44'),
('3520100473865', '3865', 4, '2026-02-09 06:23:44'),
('3520100519067', '9067', 4, '2026-02-09 06:23:44'),
('3520100564674', '4674', 4, '2026-02-09 06:23:44'),
('3520100572073', '2073', 4, '2026-02-09 06:23:44'),
('3520100572898', '2898', 4, '2026-02-09 06:23:44'),
('3520100575951', '5951', 4, '2026-02-09 06:23:44'),
('3520100590390', '0390', 4, '2026-02-09 06:23:44'),
('3520100604340', '4340', 4, '2026-02-09 06:23:44'),
('3520100638813', '8813', 4, '2026-02-09 06:23:44'),
('3520100658334', '8334', 4, '2026-02-09 06:23:44'),
('3520100676278', '6278', 4, '2026-02-09 06:23:44'),
('3520100702864', '2864', 4, '2026-02-09 06:23:44'),
('3520100718132', '8132', 4, '2026-02-09 06:23:44'),
('3520100719601', '9601', 4, '2026-02-09 06:23:44'),
('3520100830366', '0366', 4, '2026-02-09 06:23:44'),
('3520100848362', '8362', 4, '2026-02-09 06:23:44'),
('3520100874771', '4771', 4, '2026-02-09 06:23:44'),
('3520100885993', '5993', 4, '2026-02-09 06:23:44'),
('3520100902685', '2685', 4, '2026-02-09 06:23:44'),
('3520100908209', '8209', 4, '2026-02-09 06:23:44'),
('3520100917160', '7160', 4, '2026-02-09 06:23:44'),
('3520100924646', '4646', 4, '2026-02-09 06:23:44'),
('3520100937241', '7241', 4, '2026-02-09 06:23:44'),
('3520100941443', '1443', 4, '2026-02-09 06:23:44'),
('3520100947395', '7395', 4, '2026-02-09 06:23:44'),
('3520100947778', '7778', 4, '2026-02-09 06:23:44'),
('3520100993052', '3052', 4, '2026-02-09 06:23:44'),
('3520101027435', '7435', 4, '2026-02-09 06:23:44'),
('3520101032714', '2714', 4, '2026-02-09 06:23:44'),
('3520101039620', '9620', 4, '2026-02-09 06:23:44'),
('3520101070314', '0314', 4, '2026-02-09 06:23:44'),
('3520101132921', '2921', 4, '2026-02-09 06:23:44'),
('3520101160453', '0453', 4, '2026-02-09 06:23:44'),
('3520101197870', '7870', 4, '2026-02-09 06:23:44'),
('3520101211961', '1961', 4, '2026-02-09 06:23:44'),
('3520101264658', '4658', 4, '2026-02-09 06:23:44'),
('3520101275056', '5056', 4, '2026-02-09 06:23:44'),
('3520101277369', '7369', 4, '2026-02-09 06:23:44'),
('3520101286384', '6384', 4, '2026-02-09 06:23:44'),
('3520101309635', '9635', 4, '2026-02-09 06:23:44'),
('3520101310561', '0561', 4, '2026-02-09 06:23:44'),
('3520101317743', '7743', 4, '2026-02-09 06:23:44'),
('3520101324740', '4740', 4, '2026-02-09 06:23:44'),
('3520101329571', '9571', 4, '2026-02-09 06:23:44'),
('3520101356510', '6510', 4, '2026-02-09 06:23:44'),
('3520101359225', '9225', 4, '2026-02-09 06:23:44'),
('3520101361599', '1599', 4, '2026-02-09 06:23:44'),
('3520101382448', '2448', 4, '2026-02-09 06:23:44'),
('3520101416717', '6717', 4, '2026-02-09 06:23:44'),
('3520101422580', '2580', 4, '2026-02-09 06:23:44'),
('3520101443366', '3366', 4, '2026-02-09 06:23:44'),
('3520101479948', '9948', 4, '2026-02-09 06:23:44'),
('3520101481675', '1675', 4, '2026-02-09 06:23:44'),
('3520101506210', '6210', 4, '2026-02-09 06:23:44'),
('3520101571585', '1585', 4, '2026-02-09 06:23:44'),
('3520101571615', '1615', 4, '2026-02-09 06:23:44'),
('3520200006991', '6991', 4, '2026-02-09 06:23:44'),
('3520200034839', '4839', 4, '2026-02-09 06:23:44'),
('3520200053434', '3434', 4, '2026-02-09 06:23:44'),
('3520200164961', '4961', 4, '2026-02-09 06:23:44'),
('3520200185233', '5233', 4, '2026-02-09 06:23:44'),
('3520200227254', '7254', 4, '2026-02-09 06:23:44'),
('3520300023961', '3961', 4, '2026-02-09 06:23:44'),
('3520300075511', '5511', 4, '2026-02-09 06:23:44'),
('3520300100809', '0809', 4, '2026-02-09 06:23:44'),
('3520300117604', '7604', 4, '2026-02-09 06:23:44'),
('3520300158297', '8297', 4, '2026-02-09 06:23:44'),
('3520300217323', '7323', 4, '2026-02-09 06:23:44'),
('3520300232705', '2705', 4, '2026-02-09 06:23:44'),
('3520300253656', '3656', 4, '2026-02-09 06:23:44'),
('3520300295995', '5995', 4, '2026-02-09 06:23:44'),
('3520300312792', '2792', 4, '2026-02-09 06:23:44'),
('3520300403089', '3089', 4, '2026-02-09 06:23:44'),
('3520300438150', '8150', 4, '2026-02-09 06:23:44'),
('3520300503211', '3211', 4, '2026-02-09 06:23:44'),
('3520300510209', '0209', 4, '2026-02-09 06:23:44'),
('3520300521693', '1693', 4, '2026-02-09 06:23:44'),
('3520300595166', '5166', 4, '2026-02-09 06:23:44'),
('3520400005841', '5841', 4, '2026-02-09 06:23:44'),
('3520400007118', '7118', 4, '2026-02-09 06:23:44'),
('3520400037564', '7564', 4, '2026-02-09 06:23:44'),
('3520400067803', '7803', 4, '2026-02-09 06:23:44'),
('3520400071002', '1002', 4, '2026-02-09 06:23:44'),
('3520400072386', '2386', 4, '2026-02-09 06:23:44'),
('3520400172399', '2399', 4, '2026-02-09 06:23:44'),
('3520400189321', '9321', 4, '2026-02-09 06:23:44'),
('3520400196450', '6450', 4, '2026-02-09 06:23:44'),
('3520400208121', '8121', 4, '2026-02-09 06:23:44'),
('3520400226634', '6634', 4, '2026-02-09 06:23:44'),
('3520400245655', '5655', 4, '2026-02-09 06:23:44'),
('3520400257904', '7904', 4, '2026-02-09 06:23:44'),
('3520400259958', '9958', 4, '2026-02-09 06:23:44'),
('3520400289806', '9806', 4, '2026-02-09 06:23:44'),
('3520400294354', '4354', 4, '2026-02-09 06:23:44'),
('3520500005281', '5281', 4, '2026-02-09 06:23:44'),
('3520500005290', '5290', 4, '2026-02-09 06:23:44'),
('3520500010072', '0072', 4, '2026-02-09 06:23:44'),
('3520500014451', '4451', 4, '2026-02-09 06:23:44'),
('3520500015279', '5279', 4, '2026-02-09 06:23:44'),
('3520500021562', '1562', 4, '2026-02-09 06:23:44'),
('3520500037248', '7248', 4, '2026-02-09 06:23:44'),
('3520500039038', '9038', 4, '2026-02-09 06:23:44'),
('3520500042691', '2691', 4, '2026-02-09 06:23:44'),
('3520500042772', '2772', 4, '2026-02-09 06:23:44'),
('3520500045658', '5658', 4, '2026-02-09 06:23:44'),
('3520500045925', '5925', 4, '2026-02-09 06:23:44'),
('3520500047022', '7022', 4, '2026-02-09 06:23:44'),
('3520500049807', '9807', 4, '2026-02-09 06:23:44'),
('3520500054118', '4118', 4, '2026-02-09 06:23:44'),
('3520500056676', '6676', 4, '2026-02-09 06:23:44'),
('3520500080909', '0909', 4, '2026-02-09 06:23:44'),
('3520500083215', '3215', 4, '2026-02-09 06:23:44'),
('3520500091161', '1161', 4, '2026-02-09 06:23:44'),
('3520500093491', '3491', 4, '2026-02-09 06:23:44'),
('3520500105090', '5090', 4, '2026-02-09 06:23:44'),
('3520500124736', '4736', 4, '2026-02-09 06:23:44'),
('3520500144524', '4524', 4, '2026-02-09 06:23:44'),
('3520500147205', '7205', 4, '2026-02-09 06:23:44'),
('3520500149666', '9666', 4, '2026-02-09 06:23:44'),
('3520500157171', '7171', 4, '2026-02-09 06:23:44'),
('3520500158231', '8231', 4, '2026-02-09 06:23:44'),
('3520500158321', '8321', 4, '2026-02-09 06:23:44'),
('3520500158908', '8908', 4, '2026-02-09 06:23:44'),
('3520500162492', '2492', 4, '2026-02-09 06:23:44'),
('3520500216703', '6703', 4, '2026-02-09 06:23:44'),
('3520500231664', '1664', 4, '2026-02-09 06:23:44'),
('3520500348995', '8995', 4, '2026-02-09 06:23:44'),
('3520500360740', '0740', 4, '2026-02-09 06:23:44'),
('3520500363706', '3706', 4, '2026-02-09 06:23:44'),
('3520500372276', '2276', 4, '2026-02-09 06:23:44'),
('3520500373094', '3094', 4, '2026-02-09 06:23:44'),
('3520500387737', '7737', 4, '2026-02-09 06:23:44'),
('3520500447292', '7292', 4, '2026-02-09 06:23:44'),
('3520500461431', '1431', 4, '2026-02-09 06:23:44'),
('3520500475601', '5601', 4, '2026-02-09 06:23:44'),
('3520500483213', '3213', 4, '2026-02-09 06:23:44'),
('3520500483850', '3850', 4, '2026-02-09 06:23:44'),
('3520500500657', '0657', 4, '2026-02-09 06:23:44'),
('3520500527024', '7024', 4, '2026-02-09 06:23:44'),
('3520600010589', '0589', 4, '2026-02-09 06:23:44'),
('3520600015611', '5611', 4, '2026-02-09 06:23:44'),
('3520600016544', '6544', 4, '2026-02-09 06:23:44'),
('3520600019616', '9616', 4, '2026-02-09 06:23:44'),
('3520600021408', '1408', 4, '2026-02-09 06:23:44'),
('3520600026671', '6671', 4, '2026-02-09 06:23:44'),
('3520600028691', '8691', 4, '2026-02-09 06:23:44'),
('3520600042073', '2073', 4, '2026-02-09 06:23:44'),
('3520600045994', '5994', 4, '2026-02-09 06:23:44'),
('3520600046001', '6001', 4, '2026-02-09 06:23:44'),
('3520600084183', '4183', 4, '2026-02-09 06:23:44'),
('3520600089401', '9401', 4, '2026-02-09 06:23:44'),
('3520600093271', '3271', 4, '2026-02-09 06:23:44'),
('3520600095584', '5584', 4, '2026-02-09 06:23:44'),
('3520600100227', '0227', 4, '2026-02-09 06:23:44'),
('3520600100839', '0839', 4, '2026-02-09 06:23:44'),
('3520600114554', '4554', 4, '2026-02-09 06:23:44'),
('3520600139905', '9905', 4, '2026-02-09 06:23:44'),
('3520600151948', '1948', 4, '2026-02-09 06:23:44'),
('3520600181758', '1758', 4, '2026-02-09 06:23:44'),
('3520600181804', '1804', 4, '2026-02-09 06:23:44'),
('3520600185338', '5338', 4, '2026-02-09 06:23:44'),
('3520600194752', '4752', 4, '2026-02-09 06:23:44'),
('3520600202801', '2801', 4, '2026-02-09 06:23:44'),
('3520600205827', '5827', 4, '2026-02-09 06:23:44'),
('3520600231101', '1101', 4, '2026-02-09 06:23:44'),
('3520600260437', '0437', 4, '2026-02-09 06:23:44'),
('3520600280161', '0161', 4, '2026-02-09 06:23:44'),
('3520600289991', '9991', 4, '2026-02-09 06:23:44'),
('3520600304167', '4167', 4, '2026-02-09 06:23:44'),
('3520600306771', '6771', 4, '2026-02-09 06:23:44'),
('3520600309541', '9541', 4, '2026-02-09 06:23:44'),
('3520600315304', '5304', 4, '2026-02-09 06:23:44'),
('3520700013849', '3849', 4, '2026-02-09 06:23:44'),
('3520700020365', '0365', 4, '2026-02-09 06:23:44'),
('3520700062327', '2327', 4, '2026-02-09 06:23:44'),
('3520700069798', '9798', 4, '2026-02-09 06:23:44'),
('3520700130675', '0675', 4, '2026-02-09 06:23:44'),
('3520700161805', '1805', 4, '2026-02-09 06:23:44'),
('3520700192867', '2867', 4, '2026-02-09 06:23:44'),
('3520700201718', '1718', 4, '2026-02-09 06:23:44'),
('3520700211675', '1675', 4, '2026-02-09 06:23:44'),
('3520700217258', '7258', 4, '2026-02-09 06:23:44'),
('3520700238450', '8450', 4, '2026-02-09 06:23:44'),
('3520700240870', '0870', 4, '2026-02-09 06:23:44'),
('3520700241141', '1141', 4, '2026-02-09 06:23:44'),
('3520700253181', '3181', 4, '2026-02-09 06:23:44'),
('3520700257977', '7977', 4, '2026-02-09 06:23:44'),
('3520700259341', '9341', 4, '2026-02-09 06:23:44'),
('3520700261753', '1753', 4, '2026-02-09 06:23:44'),
('3520700296557', '6557', 4, '2026-02-09 06:23:44'),
('3520700299840', '9840', 4, '2026-02-09 06:23:44'),
('3520700382011', '2011', 4, '2026-02-09 06:23:44'),
('3520700408517', '8517', 4, '2026-02-09 06:23:44'),
('3520700410341', '0341', 4, '2026-02-09 06:23:44'),
('3520800042735', '2735', 4, '2026-02-09 06:23:44'),
('3520800059069', '9069', 4, '2026-02-09 06:23:44'),
('3520800100085', '0085', 4, '2026-02-09 06:23:44'),
('3520800123913', '3913', 4, '2026-02-09 06:23:44'),
('3520800137086', '7086', 4, '2026-02-09 06:23:44'),
('3520800137922', '7922', 4, '2026-02-09 06:23:44'),
('3520800154037', '4037', 4, '2026-02-09 06:23:44'),
('3520800166434', '6434', 4, '2026-02-09 06:23:44'),
('3520800179528', '9528', 4, '2026-02-09 06:23:44'),
('3520800185595', '5595', 4, '2026-02-09 06:23:44'),
('3520800214544', '4544', 4, '2026-02-09 06:23:44'),
('3520800236475', '6475', 4, '2026-02-09 06:23:44'),
('3520800251385', '1385', 4, '2026-02-09 06:23:44'),
('3520800254015', '4015', 4, '2026-02-09 06:23:44'),
('3520800303245', '3245', 4, '2026-02-09 06:23:44'),
('3520800306309', '6309', 4, '2026-02-09 06:23:44'),
('3520800316860', '6860', 4, '2026-02-09 06:23:44'),
('3520800327748', '7748', 4, '2026-02-09 06:23:44'),
('3520800328370', '8370', 4, '2026-02-09 06:23:44'),
('3520800328680', '8680', 4, '2026-02-09 06:23:44'),
('3520800377486', '7486', 4, '2026-02-09 06:23:44'),
('3520800482514', '2514', 4, '2026-02-09 06:23:44'),
('3520800582845', '2845', 4, '2026-02-09 06:23:44'),
('3520900015870', '5870', 4, '2026-02-09 06:23:44'),
('3520900021098', '1098', 4, '2026-02-09 06:23:44'),
('3520900034840', '4840', 4, '2026-02-09 06:23:44'),
('3520900039906', '9906', 4, '2026-02-09 06:23:44'),
('3520900074183', '4183', 4, '2026-02-09 06:23:44'),
('3521000016463', '6463', 4, '2026-02-09 06:23:44'),
('3521000016510', '6510', 4, '2026-02-09 06:23:44'),
('3521000034321', '4321', 4, '2026-02-09 06:23:44'),
('3521000066398', '6398', 4, '2026-02-09 06:23:44'),
('3521000071073', '1073', 4, '2026-02-09 06:23:44'),
('3521000077641', '7641', 4, '2026-02-09 06:23:44'),
('3521000087123', '7123', 4, '2026-02-09 06:23:44'),
('3521000095673', '5673', 4, '2026-02-09 06:23:44'),
('3521000111628', '1628', 4, '2026-02-09 06:23:44'),
('3521000123120', '3120', 4, '2026-02-09 06:23:44'),
('3521000124215', '4215', 4, '2026-02-09 06:23:44'),
('3521000155447', '5447', 4, '2026-02-09 06:23:44'),
('3521000160611', '0611', 4, '2026-02-09 06:23:44'),
('3521000172431', '2431', 4, '2026-02-09 06:23:44'),
('3521000193551', '3551', 4, '2026-02-09 06:23:44'),
('3521000199711', '9711', 4, '2026-02-09 06:23:44'),
('3521000226956', '6956', 4, '2026-02-09 06:23:44'),
('3521000266168', '6168', 4, '2026-02-09 06:23:44'),
('3521000277577', '7577', 4, '2026-02-09 06:23:44'),
('3521000282473', '2473', 4, '2026-02-09 06:23:44'),
('3521000285243', '5243', 4, '2026-02-09 06:23:44'),
('3521000334767', '4767', 4, '2026-02-09 06:23:44'),
('3521000336514', '6514', 4, '2026-02-09 06:23:44'),
('3521000362736', '2736', 4, '2026-02-09 06:23:44'),
('3521000407004', '7004', 4, '2026-02-09 06:23:44'),
('3521000464016', '4016', 4, '2026-02-09 06:23:44'),
('3521000468267', '8267', 4, '2026-02-09 06:23:44'),
('3521000469026', '9026', 4, '2026-02-09 06:23:44'),
('3521000474691', '4691', 4, '2026-02-09 06:23:44'),
('3521000511898', '1898', 4, '2026-02-09 06:23:44'),
('3521000513815', '3815', 4, '2026-02-09 06:23:44'),
('3521000549933', '9933', 4, '2026-02-09 06:23:44'),
('3521000552675', '2675', 4, '2026-02-09 06:23:44'),
('3521000557944', '7944', 4, '2026-02-09 06:23:44'),
('3521000647684', '7684', 4, '2026-02-09 06:23:44'),
('3521100037004', '7004', 4, '2026-02-09 06:23:44'),
('3521100046542', '6542', 4, '2026-02-09 06:23:44'),
('3521100053379', '3379', 4, '2026-02-09 06:23:44'),
('3521100071091', '1091', 4, '2026-02-09 06:23:44'),
('3521100074821', '4821', 4, '2026-02-09 06:23:44'),
('3521100096027', '6027', 4, '2026-02-09 06:23:44'),
('3521100177701', '7701', 4, '2026-02-09 06:23:44'),
('3521100203966', '3966', 4, '2026-02-09 06:23:44'),
('3521200003543', '3543', 4, '2026-02-09 06:23:44'),
('3521200011741', '1741', 4, '2026-02-09 06:23:44'),
('3521200027370', '7370', 4, '2026-02-09 06:23:44'),
('3521200029569', '9569', 4, '2026-02-09 06:23:44'),
('3521200035691', '5691', 4, '2026-02-09 06:23:44'),
('3521200044436', '4436', 4, '2026-02-09 06:23:44'),
('3521200054113', '4113', 4, '2026-02-09 06:23:44'),
('3521200072481', '2481', 4, '2026-02-09 06:23:44'),
('3521200098803', '8803', 4, '2026-02-09 06:23:44'),
('3521200114248', '4248', 4, '2026-02-09 06:23:44'),
('3521200116534', '6534', 4, '2026-02-09 06:23:44'),
('3521200120868', '0868', 4, '2026-02-09 06:23:44'),
('3521200126947', '6947', 4, '2026-02-09 06:23:44'),
('3521200133731', '3731', 4, '2026-02-09 06:23:44'),
('3521200134419', '4419', 4, '2026-02-09 06:23:44'),
('3521200158890', '8890', 4, '2026-02-09 06:23:44'),
('3521200167899', '7899', 4, '2026-02-09 06:23:44'),
('3521200168470', '8470', 4, '2026-02-09 06:23:44'),
('3521200241851', '1851', 4, '2026-02-09 06:23:44'),
('3521200241908', '1908', 4, '2026-02-09 06:23:44'),
('3521200255640', '5640', 4, '2026-02-09 06:23:44'),
('3521200257006', '7006', 4, '2026-02-09 06:23:44'),
('3521200265271', '5271', 4, '2026-02-09 06:23:44'),
('3521200269195', '9195', 4, '2026-02-09 06:23:44'),
('3521200274601', '4601', 4, '2026-02-09 06:23:44'),
('3521200285069', '5069', 4, '2026-02-09 06:23:44'),
('3521200295676', '5676', 4, '2026-02-09 06:23:44'),
('3521200324790', '4790', 4, '2026-02-09 06:23:44'),
('3521200324986', '4986', 4, '2026-02-09 06:23:44'),
('3521200335198', '5198', 4, '2026-02-09 06:23:44'),
('3521200353722', '3722', 4, '2026-02-09 06:23:44'),
('3521200371631', '1631', 4, '2026-02-09 06:23:44'),
('3521200396103', '6103', 4, '2026-02-09 06:23:44'),
('3521200396227', '6227', 4, '2026-02-09 06:23:44'),
('3521200400682', '0682', 4, '2026-02-09 06:23:44'),
('3521200412311', '2311', 4, '2026-02-09 06:23:44'),
('3521200422171', '2171', 4, '2026-02-09 06:23:44'),
('3521200422333', '2333', 4, '2026-02-09 06:23:44'),
('3521200434447', '4447', 4, '2026-02-09 06:23:44'),
('3521200452160', '2160', 4, '2026-02-09 06:23:44'),
('3521200459113', '9113', 4, '2026-02-09 06:23:44'),
('3521200463811', '3811', 4, '2026-02-09 06:23:44'),
('3521300006943', '6943', 4, '2026-02-09 06:23:44'),
('3521300031964', '1964', 4, '2026-02-09 06:23:44'),
('3521300038641', '8641', 4, '2026-02-09 06:23:44'),
('3521300039108', '9108', 4, '2026-02-09 06:23:44'),
('3521300069996', '9996', 4, '2026-02-09 06:23:44'),
('3521300081261', '1261', 4, '2026-02-09 06:23:44'),
('3521300100192', '0192', 4, '2026-02-09 06:23:44'),
('3521300103256', '3256', 4, '2026-02-09 06:23:44'),
('3521300107995', '7995', 4, '2026-02-09 06:23:44'),
('3521300154951', '4951', 4, '2026-02-09 06:23:44'),
('3521300176954', '6954', 4, '2026-02-09 06:23:44'),
('3521300183683', '3683', 4, '2026-02-09 06:23:44'),
('3521300193794', '3794', 4, '2026-02-09 06:23:44'),
('3521300210290', '0290', 4, '2026-02-09 06:23:44'),
('3521300217600', '7600', 4, '2026-02-09 06:23:44'),
('3521300220805', '0805', 4, '2026-02-09 06:23:44'),
('3521300252197', '2197', 4, '2026-02-09 06:23:44'),
('3521300288442', '8442', 4, '2026-02-09 06:23:44'),
('3529900026489', '6489', 4, '2026-02-09 06:23:44'),
('3529900033515', '3515', 4, '2026-02-09 06:23:44'),
('3529900053966', '3966', 4, '2026-02-09 06:23:44'),
('3529900060903', '0903', 4, '2026-02-09 06:23:44'),
('3529900063571', '3571', 4, '2026-02-09 06:23:44'),
('3529900063805', '3805', 4, '2026-02-09 06:23:44'),
('3529900086953', '6953', 4, '2026-02-09 06:23:44'),
('3529900088484', '8484', 4, '2026-02-09 06:23:44'),
('3529900100921', '0921', 4, '2026-02-09 06:23:44'),
('3529900106016', '6016', 4, '2026-02-09 06:23:44'),
('3529900127439', '7439', 4, '2026-02-09 06:23:44'),
('3529900153375', '3375', 4, '2026-02-09 06:23:44'),
('3529900154401', '4401', 4, '2026-02-09 06:23:44'),
('3529900157656', '7656', 4, '2026-02-09 06:23:44'),
('3529900157796', '7796', 4, '2026-02-09 06:23:44'),
('3529900157966', '7966', 4, '2026-02-09 06:23:44'),
('3529900163044', '3044', 4, '2026-02-09 06:23:44'),
('3529900168208', '8208', 4, '2026-02-09 06:23:44'),
('3529900174411', '4411', 4, '2026-02-09 06:23:44'),
('3529900176669', '6669', 4, '2026-02-09 06:23:44'),
('3529900190114', '0114', 4, '2026-02-09 06:23:44'),
('3529900193946', '3946', 4, '2026-02-09 06:23:44'),
('3529900209257', '9257', 4, '2026-02-09 06:23:44'),
('3529900216946', '6946', 4, '2026-02-09 06:23:44'),
('3529900218078', '8078', 4, '2026-02-09 06:23:44'),
('3529900225040', '5040', 4, '2026-02-09 06:23:44'),
('3529900230884', '0884', 4, '2026-02-09 06:23:44'),
('3529900234618', '4618', 4, '2026-02-09 06:23:44'),
('3529900238532', '8532', 4, '2026-02-09 06:23:44'),
('3529900239181', '9181', 4, '2026-02-09 06:23:44'),
('3529900250656', '0656', 4, '2026-02-09 06:23:44'),
('3529900262701', '2701', 4, '2026-02-09 06:23:44'),
('3529900265866', '5866', 4, '2026-02-09 06:23:44'),
('3529900288611', '8611', 4, '2026-02-09 06:23:44'),
('3529900293479', '3479', 4, '2026-02-09 06:23:44'),
('3529900334213', '4213', 4, '2026-02-09 06:23:44'),
('3529900339673', '9673', 4, '2026-02-09 06:23:44'),
('3529900341643', '1643', 4, '2026-02-09 06:23:44'),
('3529900345193', '5193', 4, '2026-02-09 06:23:44'),
('3529900345738', '5738', 4, '2026-02-09 06:23:44'),
('3529900346475', '6475', 4, '2026-02-09 06:23:44'),
('3529900363132', '3132', 4, '2026-02-09 06:23:44'),
('3529900368649', '8649', 4, '2026-02-09 06:23:44'),
('3529900380967', '0967', 4, '2026-02-09 06:23:44'),
('3529900390831', '0831', 4, '2026-02-09 06:23:44'),
('3529900392884', '2884', 4, '2026-02-09 06:23:44'),
('3529900399391', '9391', 4, '2026-02-09 06:23:44'),
('3529900399765', '9765', 4, '2026-02-09 06:23:44'),
('3529900400615', '0615', 4, '2026-02-09 06:23:44'),
('3529900401085', '1085', 4, '2026-02-09 06:23:44'),
('3529900403894', '3894', 4, '2026-02-09 06:23:44'),
('3529900440994', '0994', 4, '2026-02-09 06:23:44'),
('3530100894119', '4119', 4, '2026-02-09 06:23:44'),
('3530101051280', '1280', 4, '2026-02-09 06:23:44'),
('3530300059612', '9612', 4, '2026-02-09 06:23:44'),
('3530400214962', '4962', 4, '2026-02-09 06:23:44'),
('3530600061639', '1639', 4, '2026-02-09 06:23:44'),
('3530700029931', '9931', 4, '2026-02-09 06:23:44'),
('3530700064656', '4656', 4, '2026-02-09 06:23:44'),
('3530700225447', '5447', 4, '2026-02-09 06:23:44'),
('3530700231595', '1595', 4, '2026-02-09 06:23:44'),
('3539900015797', '5797', 4, '2026-02-09 06:23:44'),
('3539900287789', '7789', 4, '2026-02-09 06:23:44'),
('3540100045324', '5324', 4, '2026-02-09 06:23:44'),
('3540100637281', '7281', 4, '2026-02-09 06:23:44'),
('3540100959334', '9334', 4, '2026-02-09 06:23:44'),
('3540300271051', '1051', 4, '2026-02-09 06:23:44'),
('3540300398158', '8158', 4, '2026-02-09 06:23:44'),
('3540300436980', '6980', 4, '2026-02-09 06:23:44'),
('3540400356091', '6091', 4, '2026-02-09 06:23:44'),
('3540400542935', '2935', 4, '2026-02-09 06:23:44'),
('3540500280053', '0053', 4, '2026-02-09 06:23:44'),
('3540700128344', '8344', 4, '2026-02-09 06:23:44'),
('3540700187120', '7120', 4, '2026-02-09 06:23:44'),
('3540700220615', '0615', 4, '2026-02-09 06:23:44'),
('3540700286144', '6144', 4, '2026-02-09 06:23:44'),
('3550100602479', '2479', 4, '2026-02-09 06:23:44'),
('3550300037732', '7732', 4, '2026-02-09 06:23:44'),
('3550400289504', '9504', 4, '2026-02-09 06:23:44'),
('3550600014541', '4541', 4, '2026-02-09 06:23:44'),
('3550600347281', '7281', 4, '2026-02-09 06:23:44'),
('3550700050728', '0728', 4, '2026-02-09 06:23:44'),
('3550700099182', '9182', 4, '2026-02-09 06:23:44'),
('3550700224351', '4351', 4, '2026-02-09 06:23:44'),
('3550700404082', '4082', 4, '2026-02-09 06:23:44'),
('3550900065591', '5591', 4, '2026-02-09 06:23:44'),
('3559900086244', '6244', 4, '2026-02-09 06:23:44'),
('3559900125037', '5037', 4, '2026-02-09 06:23:44'),
('3560100742017', '2017', 4, '2026-02-09 06:23:44'),
('3560200019392', '9392', 4, '2026-02-09 06:23:44'),
('3560200218298', '8298', 4, '2026-02-09 06:23:44'),
('3560200265954', '5954', 4, '2026-02-09 06:23:44'),
('3560300072694', '2694', 4, '2026-02-09 06:23:44'),
('3560300141777', '1777', 4, '2026-02-09 06:23:44'),
('3560300242727', '2727', 4, '2026-02-09 06:23:44'),
('3560300948956', '8956', 4, '2026-02-09 06:23:44'),
('3560400159112', '9112', 4, '2026-02-09 06:23:44'),
('3560500437271', '7271', 4, '2026-02-09 06:23:44'),
('3560500468613', '8613', 4, '2026-02-09 06:23:44'),
('3560500499683', '9683', 4, '2026-02-09 06:23:44'),
('3560700262954', '2954', 4, '2026-02-09 06:23:44'),
('3569900080041', '0041', 4, '2026-02-09 06:23:44'),
('3569900138520', '8520', 4, '2026-02-09 06:23:44'),
('3570100066402', '6402', 4, '2026-02-09 06:23:44'),
('3570100511287', '1287', 4, '2026-02-09 06:23:44'),
('3570101371799', '1799', 4, '2026-02-09 06:23:44'),
('3570200228277', '8277', 4, '2026-02-09 06:23:44'),
('3570300081464', '1464', 4, '2026-02-09 06:23:44'),
('3570300602731', '2731', 4, '2026-02-09 06:23:44'),
('3570400766078', '6078', 4, '2026-02-09 06:23:44'),
('3570401003850', '3850', 4, '2026-02-09 06:23:44'),
('3570500431337', '1337', 4, '2026-02-09 06:23:44'),
('3570500588651', '8651', 4, '2026-02-09 06:23:44'),
('3570500940711', '0711', 4, '2026-02-09 06:23:44'),
('3570501202137', '2137', 4, '2026-02-09 06:23:44'),
('3570600116611', '6611', 4, '2026-02-09 06:23:44'),
('3570700567771', '7771', 4, '2026-02-09 06:23:44'),
('3570800151429', '1429', 4, '2026-02-09 06:23:44'),
('3570800247752', '7752', 4, '2026-02-09 06:23:44'),
('3570900059567', '9567', 4, '2026-02-09 06:23:44'),
('3570900110473', '0473', 4, '2026-02-09 06:23:44'),
('3571100166645', '6645', 4, '2026-02-09 06:23:44'),
('3571100365842', '5842', 4, '2026-02-09 06:23:44'),
('3571100377387', '7387', 4, '2026-02-09 06:23:44'),
('3571100400141', '0141', 4, '2026-02-09 06:23:44'),
('3571100442758', '2758', 4, '2026-02-09 06:23:44'),
('3579900043821', '3821', 4, '2026-02-09 06:23:44'),
('3579900276931', '6931', 4, '2026-02-09 06:23:44'),
('3580200010581', '0581', 4, '2026-02-09 06:23:44'),
('3580200105752', '5752', 4, '2026-02-09 06:23:44'),
('3580500007551', '7551', 4, '2026-02-09 06:23:44'),
('3580500058202', '8202', 4, '2026-02-09 06:23:44'),
('3580500181578', '1578', 4, '2026-02-09 06:23:44'),
('3589900021380', '1380', 4, '2026-02-09 06:23:44'),
('3589900042255', '2255', 4, '2026-02-09 06:23:44'),
('3600100908712', '8712', 4, '2026-02-09 06:23:44'),
('3600800106759', '6759', 4, '2026-02-09 06:23:44'),
('3601000080616', '0616', 4, '2026-02-09 06:23:44'),
('3609900325981', '5981', 4, '2026-02-09 06:23:44'),
('3610400047194', '7194', 4, '2026-02-09 06:23:44'),
('3610400208473', '8473', 4, '2026-02-09 06:23:44'),
('3619900147242', '7242', 4, '2026-02-09 06:23:44'),
('3620101841093', '1093', 4, '2026-02-09 06:23:44'),
('3620200286012', '6012', 4, '2026-02-09 06:23:44'),
('3620400040971', '0971', 4, '2026-02-09 06:23:44'),
('3620501281907', '1907', 4, '2026-02-09 06:23:44'),
('3630100005640', '5640', 4, '2026-02-09 06:23:44'),
('3630300239725', '9725', 4, '2026-02-09 06:23:44'),
('3630400094281', '4281', 4, '2026-02-09 06:23:44'),
('3630700015786', '5786', 4, '2026-02-09 06:23:44'),
('3630800062590', '2590', 4, '2026-02-09 06:23:44'),
('3640200006397', '6397', 4, '2026-02-09 06:23:44'),
('3640600009229', '9229', 4, '2026-02-09 06:23:44'),
('3640700600026', '0026', 4, '2026-02-09 06:23:44'),
('3650100073505', '3505', 4, '2026-02-09 06:23:44'),
('3650100424294', '4294', 4, '2026-02-09 06:23:44'),
('3650200608940', '8940', 4, '2026-02-09 06:23:44'),
('3650800109944', '9944', 4, '2026-02-09 06:23:44'),
('3650900420765', '0765', 4, '2026-02-09 06:23:44'),
('3659900209094', '9094', 4, '2026-02-09 06:23:44'),
('3659900688618', '8618', 4, '2026-02-09 06:23:44'),
('3659900688626', '8626', 4, '2026-02-09 06:23:44'),
('3670300544072', '4072', 4, '2026-02-09 06:23:44'),
('3670600117536', '7536', 4, '2026-02-09 06:23:44'),
('3700300301896', '1896', 4, '2026-02-09 06:23:44'),
('3700400073615', '3615', 4, '2026-02-09 06:23:44'),
('3710500914531', '4531', 4, '2026-02-09 06:23:44'),
('3720500135582', '5582', 4, '2026-02-09 06:23:44'),
('3740100333115', '3115', 4, '2026-02-09 06:23:44'),
('3740200483305', '3305', 4, '2026-02-09 06:23:44'),
('3749800072851', '2851', 4, '2026-02-09 06:23:44'),
('3750200047971', '7971', 4, '2026-02-09 06:23:44'),
('3769900268138', '8138', 4, '2026-02-09 06:23:44'),
('3779800091295', '1295', 4, '2026-02-09 06:23:44'),
('3800300208747', '8747', 4, '2026-02-09 06:23:44'),
('3800400821530', '1530', 4, '2026-02-09 06:23:44'),
('3809900488919', '8919', 4, '2026-02-09 06:23:44'),
('3840600212669', '2669', 4, '2026-02-09 06:23:44'),
('3900200192635', '2635', 4, '2026-02-09 06:23:44'),
('3929900388166', '8166', 4, '2026-02-09 06:23:44'),
('3930100040922', '0922', 4, '2026-02-09 06:23:44'),
('3930600042584', '2584', 4, '2026-02-09 06:23:44'),
('4510400001541', '1541', 4, '2026-02-09 06:23:44'),
('4519900001921', '1921', 4, '2026-02-09 06:23:44'),
('4520400001126', '1126', 4, '2026-02-09 06:23:44'),
('4521300001044', '1044', 4, '2026-02-09 06:23:44'),
('5101699014094', '4094', 4, '2026-02-09 06:23:44'),
('5302000038601', '8601', 4, '2026-02-09 06:23:44'),
('5501290011920', '1920', 4, '2026-02-09 06:23:44'),
('5509900091520', '1520', 4, '2026-02-09 06:23:44'),
('5510100022932', '2932', 4, '2026-02-09 06:23:44'),
('5510190005609', '5609', 4, '2026-02-09 06:23:44'),
('5510190005633', '5633', 4, '2026-02-09 06:23:44'),
('5510600025485', '5485', 4, '2026-02-09 06:23:44'),
('5510600026961', '6961', 4, '2026-02-09 06:23:44'),
('5510690009603', '9603', 4, '2026-02-09 06:23:44'),
('5520100019125', '9125', 4, '2026-02-09 06:23:44'),
('5520100068053', '8053', 4, '2026-02-09 06:23:44'),
('5520190007733', '7733', 4, '2026-02-09 06:23:44'),
('5520190027017', '7017', 4, '2026-02-09 06:23:44'),
('5520190050035', '0035', 4, '2026-02-09 06:23:44'),
('5520300001157', '1157', 4, '2026-02-09 06:23:44'),
('5520700016810', '6810', 4, '2026-02-09 06:23:44'),
('5520700024278', '4278', 4, '2026-02-09 06:23:44'),
('5520990001586', '1586', 4, '2026-02-09 06:23:44'),
('5521090000096', '0096', 4, '2026-02-09 06:23:44'),
('5521290000545', '0545', 4, '2026-02-09 06:23:44'),
('5529990003129', '3129', 4, '2026-02-09 06:23:44'),
('5550500259077', '9077', 4, '2026-02-09 06:23:44'),
('5550500615949', '5949', 4, '2026-02-09 06:23:44'),
('5551200002497', '2497', 4, '2026-02-09 06:23:44'),
('5560190005129', '5129', 4, '2026-02-09 06:23:44'),
('5671100002818', '2818', 4, '2026-02-09 06:23:44');

--
-- Indexes for dumped tables
--

--
-- Indexes for table `combined_data`
--
ALTER TABLE `combined_data`
  ADD PRIMARY KEY (`pid`),
  ADD KEY `role_id` (`role_id`),
  ADD KEY `pid` (`pid`),
  ADD KEY `fk_combined_prefix` (`prefix`);

--
-- Indexes for table `pdf_management`
--
ALTER TABLE `pdf_management`
  ADD PRIMARY KEY (`pid`);

--
-- Indexes for table `prefix`
--
ALTER TABLE `prefix`
  ADD PRIMARY KEY (`prefix_id`),
  ADD UNIQUE KEY `prefix` (`prefix`);

--
-- Indexes for table `role`
--
ALTER TABLE `role`
  ADD PRIMARY KEY (`role_id`);

--
-- Indexes for table `tax_records`
--
ALTER TABLE `tax_records`
  ADD PRIMARY KEY (`pid`),
  ADD KEY `fk_tax_prefix` (`prefix`);

--
-- Indexes for table `tax_reports`
--
ALTER TABLE `tax_reports`
  ADD PRIMARY KEY (`id`),
  ADD KEY `idx_id_card` (`pid`);

--
-- Indexes for table `users`
--
ALTER TABLE `users`
  ADD PRIMARY KEY (`username`),
  ADD KEY `fk_user_role` (`role`);

--
-- AUTO_INCREMENT for dumped tables
--

--
-- AUTO_INCREMENT for table `prefix`
--
ALTER TABLE `prefix`
  MODIFY `prefix_id` int(11) NOT NULL AUTO_INCREMENT, AUTO_INCREMENT=14;

--
-- AUTO_INCREMENT for table `tax_reports`
--
ALTER TABLE `tax_reports`
  MODIFY `id` int(11) NOT NULL AUTO_INCREMENT, AUTO_INCREMENT=895;

--
-- Constraints for dumped tables
--

--
-- Constraints for table `combined_data`
--
ALTER TABLE `combined_data`
  ADD CONSTRAINT `combined_data_ibfk_1` FOREIGN KEY (`role_id`) REFERENCES `role` (`role_id`),
  ADD CONSTRAINT `fk_combined_prefix` FOREIGN KEY (`prefix`) REFERENCES `prefix` (`prefix_id`) ON DELETE SET NULL ON UPDATE CASCADE;

--
-- Constraints for table `pdf_management`
--
ALTER TABLE `pdf_management`
  ADD CONSTRAINT `fk_pdf_user` FOREIGN KEY (`pid`) REFERENCES `combined_data` (`pid`) ON DELETE CASCADE ON UPDATE CASCADE;

--
-- Constraints for table `tax_records`
--
ALTER TABLE `tax_records`
  ADD CONSTRAINT `fk_tax_prefix` FOREIGN KEY (`prefix`) REFERENCES `prefix` (`prefix_id`) ON DELETE SET NULL ON UPDATE CASCADE;

--
-- Constraints for table `tax_reports`
--
ALTER TABLE `tax_reports`
  ADD CONSTRAINT `fk_reports_to_records` FOREIGN KEY (`pid`) REFERENCES `tax_records` (`pid`) ON DELETE CASCADE ON UPDATE CASCADE;

--
-- Constraints for table `users`
--
ALTER TABLE `users`
  ADD CONSTRAINT `fk_user_role` FOREIGN KEY (`role`) REFERENCES `role` (`role_id`) ON DELETE CASCADE ON UPDATE CASCADE;
COMMIT;

/*!40101 SET CHARACTER_SET_CLIENT=@OLD_CHARACTER_SET_CLIENT */;
/*!40101 SET CHARACTER_SET_RESULTS=@OLD_CHARACTER_SET_RESULTS */;
/*!40101 SET COLLATION_CONNECTION=@OLD_COLLATION_CONNECTION */;
